complaint_id,event_id,student_key,complaint_text,category,template_group,evaluation_fold,campus,zone,facility,facility_type,floor,room,latitude,longitude,day_name,hour,observed_at,impact_rating,severity,occupancy_pct,humidity_pct,recurring,status,resolution_hours,has_image,is_seeded_anomaly,source_system,complaint_clean,full_date,time_band,occupancy_band,humidity_band,impact_normalized,occupancy_standardized,humidity_standardized,service_sessions,report_conversions,mean_dwell_seconds
CL-11949,EV-202601-0389,ANON-0247,"for the second time this week the wired connection cannot reach institute services in CL1-B; and it interrupts scheduled teaching, and it interrupts scheduled teaching at 8:52 case 1949",Network,Network:7,2,JIIT Sector 62,Labs & Research,CL1,lab,Ground Floor,CL1-B,28.62958,77.37248,Tuesday,8,2026-01-13T03:22:00+00:00,1,Critical,35,60,0,Resolved,4.99,0,0,kiosk,for the second time this week the wired connection cannot reach institute services in cl1-b and it interrupts scheduled teaching and it interrupts scheduled teaching at 8:52 case 1949,2026-01-13,8-10,Low,Medium,0.0,-1.44291,0.28028,1.0,0.0,30.0
CL-10895,EV-202510-0179,ANON-0090,"a repeated observation is that the display cable and wall port need repair in CL22-A; and the issue lasts more than ten minutes, and several students are affected at 12:24 case 895",Infrastructure,Infrastructure:3,3,JIIT Sector 62,Labs & Research,CL22,lab,Floor 2,CL22-A,28.62986,77.37266,Friday,12,2025-10-17T06:54:00+00:00,5,Low,88,64,1,Resolved,4.41,0,0,web,a repeated observation is that the display cable and wall port need repair in cl22-a and the issue lasts more than ten minutes and several students are affected at 12:24 case 895,2025-10-17,10-12,High,Medium,1.0,1.27417,0.56135,2.0,0.0,49.0
CL-11947,EV-202601-0389,ANON-0239,"an urgent maintenance check is needed because a switchboard becomes warm during operation in ECE-201; the electrical supply needs inspection, near the main entrance to the space at 10:52 case 1947",Electrical,Electrical:8,3,JIIT Sector 62,Labs & Research,ECE Labs,lab,Floor 2,ECE-201,28.62974,77.37282,Tuesday,10,2026-01-13T05:22:00+00:00,5,Low,62,34,0,Resolved,4.44,0,0,web,an urgent maintenance check is needed because a switchboard becomes warm during operation in ece-201 the electrical supply needs inspection near the main entrance to the space at 10:52 case 1947,2026-01-13,8-10,Medium,Low,1.0,-0.05874,-1.54668,1.0,0.0,92.0
CL-12165,EV-202601-0433,ANON-0366,"during the latest session water pressure is too low for normal use in H4 Corridor 2; during a regular teaching period, during a regular teaching period at 16:33 case 2165",Water,Water:2,2,JIIT Sector 62,Hostels,H4 Boys Hostel,hostel,Floor 2,H4 Corridor 2,28.63062,77.37262,Saturday,16,2026-01-31T11:03:00+00:00,1,Critical,70,48,1,Resolved,4.48,1,0,mobile,during the latest session water pressure is too low for normal use in h4 corridor 2 during a regular teaching period during a regular teaching period at 16:33 case 2165,2026-01-31,2-4,Medium,Low,0.0,0.35139,-0.56293,0.0,0.0,0.0
CL-10452,EV-202509-0090,ANON-0699,"an urgent maintenance check is needed because signage for the room is missing in Visitor Parking; the physical infrastructure needs attention, and the condition has become more frequent at 15:31 case 452",Infrastructure,Infrastructure:8,3,JIIT Sector 62,General & Utilities,Parking,outdoor,Outdoor,Visitor Parking,28.62945,77.37222,Thursday,15,2025-09-11T10:01:00+00:00,3,Medium,40,54,1,In Progress,6.79,0,0,web,an urgent maintenance check is needed because signage for the room is missing in visitor parking the physical infrastructure needs attention and the condition has become more frequent at 15:31 case 452,2025-09-11,2-4,Low,Medium,0.5,-1.18658,-0.14133,2.0,1.0,34.0
CL-10244,EV-202508-0048,ANON-0111,"for the second time this week order processing has stopped at one counter in GH Common Room; and several students are affected, and it interrupts scheduled teaching at 14:04 case 244",Canteen,Canteen:7,2,JIIT Sector 62,Hostels,Girls Hostel,hostel,Ground Floor,GH Common Room,28.63087,77.37294,Sunday,14,2025-08-24T08:34:00+00:00,1,Critical,60,39,0,Verified,5.54,1,0,mobile,for the second time this week order processing has stopped at one counter in gh common room and several students are affected and it interrupts scheduled teaching at 14:04 case 244,2025-08-24,12-2,Medium,Low,0.0,-0.16127,-1.19534,1.0,1.0,10.0
CL-11946,EV-202601-0389,ANON-0263,"during the latest session students are waiting too long for food service in Food Court; and it interrupts scheduled teaching, during a regular teaching period at 10:48 case 1946",Canteen,Canteen:2,2,JIIT Sector 62,Food,Cafeteria / Canteen,food,Ground Floor,Food Court,28.63031,77.37298,Tuesday,10,2026-01-13T05:18:00+00:00,3,Medium,85,63,0,Open,3.38,0,0,mobile,during the latest session students are waiting too long for food service in food court and it interrupts scheduled teaching during a regular teaching period at 10:48 case 1946,2026-01-13,8-10,High,Medium,0.5,1.12037,0.49108,0.0,0.0,0.0
CL-12492,EV-202602-0498,ANON-0500,"the current problem is that a chair is blocking the aisle because its leg is broken in G2; the physical infrastructure needs attention, and several students are affected at 10:08 case 2492",Infrastructure,Infrastructure:4,4,JIIT Sector 62,Academic & Teaching,Aryabhatt Bhawan III,academic,Floor 2,G2,28.6299,77.37315,Saturday,10,2026-02-28T04:38:00+00:00,5,Low,51,52,0,Verified,2.71,0,0,mobile,the current problem is that a chair is blocking the aisle because its leg is broken in g2 the physical infrastructure needs attention and several students are affected at 10:08 case 2492,2026-02-28,8-10,Medium,Medium,1.0,-0.62266,-0.28186,4.0,1.0,55.5
CL-12577,EV-202603-0515,ANON-0677,"a repeated observation is that the wash area needs urgent sanitation in TS12; while another campus service remains normal, without any warning notice at 18:19 case 2577",Canteen,Cleanliness:3,3,JIIT Sector 62,Academic & Teaching,A2/1,academic,Floor 1,TS12,28.6301,77.37255,Saturday,18,2026-03-07T12:49:00+00:00,1,Critical,63,36,0,Resolved,8.68,0,0,mobile,a repeated observation is that the wash area needs urgent sanitation in ts12 while another campus service remains normal without any warning notice at 18:19 case 2577,2026-03-07,4-7,Medium,Low,0.0,-0.00747,-1.40615,1.0,1.0,78.0
CL-10558,EV-202509-0111,ANON-0695,"during the latest session students are waiting too long for food service in Visitor Parking; and the condition has become more frequent, and the issue lasts more than ten minutes at 10:09 case 558",Canteen,Canteen:2,2,JIIT Sector 62,General & Utilities,Parking,outdoor,Outdoor,Visitor Parking,28.62945,77.37222,Friday,10,2025-09-19T04:39:00+00:00,2,High,47,33,0,In Progress,7.2,0,0,mobile,during the latest session students are waiting too long for food service in visitor parking and the condition has become more frequent and the issue lasts more than ten minutes at 10:09 case 558,2025-09-19,8-10,Medium,Low,0.25,-0.82772,-1.61695,1.0,0.0,22.0
CL-10689,EV-202509-0137,ANON-0249,"the class representative confirmed that backup power did not activate during an interruption in CL15-A; the electrical supply needs inspection, and the issue lasts more than ten minutes at 15:16 case 689",Electrical,Electrical:9,4,JIIT Sector 62,Labs & Research,CL15,lab,Floor 1,CL15-A,28.62978,77.37254,Tuesday,15,2025-09-30T09:46:00+00:00,1,Critical,46,47,0,Resolved,6.49,0,0,mobile,the class representative confirmed that backup power did not activate during an interruption in cl15-a the electrical supply needs inspection and the issue lasts more than ten minutes at 15:16 case 689,2025-09-30,2-4,Medium,Low,0.0,-0.87899,-0.6332,0.0,0.0,0.0
CL-11683,EV-202512-0336,ANON-0477,"for the second time this week the lecture-room screen does not lower correctly in TS12; and several students are affected, although nearby rooms remain usable at 13:15 case 1683",Infrastructure,Infrastructure:7,2,JIIT Sector 62,Academic & Teaching,A2/1,academic,Floor 1,TS12,28.6301,77.37255,Monday,13,2025-12-22T07:45:00+00:00,4,Low,53,47,1,Resolved,7.41,0,0,mobile,for the second time this week the lecture-room screen does not lower correctly in ts12 and several students are affected although nearby rooms remain usable at 13:15 case 1683,2025-12-22,12-2,Medium,Low,0.75,-0.52013,-0.6332,1.0,0.0,43.0
CL-11761,EV-202512-0352,ANON-0492,"the class representative confirmed that backup power did not activate during an interruption in G2; and several students are affected, after normal troubleshooting was attempted at 13:13 case 1761",Electrical,Electrical:9,4,JIIT Sector 62,Academic & Teaching,Aryabhatt Bhawan III,academic,Floor 2,G2,28.6299,77.37315,Monday,13,2025-12-29T07:43:00+00:00,4,Low,74,52,0,Open,3.24,0,0,web,the class representative confirmed that backup power did not activate during an interruption in g2 and several students are affected after normal troubleshooting was attempted at 13:13 case 1761,2025-12-29,12-2,High,Medium,0.75,0.55645,-0.28186,3.0,2.0,13.666666666666666
CL-11449,EV-202512-0289,ANON-0710,"a repeated observation is that a power socket is loose and unsafe in H5 Corridor 2; near the main entrance to the space, and it interrupts scheduled teaching at 16:09 case 1449",Electrical,Electrical:3,3,JIIT Sector 62,Hostels,H5 Boys Hostel,hostel,Floor 2,H5 Corridor 2,28.63075,77.37278,Wednesday,16,2025-12-03T10:39:00+00:00,4,Low,56,81,0,Resolved,5.02,0,0,mobile,a repeated observation is that a power socket is loose and unsafe in h5 corridor 2 near the main entrance to the space and it interrupts scheduled teaching at 16:09 case 1449,2025-12-03,2-4,Medium,High,0.75,-0.36633,1.7559,0.0,0.0,0.0
CL-11993,EV-202601-0398,ANON-0316,"please investigate because the ceiling fans are not operating in TS12; while another campus service remains normal, and the issue lasts more than ten minutes at 17:03 case 1993",Electrical,Electrical:0,0,JIIT Sector 62,Academic & Teaching,A2/1,academic,Floor 1,TS12,28.6301,77.37255,Saturday,17,2026-01-17T11:33:00+00:00,2,High,53,43,0,Resolved,4.84,0,0,web,please investigate because the ceiling fans are not operating in ts12 while another campus service remains normal and the issue lasts more than ten minutes at 17:03 case 1993,2026-01-17,4-7,Medium,Low,0.25,-0.52013,-0.91427,2.0,1.0,55.5
CL-11115,EV-202511-0223,ANON-0338,"DURING THE LATEST SESSION THE COMMON AREA IS OVERCROWDED IN FF6; CAMPUS OPERATIONS ARE BEING DISRUPTED, AND THE ISSUE LASTS MORE THAN TEN MINUTES AT 18:19 CASE 1115   !!!",Other,Other:2,2,JIIT Sector 62,Academic & Teaching,Aryabhatt Bhawan III,academic,Floor 3,FF6,28.6299,77.37315,Wednesday,18,2025-11-05T12:49:00+00:00,4,Low,47,53,0,Resolved,5.26,0,0,web,during the latest session the common area is overcrowded in ff6 campus operations are being disrupted and the issue lasts more than ten minutes at 18:19 case 1115,2025-11-05,4-7,Medium,Medium,0.75,-0.82772,-0.21159,1.0,1.0,27.0
CL-11906,EV-202601-0381,ANON-0784,"the class representative confirmed that the login portal loops without granting access in CL15-B; and the issue lasts more than ten minutes, and it interrupts scheduled teaching at 18:44 case 1906",Network,Network:9,4,JIIT Sector 62,Labs & Research,CL15,lab,Floor 1,CL15-B,28.62978,77.37254,Saturday,18,2026-01-10T13:14:00+00:00,1,Critical,86,45,0,Verified,5.29,1,0,mobile,the class representative confirmed that the login portal loops without granting access in cl15-b and the issue lasts more than ten minutes and it interrupts scheduled teaching at 18:44 case 1906,2026-01-10,4-7,High,Low,0.0,1.17164,-0.77374,1.0,0.0,35.0
CL-11458,EV-202512-0291,ANON-0151,"please investigate because the service queue is moving very slowly in CL15-B; while the area is moderately occupied, and several students are affected at 12:08 case 1458",Canteen,Canteen:0,0,JIIT Sector 62,Labs & Research,CL15,lab,Floor 1,CL15-B,28.62978,77.37254,Wednesday,12,2025-12-03T06:38:00+00:00,2,High,23,37,1,In Progress,5.98,1,0,mobile,please investigate because the service queue is moving very slowly in cl15-b while the area is moderately occupied and several students are affected at 12:08 case 1458,2025-12-03,10-12,Low,Low,0.25,-2.0581,-1.33588,1.0,0.0,46.0
CL-12511,EV-202603-0502,ANON-0190,"a repeated observation is that internet speed falls below a usable level in G6; and staff assistance has been requested, while the area is moderately occupied at 11:25 case 2511",Network,Network:3,3,JIIT Sector 62,Academic & Teaching,A2/2,academic,Ground Floor,G6,28.63024,77.37275,Sunday,11,2026-03-01T05:55:00+00:00,1,Critical,82,61,0,Resolved,7.71,0,0,web,a repeated observation is that internet speed falls below a usable level in g6 and staff assistance has been requested while the area is moderately occupied at 11:25 case 2511,2026-03-01,10-12,High,Medium,0.0,0.96658,0.35055,3.0,0.0,58.333333333333336
CL-10692,EV-202510-0138,ANON-0567,"for the second time this week the wired connection cannot reach institute services in Gym; while another campus service remains normal, while another campus service remains normal at 18:06 case 692",Network,Network:7,2,JIIT Sector 62,Sports & Recreation,Sports Complex,sports,Ground Floor,Gym,28.63102,77.37322,Wednesday,18,2025-10-01T12:36:00+00:00,2,High,80,51,1,Resolved,5.01,0,0,mobile,for the second time this week the wired connection cannot reach institute services in gym while another campus service remains normal while another campus service remains normal at 18:06 case 692,2025-10-01,4-7,High,Medium,0.25,0.86404,-0.35213,3.0,1.0,28.0
CL-12284,EV-202602-0456,ANON-0413,"the current problem is that the room loses power for short intervals in H4 Corridor 2; the electrical supply needs inspection, and the condition has become more frequent at 8:38 case 2284",Electrical,Electrical:4,4,JIIT Sector 62,Hostels,H4 Boys Hostel,hostel,Floor 2,H4 Corridor 2,28.63062,77.37262,Tuesday,8,2026-02-10T03:08:00+00:00,2,High,74,46,0,Open,4.79,1,0,web,the current problem is that the room loses power for short intervals in h4 corridor 2 the electrical supply needs inspection and the condition has become more frequent at 8:38 case 2284,2026-02-10,8-10,High,Low,0.25,0.55645,-0.70347,0.0,0.0,0.0
CL-12247,EV-202602-0449,ANON-0460,"an urgent maintenance check is needed because the lunch rush is blocking the entrance in Washroom 1; without any warning notice, and staff assistance has been requested at 16:13 case 2247",Canteen,Canteen:8,3,JIIT Sector 62,General & Utilities,Washrooms,utility,Floor 1,Washroom 1,28.62982,77.37326,Saturday,16,2026-02-07T10:43:00+00:00,5,Low,68,61,0,Resolved,4.03,1,0,web,an urgent maintenance check is needed because the lunch rush is blocking the entrance in washroom 1 without any warning notice and staff assistance has been requested at 16:13 case 2247,2026-02-07,2-4,Medium,Medium,1.0,0.24886,0.35055,3.0,0.0,63.666666666666664
CL-11058,EV-202510-0211,ANON-0753,"for the second time this week the device driver is missing from the workstation in CR102; laboratory equipment availability is affected, after normal troubleshooting was attempted at 17:11 case 1058",Lab Equipment,Lab Equipment:7,2,JIIT Sector 62,Academic & Teaching,Aryabhatt Bhawan II,academic,Floor 1,CR102,28.6297,77.3729,Friday,17,2025-10-31T11:41:00+00:00,2,High,53,53,0,Open,5.49,1,0,web,for the second time this week the device driver is missing from the workstation in cr102 laboratory equipment availability is affected after normal troubleshooting was attempted at 17:11 case 1058,2025-10-31,4-7,Medium,Medium,0.25,-0.52013,-0.21159,1.0,0.0,18.0
CL-11095,EV-202511-0219,ANON-0792,"for the second time this week the lecture-room screen does not lower correctly in CS1; and staff assistance has been requested, and the issue lasts more than ten minutes at 17:12 case 1095",Infrastructure,Infrastructure:7,2,JIIT Sector 62,Academic & Teaching,Aryabhatt Bhawan III,academic,Floor 1,CS1,28.6299,77.37315,Monday,17,2025-11-03T11:42:00+00:00,4,Low,87,63,0,In Progress,2.61,0,0,web,for the second time this week the lecture-room screen does not lower correctly in cs1 and staff assistance has been requested and the issue lasts more than ten minutes at 17:12 case 1095,2025-11-03,4-7,High,Medium,0.75,1.2229,0.49108,1.0,0.0,32.0
CL-10777,EV-202510-0155,ANON-0406,"a repeated observation is that a power socket is loose and unsafe in CR202; the electrical supply needs inspection, without any warning notice at 8:08 case 777",Electrical,Electrical:3,3,JIIT Sector 62,Academic & Teaching,Aryabhatt Bhawan II,academic,Floor 2,CR202,28.6297,77.3729,Wednesday,8,2025-10-08T02:38:00+00:00,3,Medium,49,48,0,Resolved,4.5,0,0,mobile,a repeated observation is that a power socket is loose and unsafe in cr202 the electrical supply needs inspection without any warning notice at 8:08 case 777,2025-10-08,8-10,Medium,Low,0.5,-0.72519,-0.56293,5.0,0.0,28.6
CL-11612,EV-202512-0322,ANON-0015,"the class representative confirmed that the equipment interface stops responding during use in H4 Corridor 2; after normal troubleshooting was attempted, after normal troubleshooting was attempted at 10:02 case 1612",Lab Equipment,Lab Equipment:9,4,JIIT Sector 62,Hostels,H4 Boys Hostel,hostel,Floor 2,H4 Corridor 2,28.63062,77.37262,Tuesday,10,2025-12-16T04:32:00+00:00,3,Medium,77,36,0,Verified,6.44,0,0,mobile,the class representative confirmed that the equipment interface stops responding during use in h4 corridor 2 after normal troubleshooting was attempted after normal troubleshooting was attempted at 10:02 case 1612,2025-12-16,8-10,High,Low,0.5,0.71025,-1.40615,4.0,0.0,61.5
CL-11363,EV-202511-0272,ANON-0037,"during the latest session the common area is overcrowded in H4 Corridor 2; campus operations are being disrupted, without any warning notice at 17:45 case 1363",Other,Other:2,2,JIIT Sector 62,Hostels,H4 Boys Hostel,hostel,Floor 2,H4 Corridor 2,28.63062,77.37262,Tuesday,17,2025-11-25T12:15:00+00:00,5,Low,94,66,0,Open,4.02,0,0,mobile,during the latest session the common area is overcrowded in h4 corridor 2 campus operations are being disrupted without any warning notice at 17:45 case 1363,2025-11-25,4-7,High,Medium,1.0,1.58176,0.70189,1.0,0.0,44.0
CL-12654,EV-202603-0530,ANON-0177,"the class representative confirmed that waiting time is longer than the scheduled break in Reading Hall; the food service operation is affected, and the issue lasts more than ten minutes at 13:19 case 2654",Canteen,Canteen:9,4,JIIT Sector 62,Library & Study,LRC,library,Ground Floor,Reading Hall,28.63002,77.37302,Friday,13,2026-03-13T07:49:00+00:00,1,Critical,68,44,0,Resolved,5.59,0,0,web,the class representative confirmed that waiting time is longer than the scheduled break in reading hall the food service operation is affected and the issue lasts more than ten minutes at 13:19 case 2654,2026-03-13,12-2,Medium,Low,0.0,0.24886,-0.844,2.0,0.0,54.0
CL-10793,EV-202510-0158,ANON-0233,"a repeated observation is that internet speed falls below a usable level in G6; after normal troubleshooting was attempted, while the area is moderately occupied at 16:11 case 793",Network,Network:3,3,JIIT Sector 62,Academic & Teaching,A2/2,academic,Ground Floor,G6,28.63024,77.37275,Thursday,16,2025-10-09T10:41:00+00:00,1,Critical,91,62,1,Resolved,6.91,0,0,mobile,a repeated observation is that internet speed falls below a usable level in g6 after normal troubleshooting was attempted while the area is moderately occupied at 16:11 case 793,2025-10-09,2-4,High,Medium,0.0,1.42797,0.42081,2.0,0.0,26.5
CL-10191,EV-202508-0038,ANON-0573,"a repeated observation is that internet speed falls below a usable level in TS11; the network service is affected, and the issue lasts more than ten minutes at 18:23 case 191",Network,Network:3,3,JIIT Sector 62,Academic & Teaching,A2/1,academic,Floor 1,TS11,28.6301,77.37255,Wednesday,18,2025-08-20T12:53:00+00:00,3,Medium,23,68,0,In Progress,6.74,0,0,web,a repeated observation is that internet speed falls below a usable level in ts11 the network service is affected and the issue lasts more than ten minutes at 18:23 case 191,2025-08-20,4-7,Low,Medium,0.5,-2.0581,0.84242,0.0,0.0,0.0
CL-11300,EV-202511-0260,ANON-0784,"today we noticed that charging points are unavailable in H5 Corridor 1; the electrical supply needs inspection, while the area is moderately occupied at 12:16 case 1300",Electrical,Electrical:6,1,JIIT Sector 62,Hostels,H5 Boys Hostel,hostel,Floor 1,H5 Corridor 1,28.63075,77.37278,Thursday,12,2025-11-20T06:46:00+00:00,2,High,75,82,0,Verified,4.17,1,0,web,today we noticed that charging points are unavailable in h5 corridor 1 the electrical supply needs inspection while the area is moderately occupied at 12:16 case 1300,2025-11-20,10-12,High,High,0.25,0.60772,1.82617,2.0,0.0,54.0
CL-12811,EV-202603-0562,ANON-0116,"the current problem is that a chair is blocking the aisle because its leg is broken in G2; the physical infrastructure needs attention, during a regular teaching period at 8:01 case 2811",Infrastructure,Infrastructure:4,4,JIIT Sector 62,Academic & Teaching,Aryabhatt Bhawan III,academic,Floor 2,G2,28.6299,77.37315,Thursday,8,2026-03-26T02:31:00+00:00,1,Critical,45,65,0,Resolved,4.38,0,0,kiosk,the current problem is that a chair is blocking the aisle because its leg is broken in g2 the physical infrastructure needs attention during a regular teaching period at 8:01 case 2811,2026-03-26,8-10,Medium,Medium,0.0,-0.93026,0.63162,4.0,1.0,55.0
CL-10156,EV-202508-0031,ANON-0451,"please investigate because the ceiling fans are not operating in Group Study; and the issue lasts more than ten minutes, while another campus service remains normal at 17:22 case 156",Electrical,Electrical:0,0,JIIT Sector 62,Library & Study,LRC,library,Floor 1,Group Study,28.63002,77.37302,Sunday,17,2025-08-17T11:52:00+00:00,3,Medium,65,54,1,Open,2.62,0,0,mobile,please investigate because the ceiling fans are not operating in group study and the issue lasts more than ten minutes while another campus service remains normal at 17:22 case 156,2025-08-17,4-7,Medium,Medium,0.5,0.09506,-0.14133,1.0,0.0,42.0
CL-12044,EV-202601-0408,ANON-0228,"today we noticed that multiple computers show storage errors in G5; near the main entrance to the space, and the issue lasts more than ten minutes at 13:48 case 2044",Lab Equipment,Lab Equipment:6,1,JIIT Sector 62,Academic & Teaching,A2/2,academic,Ground Floor,G5,28.63024,77.37275,Wednesday,13,2026-01-21T08:18:00+00:00,4,Low,94,67,1,In Progress,13.43,0,1,kiosk,today we noticed that multiple computers show storage errors in g5 near the main entrance to the space and the issue lasts more than ten minutes at 13:48 case 2044,2026-01-21,12-2,High,Medium,0.75,1.58176,0.77215,3.0,2.0,61.666666666666664
CL-10225,EV-202508-0045,ANON-0669,"the current problem is that the cooler produces warm water only in TS18; the water service needs attention, although nearby rooms remain usable at 17:54 case 225",Water,Water:4,4,JIIT Sector 62,Academic & Teaching,A2/2,academic,Floor 1,TS18,28.63024,77.37275,Saturday,17,2025-08-23T12:24:00+00:00,5,Low,50,61,1,Open,3.32,1,0,mobile,the current problem is that the cooler produces warm water only in ts18 the water service needs attention although nearby rooms remain usable at 17:54 case 225,2025-08-23,4-7,Medium,Medium,1.0,-0.67393,0.35055,0.0,0.0,0.0
CL-12263,EV-202602-0452,ANON-0789,"the current problem is that installed development tools fail to launch in FF6; during a regular teaching period, and the condition has become more frequent at 12:11 case 2263",Lab Equipment,Lab Equipment:4,4,JIIT Sector 62,Academic & Teaching,Aryabhatt Bhawan III,academic,Floor 3,FF6,28.6299,77.37315,Sunday,12,2026-02-08T06:41:00+00:00,2,High,56,58,1,Resolved,4.72,0,0,mobile,the current problem is that installed development tools fail to launch in ff6 during a regular teaching period and the condition has become more frequent at 12:11 case 2263,2026-02-08,10-12,Medium,Medium,0.25,-0.36633,0.13974,1.0,0.0,16.0
CL-11485,EV-202512-0297,ANON-0100,"for the second time this week the wired connection cannot reach institute services in TS18; and it interrupts scheduled teaching, and staff assistance has been requested at 8:12 case 1485",Network,Network:7,2,JIIT Sector 62,Academic & Teaching,A2/2,academic,Floor 1,TS18,28.63024,77.37275,Saturday,8,2025-12-06T02:42:00+00:00,5,Low,58,43,1,Resolved,5.45,1,0,mobile,for the second time this week the wired connection cannot reach institute services in ts18 and it interrupts scheduled teaching and staff assistance has been requested at 8:12 case 1485,2025-12-06,8-10,Medium,Low,1.0,-0.2638,-0.91427,2.0,0.0,62.0
CL-11051,EV-202510-0210,ANON-0173,"the class representative confirmed that the login portal loops without granting access in GH Common Room; during a regular teaching period, during a regular teaching period at 13:03 case 1051",Network,Network:9,4,JIIT Sector 62,Hostels,Girls Hostel,hostel,Ground Floor,GH Common Room,28.63087,77.37294,Thursday,13,2025-10-30T07:33:00+00:00,5,Low,51,72,0,Open,4.76,0,0,mobile,the class representative confirmed that the login portal loops without granting access in gh common room during a regular teaching period during a regular teaching period at 13:03 case 1051,2025-10-30,12-2,Medium,High,1.0,-0.62266,1.12349,2.0,0.0,19.5
CL-11379,EV-202511-0275,ANON-0733,"during the latest session the workstation cannot boot for the practical in CL1-B; laboratory equipment availability is affected, after normal troubleshooting was attempted at 17:19 case 1379",Lab Equipment,Lab Equipment:2,2,JIIT Sector 62,Labs & Research,CL1,lab,Ground Floor,CL1-B,28.62958,77.37248,Thursday,17,2025-11-27T11:49:00+00:00,3,Medium,38,47,0,Resolved,7.3,0,0,web,during the latest session the workstation cannot boot for the practical in cl1-b laboratory equipment availability is affected after normal troubleshooting was attempted at 17:19 case 1379,2025-11-27,4-7,Low,Low,0.5,-1.28912,-0.6332,2.0,0.0,29.5
CL-11843,EV-202601-0368,ANON-0402,"today we noticed that ceiling plaster appears loose near the entrance in H4 Corridor 2; the physical infrastructure needs attention, and the issue lasts more than ten minutes at 15:57 case 1843",Infrastructure,Infrastructure:6,1,JIIT Sector 62,Hostels,H4 Boys Hostel,hostel,Floor 2,H4 Corridor 2,28.63062,77.37262,Sunday,15,2026-01-04T10:27:00+00:00,3,Medium,96,42,0,In Progress,4.12,0,0,mobile,today we noticed that ceiling plaster appears loose near the entrance in h4 corridor 2 the physical infrastructure needs attention and the issue lasts more than ten minutes at 15:57 case 1843,2026-01-04,2-4,High,Low,0.5,1.6843,-0.98454,0.0,0.0,0.0
CL-10479,EV-202509-0095,ANON-0659,"for the second time this week water is collecting beneath the dispenser in CS1; the water service needs attention, although nearby rooms remain usable at 18:45 case 479",Water,Water:7,2,JIIT Sector 62,Academic & Teaching,Aryabhatt Bhawan III,academic,Floor 1,CS1,28.6299,77.37315,Saturday,18,2025-09-13T13:15:00+00:00,4,Low,33,44,1,Resolved,6.17,0,0,web,for the second time this week water is collecting beneath the dispenser in cs1 the water service needs attention although nearby rooms remain usable at 18:45 case 479,2025-09-13,4-7,Low,Low,0.75,-1.54544,-0.844,3.0,0.0,40.333333333333336
CL-10507,EV-202509-0101,ANON-0034,"the class representative confirmed that a window latch is broken and requires maintenance in Basketball Court; the physical infrastructure needs attention, while the area is moderately occupied at 13:41 case 507",Infrastructure,Infrastructure:9,4,JIIT Sector 62,Sports & Recreation,Sports Complex,sports,Outdoor,Basketball Court,28.63102,77.37322,Monday,13,2025-09-15T08:11:00+00:00,2,High,56,51,1,Resolved,3.98,0,0,mobile,the class representative confirmed that a window latch is broken and requires maintenance in basketball court the physical infrastructure needs attention while the area is moderately occupied at 13:41 case 507,2025-09-15,12-2,Medium,Medium,0.25,-0.36633,-0.35213,2.0,0.0,44.5
CL-10074,EV-202508-0014,ANON-0290,"students report that the wifi signal is unstable for several devices in Gate 1; the network service is affected, and several students are affected at 8:56 case 74",Network,Network:1,1,JIIT Sector 62,General & Utilities,Main Gate,outdoor,Outdoor,Gate 1,28.62938,77.37238,Sunday,8,2025-08-10T03:26:00+00:00,3,Medium,26,39,0,Resolved,5.21,1,0,web,students report that the wifi signal is unstable for several devices in gate 1 the network service is affected and several students are affected at 8:56 case 74,2025-08-10,8-10,Low,Low,0.5,-1.9043,-1.19534,3.0,0.0,22.333333333333332
CL-11722,EV-202512-0344,ANON-0027,"a repeated observation is that laboratory equipment reports a calibration error in GH Corridor 1; while the area is moderately occupied, and staff assistance has been requested at 13:37 case 1722",Lab Equipment,Lab Equipment:3,3,JIIT Sector 62,Hostels,Girls Hostel,hostel,Floor 1,GH Corridor 1,28.63087,77.37294,Thursday,13,2025-12-25T08:07:00+00:00,1,Critical,71,76,0,Open,5.97,0,0,web,a repeated observation is that laboratory equipment reports a calibration error in gh corridor 1 while the area is moderately occupied and staff assistance has been requested at 13:37 case 1722,2025-12-25,12-2,High,High,0.0,0.40265,1.40456,0.0,0.0,0.0
CL-10366,EV-202509-0073,ANON-0242,"today we noticed that charging points are unavailable in Reception; and staff assistance has been requested, during a regular teaching period at 8:34 case 366",Electrical,Electrical:6,1,JIIT Sector 62,General & Utilities,Administration Block,office,Ground Floor,Reception,28.62992,77.37334,Wednesday,8,2025-09-03T03:04:00+00:00,4,Low,33,41,0,Resolved,4.59,0,0,web,today we noticed that charging points are unavailable in reception and staff assistance has been requested during a regular teaching period at 8:34 case 366,2025-09-03,8-10,Low,Low,0.75,-1.54544,-1.05481,1.0,0.0,18.0
CL-12629,EV-202603-0525,ANON-0379,"during the latest session students cannot authenticate to the wireless network in G1; the network service is affected, while another campus service remains normal at 10:06 case 2629",Network,Network:2,2,JIIT Sector 62,Academic & Teaching,A2/1,academic,Ground Floor,G1,28.6301,77.37255,Wednesday,10,2026-03-11T04:36:00+00:00,2,High,38,60,0,Open,4.94,1,0,mobile,during the latest session students cannot authenticate to the wireless network in g1 the network service is affected while another campus service remains normal at 10:06 case 2629,2026-03-11,8-10,Low,Medium,0.25,-1.28912,0.28028,2.0,1.0,57.0
CL-11796,EV-202601-0359,ANON-0357,"a repeated observation is that the queue extends into the walking area in Group Study; the food service operation is affected, and the condition has become more frequent at 13:40 case 1796",Canteen,Canteen:3,3,JIIT Sector 62,Library & Study,LRC,library,Floor 1,Group Study,28.63002,77.37302,Thursday,13,2026-01-01T08:10:00+00:00,3,Medium,86,49,0,Open,4.15,0,0,mobile,a repeated observation is that the queue extends into the walking area in group study the food service operation is affected and the condition has become more frequent at 13:40 case 1796,2026-01-01,12-2,High,Low,0.5,1.17164,-0.49267,0.0,0.0,0.0
CL-12688,EV-202603-0537,ANON-0247,"a repeated observation is that a power socket is loose and unsafe in G2; the electrical supply needs inspection, near the main entrance to the space at 9:48 case 2688",Electrical,Electrical:3,3,JIIT Sector 62,Academic & Teaching,A2/1,academic,Ground Floor,G2,28.6301,77.37255,Monday,9,2026-03-16T04:18:00+00:00,4,Low,60,63,1,Open,4.69,0,0,web,a repeated observation is that a power socket is loose and unsafe in g2 the electrical supply needs inspection near the main entrance to the space at 9:48 case 2688,2026-03-16,8-10,Medium,Medium,0.75,-0.16127,0.49108,0.0,0.0,0.0
CL-12118,EV-202601-0423,ANON-0060,"the class representative confirmed that a window latch is broken and requires maintenance in Food Court; during a regular teaching period, and several students are affected at 8:53 case 2118",Infrastructure,Infrastructure:9,4,JIIT Sector 62,Food,Cafeteria / Canteen,food,Ground Floor,Food Court,28.63031,77.37298,Tuesday,8,2026-01-27T03:23:00+00:00,2,High,49,53,0,Escalated,10.01,0,0,web,the class representative confirmed that a window latch is broken and requires maintenance in food court during a regular teaching period and several students are affected at 8:53 case 2118,2026-01-27,8-10,Medium,Medium,0.25,-0.72519,-0.21159,0.0,0.0,0.0
CL-11427,EV-202512-0285,ANON-0128,"staff were informed that online resources time out during the session in Dining Hall; without any warning notice, and several students are affected at 14:08 case 1427",Network,Network:5,0,JIIT Sector 62,Food,Annapurna / Main Mess,food,Ground Floor,Dining Hall,28.63042,77.37312,Monday,14,2025-12-01T08:38:00+00:00,3,Medium,76,55,0,Resolved,3.34,0,0,web,staff were informed that online resources time out during the session in dining hall without any warning notice and several students are affected at 14:08 case 1427,2025-12-01,12-2,High,Medium,0.5,0.65898,-0.07106,3.0,1.0,36.333333333333336
CL-12234,EV-202602-0446,ANON-0673,"an urgent maintenance check is needed because video lectures buffer on the campus connection in Food Court; while another campus service remains normal, and the issue lasts more than ten minutes at 11:09 case 2234",Network,Network:8,3,JIIT Sector 62,Food,Cafeteria / Canteen,food,Ground Floor,Food Court,28.63031,77.37298,Friday,11,2026-02-06T05:39:00+00:00,4,Low,92,55,0,Escalated,8.63,0,0,web,an urgent maintenance check is needed because video lectures buffer on the campus connection in food court while another campus service remains normal and the issue lasts more than ten minutes at 11:09 case 2234,2026-02-06,10-12,High,Medium,0.75,1.47923,-0.07106,1.0,1.0,25.0
CL-12437,EV-202602-0487,ANON-0624,"the current problem is that food waste has accumulated near the seating area in CL1-A; near the main entrance to the space, and the issue lasts more than ten minutes at 17:11 case 2437",Cleanliness,Cleanliness:4,4,JIIT Sector 62,Labs & Research,CL1,lab,Ground Floor,CL1-A,28.62958,77.37248,Monday,17,2026-02-23T11:41:00+00:00,3,Medium,69,66,0,Escalated,4.76,0,0,web,the current problem is that food waste has accumulated near the seating area in cl1-a near the main entrance to the space and the issue lasts more than ten minutes at 17:11 case 2437,2026-02-23,4-7,Medium,Medium,0.5,0.30012,0.70189,0.0,0.0,0.0
CL-12238,EV-202602-0447,ANON-0562,"the current problem is that the access point disconnects users every few minutes in Reception; near the main entrance to the space, and staff assistance has been requested at 10:30 case 2238",Network,Network:4,4,JIIT Sector 62,General & Utilities,Administration Block,office,Ground Floor,Reception,28.62992,77.37334,Friday,10,2026-02-06T05:00:00+00:00,3,Medium,22,53,0,Open,5.94,0,0,web,the current problem is that the access point disconnects users every few minutes in reception near the main entrance to the space and staff assistance has been requested at 10:30 case 2238,2026-02-06,8-10,Low,Medium,0.5,-2.10937,-0.21159,1.0,0.0,47.0
CL-10152,EV-202508-0030,ANON-0747,"staff were informed that online resources time out during the session in Cooler B; after normal troubleshooting was attempted, after normal troubleshooting was attempted at 18:40 case 152",Network,Network:5,0,JIIT Sector 62,General & Utilities,Water Points,utility,Ground Floor,Cooler B,28.63005,77.37238,Sunday,18,2025-08-17T13:10:00+00:00,4,Low,64,81,0,Open,5.66,0,0,web,staff were informed that online resources time out during the session in cooler b after normal troubleshooting was attempted after normal troubleshooting was attempted at 18:40 case 152,2025-08-17,4-7,Medium,High,0.75,0.04379,1.7559,0.0,0.0,0.0
CL-10584,EV-202509-0116,ANON-0592,"the class representative confirmed that a window latch is broken and requires maintenance in Gym; the physical infrastructure needs attention, and several students are affected at 11:54 case 584",Infrastructure,Infrastructure:9,4,JIIT Sector 62,Sports & Recreation,Sports Complex,sports,Ground Floor,Gym,28.63102,77.37322,Monday,11,2025-09-22T06:24:00+00:00,3,Medium,82,75,0,Open,5.61,1,0,mobile,the class representative confirmed that a window latch is broken and requires maintenance in gym the physical infrastructure needs attention and several students are affected at 11:54 case 584,2025-09-22,10-12,High,High,0.5,0.96658,1.33429,1.0,0.0,85.0
CL-12557,EV-202603-0511,ANON-0200,"please investigate because the projector loses its input after a few minutes in Main Hall; although nearby rooms remain usable, and several students are affected at 14:54 case 2557",Infrastructure,Infrastructure:0,0,JIIT Sector 62,General & Utilities,Auditorium,common,Ground Floor,Main Hall,28.63016,77.3733,Thursday,14,2026-03-05T09:24:00+00:00,2,High,47,80,0,Resolved,7.16,0,0,web,please investigate because the projector loses its input after a few minutes in main hall although nearby rooms remain usable and several students are affected at 14:54 case 2557,2026-03-05,12-2,Medium,High,0.25,-0.82772,1.68563,1.0,0.0,32.0
CL-11362,EV-202511-0272,ANON-0430,"for the second time this week the lecture-room screen does not lower correctly in Reading Hall; the physical infrastructure needs attention, although nearby rooms remain usable at 17:43 case 1362",Infrastructure,Infrastructure:7,2,JIIT Sector 62,Library & Study,LRC,library,Ground Floor,Reading Hall,28.63002,77.37302,Tuesday,17,2025-11-25T12:13:00+00:00,3,Medium,67,47,1,Resolved,5.03,0,0,kiosk,for the second time this week the lecture-room screen does not lower correctly in reading hall the physical infrastructure needs attention although nearby rooms remain usable at 17:43 case 1362,2025-11-25,4-7,Medium,Low,0.5,0.19759,-0.6332,0.0,0.0,0.0
CL-10926,EV-202510-0185,ANON-0546,"during the latest session students are waiting too long for food service in Visitor Parking; the food service operation is affected, and the issue lasts more than ten minutes at 13:49 case 926",Canteen,Canteen:2,2,JIIT Sector 62,General & Utilities,Parking,outdoor,Outdoor,Visitor Parking,28.62945,77.37222,Monday,13,2025-10-20T08:19:00+00:00,3,Medium,62,72,0,In Progress,4.88,1,0,mobile,during the latest session students are waiting too long for food service in visitor parking the food service operation is affected and the issue lasts more than ten minutes at 13:49 case 926,2025-10-20,12-2,Medium,High,0.5,-0.05874,1.12349,3.0,1.0,62.0
CL-11905,EV-202601-0381,ANON-0036,"a repeated observation is that internet speed falls below a usable level in Backstage; the network service is affected, while the area is moderately occupied at 16:10 case 1905",Cleanliness,Network:3,3,JIIT Sector 62,General & Utilities,Auditorium,common,Ground Floor,Backstage,28.63016,77.3733,Saturday,16,2026-01-10T10:40:00+00:00,2,High,61,41,1,Open,5.22,0,0,web,a repeated observation is that internet speed falls below a usable level in backstage the network service is affected while the area is moderately occupied at 16:10 case 1905,2026-01-10,2-4,Medium,Low,0.25,-0.11,-1.05481,0.0,0.0,0.0
CL-10425,EV-202509-0085,ANON-0009,"today we noticed that ceiling plaster appears loose near the entrance in H5 Corridor 2; the physical infrastructure needs attention, while another campus service remains normal at 9:20 case 425",Infrastructure,Infrastructure:6,1,JIIT Sector 62,Hostels,H5 Boys Hostel,hostel,Floor 2,H5 Corridor 2,28.63075,77.37278,Monday,9,2025-09-08T03:50:00+00:00,2,High,35,47,1,Open,5.55,1,0,mobile,today we noticed that ceiling plaster appears loose near the entrance in h5 corridor 2 the physical infrastructure needs attention while another campus service remains normal at 9:20 case 425,2025-09-08,8-10,Low,Low,0.25,-1.44291,-0.6332,1.0,0.0,10.0
CL-12190,EV-202602-0438,ANON-0429,"during the latest session lights flicker repeatedly during use in Group Study; the electrical supply needs inspection, while another campus service remains normal at 12:43 case 2190",Electrical,Electrical:2,2,JIIT Sector 62,Library & Study,LRC,library,Floor 1,Group Study,28.63002,77.37302,Monday,12,2026-02-02T07:13:00+00:00,4,Low,62,59,0,Resolved,4.55,0,0,mobile,during the latest session lights flicker repeatedly during use in group study the electrical supply needs inspection while another campus service remains normal at 12:43 case 2190,2026-02-02,10-12,Medium,Medium,0.75,-0.05874,0.21001,1.0,0.0,29.0
CL-11961,EV-202601-0392,ANON-0430,"the class representative confirmed that a window latch is broken and requires maintenance in H5 Corridor 1; the physical infrastructure needs attention, while the area is moderately occupied at 18:40 case 1961",Infrastructure,Infrastructure:9,4,JIIT Sector 62,Hostels,H5 Boys Hostel,hostel,Floor 1,H5 Corridor 1,28.63075,77.37278,Wednesday,18,2026-01-14T13:10:00+00:00,3,Medium,64,59,1,In Progress,5.22,0,0,web,the class representative confirmed that a window latch is broken and requires maintenance in h5 corridor 1 the physical infrastructure needs attention while the area is moderately occupied at 18:40 case 1961,2026-01-14,4-7,Medium,Medium,0.5,0.04379,0.21001,0.0,0.0,0.0
CL-10776,EV-202510-0155,ANON-0236,"during the latest session the common area is overcrowded in ECE-202; campus operations are being disrupted, after normal troubleshooting was attempted at 8:18 case 776",Electrical,Other:2,2,JIIT Sector 62,Labs & Research,ECE Labs,lab,Floor 2,ECE-202,28.62974,77.37282,Wednesday,8,2025-10-08T02:48:00+00:00,3,Medium,16,51,0,Resolved,3.87,0,0,mobile,during the latest session the common area is overcrowded in ece-202 campus operations are being disrupted after normal troubleshooting was attempted at 8:18 case 776,2025-10-08,8-10,Low,Medium,0.5,-2.41696,-0.35213,1.0,0.0,64.0
CL-11228,EV-202511-0245,ANON-0307,"during the latest session a spill has made the floor slippery in CS1; and the issue lasts more than ten minutes, although nearby rooms remain usable at 11:28 case 1228",Cleanliness,Cleanliness:2,2,JIIT Sector 62,Academic & Teaching,Aryabhatt Bhawan III,academic,Floor 1,CS1,28.6299,77.37315,Friday,11,2025-11-14T05:58:00+00:00,1,Critical,61,42,1,In Progress,7.2,1,0,kiosk,during the latest session a spill has made the floor slippery in cs1 and the issue lasts more than ten minutes although nearby rooms remain usable at 11:28 case 1228,2025-11-14,10-12,Medium,Low,0.0,-0.11,-0.98454,2.0,1.0,42.0
CL-11664,EV-202512-0332,ANON-0692,"the current problem is that a chair is blocking the aisle because its leg is broken in TS11; the physical infrastructure needs attention, during a regular teaching period at 17:57 case 1664",Infrastructure,Infrastructure:4,4,JIIT Sector 62,Academic & Teaching,A2/1,academic,Floor 1,TS11,28.6301,77.37255,Sunday,17,2025-12-21T12:27:00+00:00,2,High,26,30,0,In Progress,4.8,1,0,mobile,the current problem is that a chair is blocking the aisle because its leg is broken in ts11 the physical infrastructure needs attention during a regular teaching period at 17:57 case 1664,2025-12-21,4-7,Low,Low,0.25,-1.9043,-1.82775,1.0,0.0,27.0
CL-11512,EV-202512-0302,ANON-0064,"today we noticed that network coverage disappears near the back rows in Digital Area; the network service is affected, without any warning notice at 10:03 case 1512",Network,Network:6,1,JIIT Sector 62,Library & Study,LRC,library,Floor 1,Digital Area,28.63002,77.37302,Monday,10,2025-12-08T04:33:00+00:00,4,Low,68,34,0,In Progress,5.01,0,0,web,today we noticed that network coverage disappears near the back rows in digital area the network service is affected without any warning notice at 10:03 case 1512,2025-12-08,8-10,Medium,Low,0.75,0.24886,-1.54668,0.0,0.0,0.0
CL-11240,EV-202511-0248,ANON-0798,"please investigate because the campus network drops repeatedly during class in Basketball Court; while another campus service remains normal, and it interrupts scheduled teaching at 9:02 case 1240",Network,Network:0,0,JIIT Sector 62,Sports & Recreation,Sports Complex,sports,Outdoor,Basketball Court,28.63102,77.37322,Saturday,9,2025-11-15T03:32:00+00:00,2,High,85,56,1,Open,5.22,0,0,mobile,please investigate because the campus network drops repeatedly during class in basketball court while another campus service remains normal and it interrupts scheduled teaching at 9:02 case 1240,2025-11-15,8-10,High,Medium,0.25,1.12037,-0.00079,2.0,1.0,41.5
CL-11741,EV-202512-0348,ANON-0756,"during the latest session students cannot authenticate to the wireless network in Billing Counter; during a regular teaching period, while another campus service remains normal at 14:42 case 1741",Network,Network:2,2,JIIT Sector 62,Food,Cafeteria / Canteen,food,Ground Floor,Billing Counter,28.63031,77.37298,Saturday,14,2025-12-27T09:12:00+00:00,3,Medium,89,57,0,In Progress,5.52,0,0,mobile,during the latest session students cannot authenticate to the wireless network in billing counter during a regular teaching period while another campus service remains normal at 14:42 case 1741,2025-12-27,12-2,High,Medium,0.5,1.32544,0.06948,0.0,0.0,0.0
CL-12592,EV-202603-0518,ANON-0138,"today we noticed that the refill indicator has remained empty in H5 Common Room; near the main entrance to the space, although nearby rooms remain usable at 16:12 case 2592",Water,Water:6,1,JIIT Sector 62,Hostels,H5 Boys Hostel,hostel,Ground Floor,H5 Common Room,28.63075,77.37278,Sunday,16,2026-03-08T10:42:00+00:00,3,Medium,41,68,0,In Progress,5.95,0,0,mobile,today we noticed that the refill indicator has remained empty in h5 common room near the main entrance to the space although nearby rooms remain usable at 16:12 case 2592,2026-03-08,2-4,Medium,Medium,0.5,-1.13532,0.84242,0.0,0.0,0.0
CL-10789,EV-202510-0157,ANON-0151,"staff were informed that an electrical panel is making an unusual sound in H4 Corridor 1; and the condition has become more frequent, after normal troubleshooting was attempted at 8:00 case 789",Electrical,Electrical:5,0,JIIT Sector 62,Hostels,H4 Boys Hostel,hostel,Floor 1,H4 Corridor 1,28.63062,77.37262,Thursday,8,2025-10-09T02:30:00+00:00,3,Medium,57,60,0,Open,4.11,1,0,mobile,staff were informed that an electrical panel is making an unusual sound in h4 corridor 1 and the condition has become more frequent after normal troubleshooting was attempted at 8:00 case 789,2025-10-09,8-10,Medium,Medium,0.5,-0.31507,0.28028,2.0,1.0,25.0
CL-10945,EV-202510-0189,ANON-0203,"the class representative confirmed that the login portal loops without granting access in Backstage; after normal troubleshooting was attempted, and staff assistance has been requested at 15:17 case 945",Network,Network:9,4,JIIT Sector 62,General & Utilities,Auditorium,common,Ground Floor,Backstage,28.63016,77.3733,Wednesday,15,2025-10-22T09:47:00+00:00,2,High,75,60,0,In Progress,4.42,0,0,web,the class representative confirmed that the login portal loops without granting access in backstage after normal troubleshooting was attempted and staff assistance has been requested at 15:17 case 945,2025-10-22,2-4,High,Medium,0.25,0.60772,0.28028,0.0,0.0,0.0
CL-10350,EV-202509-0070,ANON-0743,"staff were informed that billing and collection lines are merging into one queue in H5 Corridor 2; the food service operation is affected, and the condition has become more frequent at 18:31 case 350",Canteen,Canteen:5,0,JIIT Sector 62,Hostels,H5 Boys Hostel,hostel,Floor 2,H5 Corridor 2,28.63075,77.37278,Tuesday,18,2025-09-02T13:01:00+00:00,1,Critical,45,33,0,Resolved,6.07,0,0,mobile,staff were informed that billing and collection lines are merging into one queue in h5 corridor 2 the food service operation is affected and the condition has become more frequent at 18:31 case 350,2025-09-02,4-7,Medium,Low,0.0,-0.93026,-1.61695,0.0,0.0,0.0
CL-11481,EV-202512-0296,ANON-0114,"the class representative confirmed that the student activity area is unavailable in G3; after normal troubleshooting was attempted, and the condition has become more frequent at 16:45 case 1481",Other,Other:9,4,JIIT Sector 62,Academic & Teaching,Aryabhatt Bhawan III,academic,Floor 2,G3,28.6299,77.37315,Friday,16,2025-12-05T11:15:00+00:00,1,Critical,65,54,0,Open,6.23,1,0,mobile,the class representative confirmed that the student activity area is unavailable in g3 after normal troubleshooting was attempted and the condition has become more frequent at 16:45 case 1481,2025-12-05,2-4,Medium,Medium,0.0,0.09506,-0.14133,3.0,0.0,68.0
CL-10586,EV-202509-0117,ANON-0362,"students report that the wifi signal is unstable for several devices in G5; although nearby rooms remain usable, after normal troubleshooting was attempted at 15:43 case 586",Water,Network:1,1,JIIT Sector 62,Academic & Teaching,A2/2,academic,Ground Floor,G5,28.63024,77.37275,Monday,15,2025-09-22T10:13:00+00:00,3,Medium,77,40,0,Escalated,6.26,0,0,web,students report that the wifi signal is unstable for several devices in g5 although nearby rooms remain usable after normal troubleshooting was attempted at 15:43 case 586,2025-09-22,2-4,High,Low,0.5,0.71025,-1.12507,2.0,0.0,60.5
CL-11261,EV-202511-0252,ANON-0696,"an urgent maintenance check is needed because the filtration unit shows a service warning in Gym; the water service needs attention, and the issue lasts more than ten minutes at 8:57 case 1261",Water,Water:8,3,JIIT Sector 62,Sports & Recreation,Sports Complex,sports,Ground Floor,Gym,28.63102,77.37322,Monday,8,2025-11-17T03:27:00+00:00,2,High,40,51,0,In Progress,5.27,0,0,mobile,an urgent maintenance check is needed because the filtration unit shows a service warning in gym the water service needs attention and the issue lasts more than ten minutes at 8:57 case 1261,2025-11-17,8-10,Low,Medium,0.25,-1.18658,-0.35213,1.0,1.0,11.0
CL-10064,EV-202508-0012,ANON-0740,"students report that water is leaking into the walking area in CR102; and it interrupts scheduled teaching, and the issue lasts more than ten minutes at 8:38 case 64",Water,Water:1,1,JIIT Sector 62,Academic & Teaching,Aryabhatt Bhawan II,academic,Floor 1,CR102,28.6297,77.3729,Saturday,8,2025-08-09T03:08:00+00:00,2,High,71,68,0,In Progress,5.83,0,0,mobile,students report that water is leaking into the walking area in cr102 and it interrupts scheduled teaching and the issue lasts more than ten minutes at 8:38 case 64,2025-08-09,8-10,High,Medium,0.25,0.40265,0.84242,1.0,0.0,41.0
CL-11545,EV-202512-0309,ANON-0030,"for the second time this week the ventilation fan does not start in GH Corridor 1; the electrical supply needs inspection, and the condition has become more frequent at 15:28 case 1545",Cleanliness,Electrical:7,2,JIIT Sector 62,Hostels,Girls Hostel,hostel,Floor 1,GH Corridor 1,28.63087,77.37294,Thursday,15,2025-12-11T09:58:00+00:00,2,High,52,58,0,Resolved,5.02,1,0,mobile,for the second time this week the ventilation fan does not start in gh corridor 1 the electrical supply needs inspection and the condition has become more frequent at 15:28 case 1545,2025-12-11,2-4,Medium,Medium,0.25,-0.5714,0.13974,0.0,0.0,0.0
CL-12653,EV-202603-0530,ANON-0507,"staff were informed that dust and litter remain around the workstations in Visitor Parking; and it interrupts scheduled teaching, and staff assistance has been requested at 18:38 case 2653",Cleanliness,Cleanliness:5,0,JIIT Sector 62,General & Utilities,Parking,outdoor,Outdoor,Visitor Parking,28.62945,77.37222,Friday,18,2026-03-13T13:08:00+00:00,3,Medium,27,43,0,In Progress,4.32,1,0,mobile,staff were informed that dust and litter remain around the workstations in visitor parking and it interrupts scheduled teaching and staff assistance has been requested at 18:38 case 2653,2026-03-13,4-7,Low,Low,0.5,-1.85304,-0.91427,0.0,0.0,0.0
CL-12710,EV-202603-0542,ANON-0431,"a repeated observation is that a power socket is loose and unsafe in CL22-A; and several students are affected, while another campus service remains normal at 17:52 case 2710",Electrical,Electrical:3,3,JIIT Sector 62,Labs & Research,CL22,lab,Floor 2,CL22-A,28.62986,77.37266,Wednesday,17,2026-03-18T12:22:00+00:00,1,Critical,46,30,1,In Progress,5.15,0,0,web,a repeated observation is that a power socket is loose and unsafe in cl22-a and several students are affected while another campus service remains normal at 17:52 case 2710,2026-03-18,4-7,Medium,Low,0.0,-0.87899,-1.82775,1.0,0.0,33.0
CL-11204,EV-202511-0240,ANON-0399,"for the second time this week the device driver is missing from the workstation in CS1; laboratory equipment availability is affected, and staff assistance has been requested at 15:36 case 1204",Lab Equipment,Lab Equipment:7,2,JIIT Sector 62,Academic & Teaching,Aryabhatt Bhawan III,academic,Floor 1,CS1,28.6299,77.37315,Wednesday,15,2025-11-12T10:06:00+00:00,4,Low,74,46,0,Open,6.75,1,0,web,for the second time this week the device driver is missing from the workstation in cs1 laboratory equipment availability is affected and staff assistance has been requested at 15:36 case 1204,2025-11-12,2-4,High,Low,0.75,0.55645,-0.70347,1.0,0.0,91.0
CL-10828,EV-202510-0165,ANON-0627,"students report that several desks have loose or damaged fittings in Group Study; after normal troubleshooting was attempted, without any warning notice at 15:31 case 828",Infrastructure,Infrastructure:1,1,JIIT Sector 62,Library & Study,LRC,library,Floor 1,Group Study,28.63002,77.37302,Sunday,15,2025-10-12T10:01:00+00:00,3,Medium,45,70,0,Verified,6.53,0,0,web,students report that several desks have loose or damaged fittings in group study after normal troubleshooting was attempted without any warning notice at 15:31 case 828,2025-10-12,2-4,Medium,Medium,0.5,-0.93026,0.98296,0.0,0.0,0.0
CL-12524,EV-202603-0504,ANON-0261,"a repeated observation is that the wash area needs urgent sanitation in CL1-B; near the main entrance to the space, after normal troubleshooting was attempted at 13:09 case 2524",Cleanliness,Cleanliness:3,3,JIIT Sector 62,Labs & Research,CL1,lab,Ground Floor,CL1-B,28.62958,77.37248,Monday,13,2026-03-02T07:39:00+00:00,3,Medium,51,44,0,Resolved,4.98,1,0,mobile,a repeated observation is that the wash area needs urgent sanitation in cl1-b near the main entrance to the space after normal troubleshooting was attempted at 13:09 case 2524,2026-03-02,12-2,Medium,Low,0.5,-0.62266,-0.844,0.0,0.0,0.0
CL-11212,EV-202511-0242,ANON-0091,"during the latest session a spill has made the floor slippery in H4 Corridor 1; this is a hygiene and cleanliness concern, near the main entrance to the space at 9:25 case 1212",Cleanliness,Cleanliness:2,2,JIIT Sector 62,Hostels,H4 Boys Hostel,hostel,Floor 1,H4 Corridor 1,28.63062,77.37262,Thursday,9,2025-11-13T03:55:00+00:00,2,High,66,47,0,Resolved,6.46,1,0,mobile,during the latest session a spill has made the floor slippery in h4 corridor 1 this is a hygiene and cleanliness concern near the main entrance to the space at 9:25 case 1212,2025-11-13,8-10,Medium,Low,0.25,0.14632,-0.6332,1.0,0.0,48.0
CL-11410,EV-202511-0282,ANON-0173,"a repeated observation is that the display cable and wall port need repair in Student Parking; after normal troubleshooting was attempted, and the condition has become more frequent at 16:01 case 1410",Infrastructure,Infrastructure:3,3,JIIT Sector 62,General & Utilities,Parking,outdoor,Outdoor,Student Parking,28.62945,77.37222,Saturday,16,2025-11-29T10:31:00+00:00,2,High,33,58,1,Open,6.23,0,0,kiosk,a repeated observation is that the display cable and wall port need repair in student parking after normal troubleshooting was attempted and the condition has become more frequent at 16:01 case 1410,2025-11-29,2-4,Low,Medium,0.25,-1.54544,0.13974,0.0,0.0,0.0
CL-12586,EV-202603-0517,ANON-0635,"a repeated observation is that the wash area needs urgent sanitation in Washroom G; while the area is moderately occupied, while the area is moderately occupied at 16:57 case 2586",Cleanliness,Cleanliness:3,3,JIIT Sector 62,General & Utilities,Washrooms,utility,Ground Floor,Washroom G,28.62982,77.37326,Saturday,16,2026-03-07T11:27:00+00:00,2,High,54,29,0,In Progress,5.14,0,0,web,a repeated observation is that the wash area needs urgent sanitation in washroom g while the area is moderately occupied while the area is moderately occupied at 16:57 case 2586,2026-03-07,2-4,Medium,Low,0.25,-0.46886,-1.89802,0.0,0.0,0.0
CL-12378,EV-202602-0475,ANON-0478,"an urgent maintenance check is needed because the lunch rush is blocking the entrance in Dining Hall; the food service operation is affected, and several students are affected at 12:55 case 2378",Canteen,Canteen:8,3,JIIT Sector 62,Food,Annapurna / Main Mess,food,Ground Floor,Dining Hall,28.63042,77.37312,Wednesday,12,2026-02-18T07:25:00+00:00,2,High,68,53,0,Resolved,8.01,0,0,kiosk,an urgent maintenance check is needed because the lunch rush is blocking the entrance in dining hall the food service operation is affected and several students are affected at 12:55 case 2378,2026-02-18,10-12,Medium,Medium,0.25,0.24886,-0.21159,2.0,0.0,35.0
CL-11262,EV-202511-0252,ANON-0653,"staff were informed that billing and collection lines are merging into one queue in CR101; without any warning notice, while the area is moderately occupied at 8:07 case 1262",Canteen,Canteen:5,0,JIIT Sector 62,Academic & Teaching,Aryabhatt Bhawan II,academic,Floor 1,CR101,28.6297,77.3729,Monday,8,2025-11-17T02:37:00+00:00,3,Medium,72,64,1,Open,7.85,0,0,mobile,staff were informed that billing and collection lines are merging into one queue in cr101 without any warning notice while the area is moderately occupied at 8:07 case 1262,2025-11-17,8-10,High,Medium,0.5,0.45392,0.56135,2.0,0.0,35.0
CL-10421,EV-202509-0084,ANON-0211,"today we noticed that the corridor has a persistent hygiene problem in Food Court; this is a hygiene and cleanliness concern, and it interrupts scheduled teaching at 12:50 case 421",Infrastructure,Cleanliness:6,1,JIIT Sector 62,Food,Cafeteria / Canteen,food,Ground Floor,Food Court,28.63031,77.37298,Monday,12,2025-09-08T07:20:00+00:00,5,Low,69,48,1,Resolved,5.66,0,0,kiosk,today we noticed that the corridor has a persistent hygiene problem in food court this is a hygiene and cleanliness concern and it interrupts scheduled teaching at 12:50 case 421,2025-09-08,10-12,Medium,Low,1.0,0.30012,-0.56293,2.0,0.0,21.0
CL-11767,EV-202512-0353,ANON-0423,"a repeated observation is that laboratory equipment reports a calibration error in Gate 1; although nearby rooms remain usable, and the issue lasts more than ten minutes at 18:06 case 1767",Lab Equipment,Lab Equipment:3,3,JIIT Sector 62,General & Utilities,Main Gate,outdoor,Outdoor,Gate 1,28.62938,77.37238,Monday,18,2025-12-29T12:36:00+00:00,2,High,61,50,0,Escalated,5.67,1,0,mobile,a repeated observation is that laboratory equipment reports a calibration error in gate 1 although nearby rooms remain usable and the issue lasts more than ten minutes at 18:06 case 1767,2025-12-29,4-7,Medium,Low,0.25,-0.11,-0.4224,0.0,0.0,0.0
CL-11065,EV-202511-0213,ANON-0553,"a repeated observation is that the display cable and wall port need repair in CR101; and the condition has become more frequent, and staff assistance has been requested at 11:08 case 1065",Infrastructure,Infrastructure:3,3,JIIT Sector 62,Academic & Teaching,Aryabhatt Bhawan II,academic,Floor 1,CR101,28.6297,77.3729,Saturday,11,2025-11-01T05:38:00+00:00,5,Low,83,30,1,Resolved,6.43,1,0,mobile,a repeated observation is that the display cable and wall port need repair in cr101 and the condition has become more frequent and staff assistance has been requested at 11:08 case 1065,2025-11-01,10-12,High,Low,1.0,1.01784,-1.82775,1.0,0.0,29.0
CL-10271,EV-202508-0054,ANON-0625,"please investigate because the drinking-water dispenser is empty in Counter A; near the main entrance to the space, while the area is moderately occupied at 13:06 case 271",Water,Water:0,0,JIIT Sector 62,Food,Annapurna / Main Mess,food,Ground Floor,Counter A,28.63042,77.37312,Tuesday,13,2025-08-26T07:36:00+00:00,5,Low,66,42,0,Escalated,4.54,0,0,mobile,please investigate because the drinking-water dispenser is empty in counter a near the main entrance to the space while the area is moderately occupied at 13:06 case 271,2025-08-26,12-2,Medium,Low,1.0,0.14632,-0.98454,2.0,1.0,55.5
CL-10984,EV-202510-0196,ANON-0239,"for the second time this week the device driver is missing from the workstation in Visitor Parking; laboratory equipment availability is affected, and staff assistance has been requested at 8:49 case 984",Lab Equipment,Lab Equipment:7,2,JIIT Sector 62,General & Utilities,Parking,outdoor,Outdoor,Visitor Parking,28.62945,77.37222,Saturday,8,2025-10-25T03:19:00+00:00,3,Medium,36,48,1,In Progress,6.25,0,0,mobile,for the second time this week the device driver is missing from the workstation in visitor parking laboratory equipment availability is affected and staff assistance has been requested at 8:49 case 984,2025-10-25,8-10,Low,Low,0.5,-1.39165,-0.56293,1.0,1.0,75.0
CL-11482,EV-202512-0296,ANON-0712,"for the second time this week the device driver is missing from the workstation in Student Parking; and several students are affected, and several students are affected at 13:02 case 1482",Lab Equipment,Lab Equipment:7,2,JIIT Sector 62,General & Utilities,Parking,outdoor,Outdoor,Student Parking,28.62945,77.37222,Friday,13,2025-12-05T07:32:00+00:00,5,Low,64,61,1,Resolved,4.01,0,0,web,for the second time this week the device driver is missing from the workstation in student parking and several students are affected and several students are affected at 13:02 case 1482,2025-12-05,12-2,Medium,Medium,1.0,0.04379,0.35055,1.0,1.0,25.0
CL-12746,EV-202603-0549,ANON-0011,"students report that water is leaking into the walking area in Security Post; while another campus service remains normal, near the main entrance to the space at 12:53 case 2746",Water,Water:1,1,JIIT Sector 62,General & Utilities,Main Gate,outdoor,Outdoor,Security Post,28.62938,77.37238,Saturday,12,2026-03-21T07:23:00+00:00,1,Critical,50,54,0,Escalated,4.76,1,0,kiosk,students report that water is leaking into the walking area in security post while another campus service remains normal near the main entrance to the space at 12:53 case 2746,2026-03-21,10-12,Medium,Medium,0.0,-0.67393,-0.14133,2.0,0.0,31.0
CL-11679,EV-202512-0335,ANON-0553,"today we noticed that charging points are unavailable in CL15-B; without any warning notice, and the condition has become more frequent at 15:23 case 1679",Electrical,Electrical:6,1,JIIT Sector 62,Labs & Research,CL15,lab,Floor 1,CL15-B,28.62978,77.37254,Monday,15,2025-12-22T09:53:00+00:00,2,High,40,58,1,Verified,4.34,1,0,mobile,today we noticed that charging points are unavailable in cl15-b without any warning notice and the condition has become more frequent at 15:23 case 1679,2025-12-22,2-4,Low,Medium,0.25,-1.18658,0.13974,1.0,0.0,53.0
CL-10117,EV-202508-0023,ANON-0571,"today we noticed that network coverage disappears near the back rows in Basketball Court; the network service is affected, without any warning notice at 13:13 case 117",Network,Network:6,1,JIIT Sector 62,Sports & Recreation,Sports Complex,sports,Outdoor,Basketball Court,28.63102,77.37322,Thursday,13,2025-08-14T07:43:00+00:00,2,High,54,39,1,Resolved,5.17,0,0,web,today we noticed that network coverage disappears near the back rows in basketball court the network service is affected without any warning notice at 13:13 case 117,2025-08-14,12-2,Medium,Low,0.25,-0.46886,-1.19534,1.0,1.0,32.0
CL-11659,EV-202512-0331,ANON-0574,"an urgent maintenance check is needed because the lab printer is unavailable to student systems in CR102; and the issue lasts more than ten minutes, after normal troubleshooting was attempted at 10:43 case 1659",Lab Equipment,Lab Equipment:8,3,JIIT Sector 62,Academic & Teaching,Aryabhatt Bhawan II,academic,Floor 1,CR102,28.6297,77.3729,Saturday,10,2025-12-20T05:13:00+00:00,5,Low,53,44,0,Open,2.39,0,0,mobile,an urgent maintenance check is needed because the lab printer is unavailable to student systems in cr102 and the issue lasts more than ten minutes after normal troubleshooting was attempted at 10:43 case 1659,2025-12-20,8-10,Medium,Low,1.0,-0.52013,-0.844,3.0,2.0,66.33333333333333
CL-12131,EV-202601-0426,ANON-0233,"AN URGENT MAINTENANCE CHECK IS NEEDED BECAUSE VIDEO LECTURES BUFFER ON THE CAMPUS CONNECTION IN ACADEMIC OFFICE; WITHOUT ANY WARNING NOTICE, WITHOUT ANY WARNING NOTICE AT 12:02 CASE 2131   !!!",Network,Network:8,3,JIIT Sector 62,General & Utilities,Administration Block,office,Floor 1,Academic Office,28.62992,77.37334,Wednesday,12,2026-01-28T06:32:00+00:00,2,High,50,51,0,Verified,7.49,1,0,mobile,an urgent maintenance check is needed because video lectures buffer on the campus connection in academic office without any warning notice without any warning notice at 12:02 case 2131,2026-01-28,10-12,Medium,Medium,0.25,-0.67393,-0.35213,2.0,0.0,65.5
CL-11804,EV-202601-0360,ANON-0353,"PLEASE INVESTIGATE BECAUSE THE CAMPUS NETWORK DROPS REPEATEDLY DURING CLASS IN G3; THE NETWORK SERVICE IS AFFECTED, WHILE ANOTHER CAMPUS SERVICE REMAINS NORMAL AT 15:49 CASE 1804   !!!",Network,Network:0,0,JIIT Sector 62,Academic & Teaching,Aryabhatt Bhawan III,academic,Floor 2,G3,28.6299,77.37315,Thursday,15,2026-01-01T10:19:00+00:00,4,Low,75,33,1,Resolved,5.48,0,0,kiosk,please investigate because the campus network drops repeatedly during class in g3 the network service is affected while another campus service remains normal at 15:49 case 1804,2026-01-01,2-4,High,Low,0.75,0.60772,-1.61695,2.0,0.0,54.5
CL-12273,EV-202602-0454,ANON-0344,"staff were informed that the writing surface is damaged and difficult to use in FF6; near the main entrance to the space, without any warning notice at 13:08 case 2273",Infrastructure,Infrastructure:5,0,JIIT Sector 62,Academic & Teaching,Aryabhatt Bhawan III,academic,Floor 3,FF6,28.6299,77.37315,Monday,13,2026-02-09T07:38:00+00:00,5,Low,90,63,1,Open,6.11,0,0,mobile,staff were informed that the writing surface is damaged and difficult to use in ff6 near the main entrance to the space without any warning notice at 13:08 case 2273,2026-02-09,12-2,High,Medium,1.0,1.3767,0.49108,0.0,0.0,0.0
CL-10357,EV-202509-0071,ANON-0782,"please investigate because parking congestion is blocking access in Reading Hall; campus operations are being disrupted, and the condition has become more frequent at 9:18 case 357",Other,Other:0,0,JIIT Sector 62,Library & Study,LRC,library,Ground Floor,Reading Hall,28.63002,77.37302,Wednesday,9,2025-09-03T03:48:00+00:00,4,Low,67,63,0,Open,8.06,0,0,mobile,please investigate because parking congestion is blocking access in reading hall campus operations are being disrupted and the condition has become more frequent at 9:18 case 357,2025-09-03,8-10,Medium,Medium,0.75,0.19759,0.49108,1.0,0.0,40.0
CL-11283,EV-202511-0256,ANON-0060,"students report that several desks have loose or damaged fittings in CR101; the physical infrastructure needs attention, during a regular teaching period at 12:49 case 1283",Infrastructure,Infrastructure:1,1,JIIT Sector 62,Academic & Teaching,Aryabhatt Bhawan II,academic,Floor 1,CR101,28.6297,77.3729,Wednesday,12,2025-11-19T07:19:00+00:00,2,High,55,45,1,Resolved,5.09,0,0,kiosk,students report that several desks have loose or damaged fittings in cr101 the physical infrastructure needs attention during a regular teaching period at 12:49 case 1283,2025-11-19,10-12,Medium,Low,0.25,-0.4176,-0.77374,1.0,1.0,32.0
CL-12472,EV-202602-0494,ANON-0523,"the current problem is that installed development tools fail to launch in FF6; near the main entrance to the space, while another campus service remains normal at 12:38 case 2472",Lab Equipment,Lab Equipment:4,4,JIIT Sector 62,Academic & Teaching,Aryabhatt Bhawan III,academic,Floor 3,FF6,28.6299,77.37315,Thursday,12,2026-02-26T07:08:00+00:00,4,Low,63,71,1,In Progress,4.11,0,0,mobile,the current problem is that installed development tools fail to launch in ff6 near the main entrance to the space while another campus service remains normal at 12:38 case 2472,2026-02-26,10-12,Medium,High,0.75,-0.00747,1.05322,1.0,0.0,62.0
CL-12414,EV-202602-0482,ANON-0034,"please investigate because several systems freeze during compilation in ECE-201; laboratory equipment availability is affected, during a regular teaching period at 11:30 case 2414",Lab Equipment,Lab Equipment:0,0,JIIT Sector 62,Labs & Research,ECE Labs,lab,Floor 2,ECE-201,28.62974,77.37282,Saturday,11,2026-02-21T06:00:00+00:00,1,Critical,47,43,0,Verified,4.54,1,0,kiosk,please investigate because several systems freeze during compilation in ece-201 laboratory equipment availability is affected during a regular teaching period at 11:30 case 2414,2026-02-21,10-12,Medium,Low,0.0,-0.82772,-0.91427,0.0,0.0,0.0
CL-11277,EV-202511-0255,ANON-0659,"for the second time this week water is collecting beneath the dispenser in Washroom 1; the water service needs attention, and staff assistance has been requested at 10:15 case 1277",Water,Water:7,2,JIIT Sector 62,General & Utilities,Washrooms,utility,Floor 1,Washroom 1,28.62982,77.37326,Tuesday,10,2025-11-18T04:45:00+00:00,5,Low,60,64,0,In Progress,4.25,0,0,mobile,for the second time this week water is collecting beneath the dispenser in washroom 1 the water service needs attention and staff assistance has been requested at 10:15 case 1277,2025-11-18,8-10,Medium,Medium,1.0,-0.16127,0.56135,1.0,0.0,17.0
CL-10092,EV-202508-0018,ANON-0228,"an urgent maintenance check is needed because the lab printer is unavailable to student systems in Washroom 1; while another campus service remains normal, and the issue lasts more than ten minutes at 11:08 case 92",Lab Equipment,Lab Equipment:8,3,JIIT Sector 62,General & Utilities,Washrooms,utility,Floor 1,Washroom 1,28.62982,77.37326,Tuesday,11,2025-08-12T05:38:00+00:00,4,Low,77,57,0,Verified,4.14,0,0,mobile,an urgent maintenance check is needed because the lab printer is unavailable to student systems in washroom 1 while another campus service remains normal and the issue lasts more than ten minutes at 11:08 case 92,2025-08-12,10-12,High,Medium,0.75,0.71025,0.06948,0.0,0.0,0.0
CL-12470,EV-202602-0494,ANON-0201,"please investigate because the drinking-water dispenser is empty in Washroom 1; during a regular teaching period, and staff assistance has been requested at 10:11 case 2470",Water,Water:0,0,JIIT Sector 62,General & Utilities,Washrooms,utility,Floor 1,Washroom 1,28.62982,77.37326,Thursday,10,2026-02-26T04:41:00+00:00,1,Critical,57,48,0,In Progress,6.43,1,0,mobile,please investigate because the drinking-water dispenser is empty in washroom 1 during a regular teaching period and staff assistance has been requested at 10:11 case 2470,2026-02-26,8-10,Medium,Low,0.0,-0.31507,-0.56293,2.0,0.0,56.5
CL-12167,EV-202601-0433,ANON-0128,"for the second time this week the device driver is missing from the workstation in Reception; while another campus service remains normal, while the area is moderately occupied at 12:10 case 2167",Lab Equipment,Lab Equipment:7,2,JIIT Sector 62,General & Utilities,Administration Block,office,Ground Floor,Reception,28.62992,77.37334,Saturday,12,2026-01-31T06:40:00+00:00,2,High,66,53,0,In Progress,6.95,0,0,mobile,for the second time this week the device driver is missing from the workstation in reception while another campus service remains normal while the area is moderately occupied at 12:10 case 2167,2026-01-31,10-12,Medium,Medium,0.25,0.14632,-0.21159,0.0,0.0,0.0
CL-11567,EV-202512-0313,ANON-0732,"a repeated observation is that a campus service is unavailable without an explanation in ECE-201; and staff assistance has been requested, while the area is moderately occupied at 13:44 case 1567",Other,Other:3,3,JIIT Sector 62,Labs & Research,ECE Labs,lab,Floor 2,ECE-201,28.62974,77.37282,Friday,13,2025-12-12T08:14:00+00:00,1,Critical,61,50,0,Resolved,7.08,1,0,web,a repeated observation is that a campus service is unavailable without an explanation in ece-201 and staff assistance has been requested while the area is moderately occupied at 13:44 case 1567,2025-12-12,12-2,Medium,Low,0.0,-0.11,-0.4224,0.0,0.0,0.0
CL-10346,EV-202509-0069,ANON-0166,"staff were informed that dust and litter remain around the workstations in Reading Hall; this is a hygiene and cleanliness concern, and staff assistance has been requested at 8:12 case 346",Cleanliness,Cleanliness:5,0,JIIT Sector 62,Library & Study,LRC,library,Ground Floor,Reading Hall,28.63002,77.37302,Tuesday,8,2025-09-02T02:42:00+00:00,4,Low,51,36,0,Resolved,7.33,0,0,web,staff were informed that dust and litter remain around the workstations in reading hall this is a hygiene and cleanliness concern and staff assistance has been requested at 8:12 case 346,2025-09-02,8-10,Medium,Low,0.75,-0.62266,-1.40615,1.0,0.0,33.0
CL-11598,EV-202512-0319,ANON-0627,"an urgent maintenance check is needed because the lunch rush is blocking the entrance in ECE-201; and several students are affected, near the main entrance to the space at 12:46 case 1598",Canteen,Canteen:8,3,JIIT Sector 62,Labs & Research,ECE Labs,lab,Floor 2,ECE-201,28.62974,77.37282,Monday,12,2025-12-15T07:16:00+00:00,3,Medium,64,79,0,Open,3.77,0,0,mobile,an urgent maintenance check is needed because the lunch rush is blocking the entrance in ece-201 and several students are affected near the main entrance to the space at 12:46 case 1598,2025-12-15,10-12,Medium,High,0.5,0.04379,1.61537,0.0,0.0,0.0
CL-11271,EV-202511-0254,ANON-0030,"the class representative confirmed that backup power did not activate during an interruption in G2; the electrical supply needs inspection, without any warning notice at 17:52 case 1271",Electrical,Electrical:9,4,JIIT Sector 62,Academic & Teaching,A2/1,academic,Ground Floor,G2,28.6301,77.37255,Tuesday,17,2025-11-18T12:22:00+00:00,2,High,92,60,0,In Progress,5.02,0,0,mobile,the class representative confirmed that backup power did not activate during an interruption in g2 the electrical supply needs inspection without any warning notice at 17:52 case 1271,2025-11-18,4-7,High,Medium,0.25,1.47923,0.28028,1.0,0.0,38.0
CL-10046,EV-202508-0009,ANON-0089,"a repeated observation is that the display cable and wall port need repair in CR425; and several students are affected, and the issue lasts more than ten minutes at 18:39 case 46",Infrastructure,Infrastructure:3,3,JIIT Sector 62,Academic & Teaching,Aryabhatt Bhawan II,academic,Floor 4,CR425,28.6297,77.3729,Friday,18,2025-08-08T13:09:00+00:00,3,Medium,83,35,0,Resolved,5.33,1,0,mobile,a repeated observation is that the display cable and wall port need repair in cr425 and several students are affected and the issue lasts more than ten minutes at 18:39 case 46,2025-08-08,4-7,High,Low,0.5,1.01784,-1.47641,3.0,0.0,48.666666666666664
CL-12059,EV-202601-0411,ANON-0316,"staff were informed that billing and collection lines are merging into one queue in Counter A; and staff assistance has been requested, and it interrupts scheduled teaching at 15:50 case 2059",Canteen,Canteen:5,0,JIIT Sector 62,Food,Annapurna / Main Mess,food,Ground Floor,Counter A,28.63042,77.37312,Thursday,15,2026-01-22T10:20:00+00:00,2,High,48,50,0,In Progress,7.02,0,0,mobile,staff were informed that billing and collection lines are merging into one queue in counter a and staff assistance has been requested and it interrupts scheduled teaching at 15:50 case 2059,2026-01-22,2-4,Medium,Low,0.25,-0.77646,-0.4224,1.0,0.0,22.0
CL-10827,EV-202510-0165,ANON-0642,"during the latest session the classroom door cannot close safely in FF6; the physical infrastructure needs attention, during a regular teaching period at 10:26 case 827",Infrastructure,Infrastructure:2,2,JIIT Sector 62,Academic & Teaching,Aryabhatt Bhawan III,academic,Floor 3,FF6,28.6299,77.37315,Sunday,10,2025-10-12T04:56:00+00:00,2,High,71,89,0,In Progress,6.98,0,0,mobile,during the latest session the classroom door cannot close safely in ff6 the physical infrastructure needs attention during a regular teaching period at 10:26 case 827,2025-10-12,8-10,High,High,0.25,0.40265,2.31804,2.0,0.0,44.0
CL-10939,EV-202510-0187,ANON-0303,"during the latest session a spill has made the floor slippery in Reception; and staff assistance has been requested, and the condition has become more frequent at 18:11 case 939",Cleanliness,Cleanliness:2,2,JIIT Sector 62,General & Utilities,Administration Block,office,Ground Floor,Reception,28.62992,77.37334,Tuesday,18,2025-10-21T12:41:00+00:00,2,High,64,59,0,Open,8.14,0,0,mobile,during the latest session a spill has made the floor slippery in reception and staff assistance has been requested and the condition has become more frequent at 18:11 case 939,2025-10-21,4-7,Medium,Medium,0.25,0.04379,0.21001,0.0,0.0,0.0
CL-10595,EV-202509-0119,ANON-0224,"staff were informed that the experiment console does not record readings in CR201; laboratory equipment availability is affected, during a regular teaching period at 9:23 case 595",Lab Equipment,Lab Equipment:5,0,JIIT Sector 62,Academic & Teaching,Aryabhatt Bhawan II,academic,Floor 2,CR201,28.6297,77.3729,Monday,9,2025-09-22T03:53:00+00:00,2,High,36,60,0,Open,6.15,0,0,web,staff were informed that the experiment console does not record readings in cr201 laboratory equipment availability is affected during a regular teaching period at 9:23 case 595,2025-09-22,8-10,Low,Medium,0.25,-1.39165,0.28028,2.0,0.0,25.0
CL-12406,EV-202602-0481,ANON-0322,"during the latest session students cannot authenticate to the wireless network in ECE-202; the network service is affected, after normal troubleshooting was attempted at 10:06 case 2406",Network,Network:2,2,JIIT Sector 62,Labs & Research,ECE Labs,lab,Floor 2,ECE-202,28.62974,77.37282,Friday,10,2026-02-20T04:36:00+00:00,3,Medium,58,62,0,Open,7.83,1,0,mobile,during the latest session students cannot authenticate to the wireless network in ece-202 the network service is affected after normal troubleshooting was attempted at 10:06 case 2406,2026-02-20,8-10,Medium,Medium,0.5,-0.2638,0.42081,0.0,0.0,0.0
CL-11823,EV-202601-0364,ANON-0498,"the current problem is that the pickup counter is overcrowded in TS18; the food service operation is affected, while the area is moderately occupied at 12:48 case 1823",Canteen,Canteen:4,4,JIIT Sector 62,Academic & Teaching,A2/2,academic,Floor 1,TS18,28.63024,77.37275,Saturday,12,2026-01-03T07:18:00+00:00,5,Low,70,34,0,Open,5.45,1,0,web,the current problem is that the pickup counter is overcrowded in ts18 the food service operation is affected while the area is moderately occupied at 12:48 case 1823,2026-01-03,10-12,Medium,Low,1.0,0.35139,-1.54668,1.0,1.0,10.0
CL-12750,EV-202603-0550,ANON-0766,"an urgent maintenance check is needed because the filtration unit shows a service warning in CL3-B; and the condition has become more frequent, near the main entrance to the space at 16:20 case 2750",Water,Water:8,3,JIIT Sector 62,Labs & Research,CL3,lab,Ground Floor,CL3-B,28.62964,77.37261,Saturday,16,2026-03-21T10:50:00+00:00,4,Low,100,36,0,In Progress,2.4,0,0,web,an urgent maintenance check is needed because the filtration unit shows a service warning in cl3-b and the condition has become more frequent near the main entrance to the space at 16:20 case 2750,2026-03-21,2-4,High,Low,0.75,1.88936,-1.40615,2.0,1.0,34.0
CL-10400,EV-202509-0080,ANON-0401,"FOR THE SECOND TIME THIS WEEK THE HELP DESK IS CLOSED DURING PUBLISHED HOURS IN TS18; AFTER NORMAL TROUBLESHOOTING WAS ATTEMPTED, DURING A REGULAR TEACHING PERIOD AT 17:55 CASE 400   !!!",Other,Other:7,2,JIIT Sector 62,Academic & Teaching,A2/2,academic,Floor 1,TS18,28.63024,77.37275,Saturday,17,2025-09-06T12:25:00+00:00,2,High,77,42,0,Verified,4.55,0,0,mobile,for the second time this week the help desk is closed during published hours in ts18 after normal troubleshooting was attempted during a regular teaching period at 17:55 case 400,2025-09-06,4-7,High,Low,0.25,0.71025,-0.98454,1.0,0.0,45.0
CL-12053,EV-202601-0410,ANON-0243,"for the second time this week order processing has stopped at one counter in FF6; although nearby rooms remain usable, although nearby rooms remain usable at 15:24 case 2053",Water,Canteen:7,2,JIIT Sector 62,Academic & Teaching,Aryabhatt Bhawan III,academic,Floor 3,FF6,28.6299,77.37315,Thursday,15,2026-01-22T09:54:00+00:00,4,Low,43,61,0,Resolved,3.6,0,0,mobile,for the second time this week order processing has stopped at one counter in ff6 although nearby rooms remain usable although nearby rooms remain usable at 15:24 case 2053,2026-01-22,2-4,Medium,Medium,0.75,-1.03279,0.35055,2.0,0.0,48.0
CL-10155,EV-202508-0031,ANON-0530,"the current problem is that installed development tools fail to launch in Washroom G; during a regular teaching period, and several students are affected at 18:36 case 155",Lab Equipment,Lab Equipment:4,4,JIIT Sector 62,General & Utilities,Washrooms,utility,Ground Floor,Washroom G,28.62982,77.37326,Sunday,18,2025-08-17T13:06:00+00:00,4,Low,59,45,0,Verified,3.19,1,0,web,the current problem is that installed development tools fail to launch in washroom g during a regular teaching period and several students are affected at 18:36 case 155,2025-08-17,4-7,Medium,Low,0.75,-0.21254,-0.77374,1.0,1.0,14.0
CL-11409,EV-202511-0281,ANON-0620,"today we noticed that charging points are unavailable in FF6; the electrical supply needs inspection, and the issue lasts more than ten minutes at 13:27 case 1409",Other,Electrical:6,1,JIIT Sector 62,Academic & Teaching,Aryabhatt Bhawan III,academic,Floor 3,FF6,28.6299,77.37315,Saturday,13,2025-11-29T07:57:00+00:00,1,Critical,69,67,1,Open,7.1,0,0,web,today we noticed that charging points are unavailable in ff6 the electrical supply needs inspection and the issue lasts more than ten minutes at 13:27 case 1409,2025-11-29,12-2,Medium,Medium,0.0,0.30012,0.77215,0.0,0.0,0.0
CL-11188,EV-202511-0237,ANON-0145,"for the second time this week order processing has stopped at one counter in TS18; the food service operation is affected, although nearby rooms remain usable at 10:54 case 1188",Canteen,Canteen:7,2,JIIT Sector 62,Academic & Teaching,A2/2,academic,Floor 1,TS18,28.63024,77.37275,Tuesday,10,2025-11-11T05:24:00+00:00,3,Medium,95,50,1,Resolved,4.5,1,0,web,for the second time this week order processing has stopped at one counter in ts18 the food service operation is affected although nearby rooms remain usable at 10:54 case 1188,2025-11-11,8-10,High,Low,0.5,1.63303,-0.4224,0.0,0.0,0.0
CL-10151,EV-202508-0030,ANON-0558,"students report that the air conditioner stops cooling after midday in Digital Area; the electrical supply needs inspection, during a regular teaching period at 9:37 case 151",Electrical,Electrical:1,1,JIIT Sector 62,Library & Study,LRC,library,Floor 1,Digital Area,28.63002,77.37302,Saturday,9,2025-08-16T04:07:00+00:00,2,High,63,76,0,Open,4.65,1,0,web,students report that the air conditioner stops cooling after midday in digital area the electrical supply needs inspection during a regular teaching period at 9:37 case 151,2025-08-16,8-10,Medium,High,0.25,-0.00747,1.40456,2.0,0.0,25.5
CL-12566,EV-202603-0513,ANON-0554,"the class representative confirmed that the equipment interface stops responding during use in CR202; without any warning notice, without any warning notice at 16:53 case 2566",Lab Equipment,Lab Equipment:9,4,JIIT Sector 62,Academic & Teaching,Aryabhatt Bhawan II,academic,Floor 2,CR202,28.6297,77.3729,Friday,16,2026-03-06T11:23:00+00:00,2,High,63,54,0,Resolved,6.79,0,0,web,the class representative confirmed that the equipment interface stops responding during use in cr202 without any warning notice without any warning notice at 16:53 case 2566,2026-03-06,2-4,Medium,Medium,0.25,-0.00747,-0.14133,0.0,0.0,0.0
CL-11974,EV-202601-0394,ANON-0757,"for the second time this week the cleaning schedule appears to have been missed in CL1-A; this is a hygiene and cleanliness concern, while another campus service remains normal at 17:59 case 1974",Cleanliness,Cleanliness:7,2,JIIT Sector 62,Labs & Research,CL1,lab,Ground Floor,CL1-A,28.62958,77.37248,Thursday,17,2026-01-15T12:29:00+00:00,3,Medium,51,63,0,Verified,5.07,0,0,mobile,for the second time this week the cleaning schedule appears to have been missed in cl1-a this is a hygiene and cleanliness concern while another campus service remains normal at 17:59 case 1974,2026-01-15,4-7,Medium,Medium,0.5,-0.62266,0.49108,3.0,0.0,83.0
CL-10099,EV-202508-0019,ANON-0312,"for the second time this week the ventilation fan does not start in CL15-A; and the issue lasts more than ten minutes, and staff assistance has been requested at 8:58 case 99",Electrical,Electrical:7,2,JIIT Sector 62,Labs & Research,CL15,lab,Floor 1,CL15-A,28.62978,77.37254,Tuesday,8,2025-08-12T03:28:00+00:00,4,Low,74,55,0,Open,3.16,0,0,mobile,for the second time this week the ventilation fan does not start in cl15-a and the issue lasts more than ten minutes and staff assistance has been requested at 8:58 case 99,2025-08-12,8-10,High,Medium,0.75,0.55645,-0.07106,2.0,0.0,45.0
CL-12393,EV-202602-0478,ANON-0024,"please investigate because the service queue is moving very slowly in Washroom 1; after normal troubleshooting was attempted, while the area is moderately occupied at 14:03 case 2393",Canteen,Canteen:0,0,JIIT Sector 62,General & Utilities,Washrooms,utility,Floor 1,Washroom 1,28.62982,77.37326,Thursday,14,2026-02-19T08:33:00+00:00,3,Medium,73,42,0,Verified,3.19,0,0,web,please investigate because the service queue is moving very slowly in washroom 1 after normal troubleshooting was attempted while the area is moderately occupied at 14:03 case 2393,2026-02-19,12-2,High,Low,0.5,0.50518,-0.98454,0.0,0.0,0.0
CL-11079,EV-202511-0215,ANON-0360,"today we noticed that charging points are unavailable in H5 Corridor 2; and staff assistance has been requested, near the main entrance to the space at 17:22 case 1079",Electrical,Electrical:6,1,JIIT Sector 62,Hostels,H5 Boys Hostel,hostel,Floor 2,H5 Corridor 2,28.63075,77.37278,Sunday,17,2025-11-02T11:52:00+00:00,3,Medium,63,68,1,Escalated,5.49,1,0,mobile,today we noticed that charging points are unavailable in h5 corridor 2 and staff assistance has been requested near the main entrance to the space at 17:22 case 1079,2025-11-02,4-7,Medium,Medium,0.5,-0.00747,0.84242,2.0,0.0,22.0
CL-12171,EV-202602-0434,ANON-0291,"during the latest session the workstation cannot boot for the practical in CL3-B; and the condition has become more frequent, during a regular teaching period at 18:53 case 2171",Lab Equipment,Lab Equipment:2,2,JIIT Sector 62,Labs & Research,CL3,lab,Ground Floor,CL3-B,28.62964,77.37261,Sunday,18,2026-02-01T13:23:00+00:00,3,Medium,40,40,0,Resolved,3.87,0,0,mobile,during the latest session the workstation cannot boot for the practical in cl3-b and the condition has become more frequent during a regular teaching period at 18:53 case 2171,2026-02-01,4-7,Low,Low,0.5,-1.18658,-1.12507,0.0,0.0,0.0
CL-10741,EV-202510-0148,ANON-0626,"a repeated observation is that a power socket is loose and unsafe in CL15-B; while the area is moderately occupied, while the area is moderately occupied at 14:29 case 741",Electrical,Electrical:3,3,JIIT Sector 62,Labs & Research,CL15,lab,Floor 1,CL15-B,28.62978,77.37254,Sunday,14,2025-10-05T08:59:00+00:00,2,High,61,86,0,Open,4.81,0,0,web,a repeated observation is that a power socket is loose and unsafe in cl15-b while the area is moderately occupied while the area is moderately occupied at 14:29 case 741,2025-10-05,12-2,Medium,High,0.25,-0.11,2.10724,0.0,0.0,0.0
CL-12708,EV-202603-0541,ANON-0017,"students report that a monitor and keyboard are not detected in CL3-B; after normal troubleshooting was attempted, and the condition has become more frequent at 9:26 case 2708",Lab Equipment,Lab Equipment:1,1,JIIT Sector 62,Labs & Research,CL3,lab,Ground Floor,CL3-B,28.62964,77.37261,Wednesday,9,2026-03-18T03:56:00+00:00,3,Medium,57,64,1,Resolved,6.49,1,0,web,students report that a monitor and keyboard are not detected in cl3-b after normal troubleshooting was attempted and the condition has become more frequent at 9:26 case 2708,2026-03-18,8-10,Medium,Medium,0.5,-0.31507,0.56135,1.0,0.0,86.0
CL-12005,EV-202601-0401,ANON-0146,"staff were informed that dust and litter remain around the workstations in Indoor Court; although nearby rooms remain usable, and staff assistance has been requested at 9:48 case 2005",Cleanliness,Cleanliness:5,0,JIIT Sector 62,Sports & Recreation,Sports Complex,sports,Ground Floor,Indoor Court,28.63102,77.37322,Sunday,9,2026-01-18T04:18:00+00:00,3,Medium,53,56,0,Resolved,1.76,0,0,web,staff were informed that dust and litter remain around the workstations in indoor court although nearby rooms remain usable and staff assistance has been requested at 9:48 case 2005,2026-01-18,8-10,Medium,Medium,0.5,-0.52013,-0.00079,3.0,0.0,35.666666666666664
CL-11582,EV-202512-0316,ANON-0319,"please investigate because the projector loses its input after a few minutes in Washroom G; the physical infrastructure needs attention, while another campus service remains normal at 13:43 case 1582",Infrastructure,Infrastructure:0,0,JIIT Sector 62,General & Utilities,Washrooms,utility,Ground Floor,Washroom G,28.62982,77.37326,Sunday,13,2025-12-14T08:13:00+00:00,2,High,44,54,1,Escalated,6.92,0,0,mobile,please investigate because the projector loses its input after a few minutes in washroom g the physical infrastructure needs attention while another campus service remains normal at 13:43 case 1582,2025-12-14,12-2,Medium,Medium,0.25,-0.98152,-0.14133,1.0,0.0,27.0
CL-11898,EV-202601-0379,ANON-0070,"a repeated observation is that the wash area needs urgent sanitation in Basketball Court; this is a hygiene and cleanliness concern, and the condition has become more frequent at 11:34 case 1898",Cleanliness,Cleanliness:3,3,JIIT Sector 62,Sports & Recreation,Sports Complex,sports,Outdoor,Basketball Court,28.63102,77.37322,Friday,11,2026-01-09T06:04:00+00:00,2,High,89,81,1,Verified,7.7,1,0,mobile,a repeated observation is that the wash area needs urgent sanitation in basketball court this is a hygiene and cleanliness concern and the condition has become more frequent at 11:34 case 1898,2026-01-09,10-12,High,High,0.25,1.32544,1.7559,0.0,0.0,0.0
CL-12704,EV-202603-0540,ANON-0646,"today we noticed that the refill indicator has remained empty in Security Post; and the issue lasts more than ten minutes, after normal troubleshooting was attempted at 11:16 case 2704",Water,Water:6,1,JIIT Sector 62,General & Utilities,Main Gate,outdoor,Outdoor,Security Post,28.62938,77.37238,Tuesday,11,2026-03-17T05:46:00+00:00,3,Medium,99,47,0,In Progress,4.65,1,0,mobile,today we noticed that the refill indicator has remained empty in security post and the issue lasts more than ten minutes after normal troubleshooting was attempted at 11:16 case 2704,2026-03-17,10-12,High,Low,0.5,1.83809,-0.6332,0.0,0.0,0.0
CL-12663,EV-202603-0532,ANON-0742,"an urgent maintenance check is needed because video lectures buffer on the campus connection in Visitor Parking; the network service is affected, after normal troubleshooting was attempted at 17:22 case 2663",Network,Network:8,3,JIIT Sector 62,General & Utilities,Parking,outdoor,Outdoor,Visitor Parking,28.62945,77.37222,Saturday,17,2026-03-14T11:52:00+00:00,1,Critical,50,55,0,Open,5.77,0,0,kiosk,an urgent maintenance check is needed because video lectures buffer on the campus connection in visitor parking the network service is affected after normal troubleshooting was attempted at 17:22 case 2663,2026-03-14,4-7,Medium,Medium,0.0,-0.67393,-0.07106,1.0,1.0,28.0
CL-11066,EV-202511-0213,ANON-0687,"during the latest session lights flicker repeatedly during use in CL22-A; the electrical supply needs inspection, while another campus service remains normal at 17:15 case 1066",Electrical,Electrical:2,2,JIIT Sector 62,Labs & Research,CL22,lab,Floor 2,CL22-A,28.62986,77.37266,Saturday,17,2025-11-01T11:45:00+00:00,5,Low,63,68,0,In Progress,2.58,0,0,mobile,during the latest session lights flicker repeatedly during use in cl22-a the electrical supply needs inspection while another campus service remains normal at 17:15 case 1066,2025-11-01,4-7,Medium,Medium,1.0,-0.00747,0.84242,1.0,0.0,45.0
CL-11505,EV-202512-0301,ANON-0241,"during the latest session students are waiting too long for food service in G6; and the issue lasts more than ten minutes, after normal troubleshooting was attempted at 11:18 case 1505",Canteen,Canteen:2,2,JIIT Sector 62,Academic & Teaching,A2/2,academic,Ground Floor,G6,28.63024,77.37275,Sunday,11,2025-12-07T05:48:00+00:00,1,Critical,29,60,1,Open,5.21,1,0,mobile,during the latest session students are waiting too long for food service in g6 and the issue lasts more than ten minutes after normal troubleshooting was attempted at 11:18 case 1505,2025-12-07,10-12,Low,Medium,0.0,-1.75051,0.28028,2.0,0.0,67.5
CL-11692,EV-202512-0338,ANON-0628,"please investigate because the campus network drops repeatedly during class in Reception; without any warning notice, and staff assistance has been requested at 16:10 case 1692",Network,Network:0,0,JIIT Sector 62,General & Utilities,Administration Block,office,Ground Floor,Reception,28.62992,77.37334,Tuesday,16,2025-12-23T10:40:00+00:00,1,Critical,47,57,0,Open,6.66,0,0,mobile,please investigate because the campus network drops repeatedly during class in reception without any warning notice and staff assistance has been requested at 16:10 case 1692,2025-12-23,2-4,Medium,Medium,0.0,-0.82772,0.06948,0.0,0.0,0.0
CL-10434,EV-202509-0086,ANON-0296,"please investigate because the ceiling fans are not operating in H4 Corridor 2; the electrical supply needs inspection, near the main entrance to the space at 18:49 case 434",Electrical,Electrical:0,0,JIIT Sector 62,Hostels,H4 Boys Hostel,hostel,Floor 2,H4 Corridor 2,28.63062,77.37262,Tuesday,18,2025-09-09T13:19:00+00:00,1,Critical,80,30,0,Open,6.22,0,0,kiosk,please investigate because the ceiling fans are not operating in h4 corridor 2 the electrical supply needs inspection near the main entrance to the space at 18:49 case 434,2025-09-09,4-7,High,Low,0.0,0.86404,-1.82775,0.0,0.0,0.0
CL-12094,EV-202601-0418,ANON-0532,"please investigate because the projector loses its input after a few minutes in G2; the physical infrastructure needs attention, and it interrupts scheduled teaching at 11:01 case 2094",Infrastructure,Infrastructure:0,0,JIIT Sector 62,Academic & Teaching,Aryabhatt Bhawan III,academic,Floor 2,G2,28.6299,77.37315,Sunday,11,2026-01-25T05:31:00+00:00,2,High,76,65,0,Resolved,8.43,0,0,mobile,please investigate because the projector loses its input after a few minutes in g2 the physical infrastructure needs attention and it interrupts scheduled teaching at 11:01 case 2094,2026-01-25,10-12,High,Medium,0.25,0.65898,0.63162,4.0,1.0,62.5
CL-10837,EV-202510-0167,ANON-0218,"during the latest session the workstation cannot boot for the practical in CR202; while the area is moderately occupied, and it interrupts scheduled teaching at 8:50 case 837",Lab Equipment,Lab Equipment:2,2,JIIT Sector 62,Academic & Teaching,Aryabhatt Bhawan II,academic,Floor 2,CR202,28.6297,77.3729,Monday,8,2025-10-13T03:20:00+00:00,2,High,82,53,1,Open,6.87,0,0,mobile,during the latest session the workstation cannot boot for the practical in cr202 while the area is moderately occupied and it interrupts scheduled teaching at 8:50 case 837,2025-10-13,8-10,High,Medium,0.25,0.96658,-0.21159,1.0,0.0,68.0
CL-10210,EV-202508-0042,ANON-0040,"staff were informed that online resources time out during the session in CL22-B; during a regular teaching period, and staff assistance has been requested at 15:45 case 210",Network,Network:5,0,JIIT Sector 62,Labs & Research,CL22,lab,Floor 2,CL22-B,28.62986,77.37266,Thursday,15,2025-08-21T10:15:00+00:00,4,Low,34,48,0,Resolved,6.1,0,0,web,staff were informed that online resources time out during the session in cl22-b during a regular teaching period and staff assistance has been requested at 15:45 case 210,2025-08-21,2-4,Low,Low,0.75,-1.49418,-0.56293,0.0,0.0,0.0
CL-12119,EV-202601-0423,ANON-0399,"for the second time this week water is collecting beneath the dispenser in Digital Area; without any warning notice, and the issue lasts more than ten minutes at 12:48 case 2119",Water,Water:7,2,JIIT Sector 62,Library & Study,LRC,library,Floor 1,Digital Area,28.63002,77.37302,Tuesday,12,2026-01-27T07:18:00+00:00,5,Low,84,55,0,Resolved,3.45,0,0,web,for the second time this week water is collecting beneath the dispenser in digital area without any warning notice and the issue lasts more than ten minutes at 12:48 case 2119,2026-01-27,10-12,High,Medium,1.0,1.06911,-0.07106,1.0,0.0,33.0
CL-10585,EV-202509-0117,ANON-0160,"the class representative confirmed that backup power did not activate during an interruption in CS1; the electrical supply needs inspection, and the condition has become more frequent at 15:17 case 585",Electrical,Electrical:9,4,JIIT Sector 62,Academic & Teaching,Aryabhatt Bhawan III,academic,Floor 1,CS1,28.6299,77.37315,Monday,15,2025-09-22T09:47:00+00:00,2,High,51,36,1,Open,7.22,0,0,web,the class representative confirmed that backup power did not activate during an interruption in cs1 the electrical supply needs inspection and the condition has become more frequent at 15:17 case 585,2025-09-22,2-4,Medium,Low,0.25,-0.62266,-1.40615,5.0,2.0,47.8
CL-10765,EV-202510-0153,ANON-0431,"during the latest session the workstation cannot boot for the practical in H4 Corridor 1; while another campus service remains normal, after normal troubleshooting was attempted at 17:44 case 765",Lab Equipment,Lab Equipment:2,2,JIIT Sector 62,Hostels,H4 Boys Hostel,hostel,Floor 1,H4 Corridor 1,28.63062,77.37262,Tuesday,17,2025-10-07T12:14:00+00:00,3,Medium,48,61,0,Resolved,4.29,0,0,mobile,during the latest session the workstation cannot boot for the practical in h4 corridor 1 while another campus service remains normal after normal troubleshooting was attempted at 17:44 case 765,2025-10-07,4-7,Medium,Medium,0.5,-0.77646,0.35055,0.0,0.0,0.0
CL-12147,EV-202601-0429,ANON-0067,"for the second time this week order processing has stopped at one counter in H5 Common Room; after normal troubleshooting was attempted, and the condition has become more frequent at 15:04 case 2147",Canteen,Canteen:7,2,JIIT Sector 62,Hostels,H5 Boys Hostel,hostel,Ground Floor,H5 Common Room,28.63075,77.37278,Friday,15,2026-01-30T09:34:00+00:00,3,Medium,53,57,0,Open,6.01,0,0,mobile,for the second time this week order processing has stopped at one counter in h5 common room after normal troubleshooting was attempted and the condition has become more frequent at 15:04 case 2147,2026-01-30,2-4,Medium,Medium,0.5,-0.52013,0.06948,3.0,1.0,24.666666666666668
CL-10965,EV-202510-0193,ANON-0679,"staff were informed that the experiment console does not record readings in H4 Common Room; while the area is moderately occupied, near the main entrance to the space at 15:02 case 965",Lab Equipment,Lab Equipment:5,0,JIIT Sector 62,Hostels,H4 Boys Hostel,hostel,Ground Floor,H4 Common Room,28.63062,77.37262,Thursday,15,2025-10-23T09:32:00+00:00,5,Low,31,50,0,Resolved,4.97,0,0,mobile,staff were informed that the experiment console does not record readings in h4 common room while the area is moderately occupied near the main entrance to the space at 15:02 case 965,2025-10-23,2-4,Low,Low,1.0,-1.64798,-0.4224,1.0,1.0,48.0
CL-12117,EV-202601-0423,ANON-0034,"today we noticed that the corridor has a persistent hygiene problem in CS2; although nearby rooms remain usable, and it interrupts scheduled teaching at 16:20 case 2117",Cleanliness,Cleanliness:6,1,JIIT Sector 62,Academic & Teaching,Aryabhatt Bhawan III,academic,Floor 1,CS2,28.6299,77.37315,Tuesday,16,2026-01-27T10:50:00+00:00,3,Medium,59,58,0,In Progress,6.13,0,0,mobile,today we noticed that the corridor has a persistent hygiene problem in cs2 although nearby rooms remain usable and it interrupts scheduled teaching at 16:20 case 2117,2026-01-27,2-4,Medium,Medium,0.5,-0.21254,0.13974,3.0,1.0,42.0
CL-12408,EV-202602-0481,ANON-0613,"STUDENTS REPORT THAT SEVERAL DESKS HAVE LOOSE OR DAMAGED FITTINGS IN INDOOR COURT; AND IT INTERRUPTS SCHEDULED TEACHING, DURING A REGULAR TEACHING PERIOD AT 14:43 CASE 2408   !!!",Infrastructure,Infrastructure:1,1,JIIT Sector 62,Sports & Recreation,Sports Complex,sports,Ground Floor,Indoor Court,28.63102,77.37322,Saturday,14,2026-02-21T09:13:00+00:00,5,Low,59,72,1,Resolved,4.96,0,0,web,students report that several desks have loose or damaged fittings in indoor court and it interrupts scheduled teaching during a regular teaching period at 14:43 case 2408,2026-02-21,12-2,Medium,High,1.0,-0.21254,1.12349,2.0,0.0,36.5
CL-11631,EV-202512-0326,ANON-0443,"today we noticed that multiple computers show storage errors in CR202; laboratory equipment availability is affected, during a regular teaching period at 15:53 case 1631",Lab Equipment,Lab Equipment:6,1,JIIT Sector 62,Academic & Teaching,Aryabhatt Bhawan II,academic,Floor 2,CR202,28.6297,77.3729,Thursday,15,2025-12-18T10:23:00+00:00,1,Critical,30,30,0,Resolved,6.98,0,0,mobile,today we noticed that multiple computers show storage errors in cr202 laboratory equipment availability is affected during a regular teaching period at 15:53 case 1631,2025-12-18,2-4,Low,Low,0.0,-1.69924,-1.82775,2.0,1.0,41.5
CL-11623,EV-202512-0324,ANON-0472,"for the second time this week the wired connection cannot reach institute services in CS1; without any warning notice, after normal troubleshooting was attempted at 17:25 case 1623",Network,Network:7,2,JIIT Sector 62,Academic & Teaching,Aryabhatt Bhawan III,academic,Floor 1,CS1,28.6299,77.37315,Wednesday,17,2025-12-17T11:55:00+00:00,2,High,76,77,1,Resolved,4.56,1,0,kiosk,for the second time this week the wired connection cannot reach institute services in cs1 without any warning notice after normal troubleshooting was attempted at 17:25 case 1623,2025-12-17,4-7,High,High,0.25,0.65898,1.47483,2.0,0.0,53.0
CL-11260,EV-202511-0252,ANON-0790,"today we noticed that ceiling plaster appears loose near the entrance in TS11; during a regular teaching period, although nearby rooms remain usable at 8:43 case 1260",Infrastructure,Infrastructure:6,1,JIIT Sector 62,Academic & Teaching,A2/1,academic,Floor 1,TS11,28.6301,77.37255,Monday,8,2025-11-17T03:13:00+00:00,2,High,22,69,1,Resolved,7.9,0,0,web,today we noticed that ceiling plaster appears loose near the entrance in ts11 during a regular teaching period although nearby rooms remain usable at 8:43 case 1260,2025-11-17,8-10,Low,Medium,0.25,-2.10937,0.91269,1.0,0.0,116.0
CL-11424,EV-202512-0284,ANON-0798,"a repeated observation is that the nearest water point is not operational in Group Study; the water service needs attention, and the condition has become more frequent at 14:53 case 1424",Water,Water:3,3,JIIT Sector 62,Library & Study,LRC,library,Floor 1,Group Study,28.63002,77.37302,Monday,14,2025-12-01T09:23:00+00:00,1,Critical,90,45,1,Resolved,6.34,0,0,mobile,a repeated observation is that the nearest water point is not operational in group study the water service needs attention and the condition has become more frequent at 14:53 case 1424,2025-12-01,12-2,High,Low,0.0,1.3767,-0.77374,0.0,0.0,0.0
CL-10528,EV-202509-0105,ANON-0047,"students report that only one billing counter is open during the rush in CL15-B; the food service operation is affected, while another campus service remains normal at 10:24 case 528",Canteen,Canteen:1,1,JIIT Sector 62,Labs & Research,CL15,lab,Floor 1,CL15-B,28.62978,77.37254,Wednesday,10,2025-09-17T04:54:00+00:00,1,Critical,99,84,1,Resolved,5.75,0,0,mobile,students report that only one billing counter is open during the rush in cl15-b the food service operation is affected while another campus service remains normal at 10:24 case 528,2025-09-17,8-10,High,High,0.0,1.83809,1.9667,2.0,0.0,20.5
CL-11954,EV-202601-0390,ANON-0208,"please investigate because the service queue is moving very slowly in Digital Area; the food service operation is affected, although nearby rooms remain usable at 14:43 case 1954",Canteen,Canteen:0,0,JIIT Sector 62,Library & Study,LRC,library,Floor 1,Digital Area,28.63002,77.37302,Wednesday,14,2026-01-14T09:13:00+00:00,3,Medium,54,56,0,Verified,6.86,1,0,mobile,please investigate because the service queue is moving very slowly in digital area the food service operation is affected although nearby rooms remain usable at 14:43 case 1954,2026-01-14,12-2,Medium,Medium,0.5,-0.46886,-0.00079,0.0,0.0,0.0
CL-12476,EV-202602-0495,ANON-0382,"an urgent maintenance check is needed because the lunch rush is blocking the entrance in Reading Hall; the food service operation is affected, and several students are affected at 17:32 case 2476",Canteen,Canteen:8,3,JIIT Sector 62,Library & Study,LRC,library,Ground Floor,Reading Hall,28.63002,77.37302,Thursday,17,2026-02-26T12:02:00+00:00,4,Low,73,58,0,Verified,5.19,0,0,mobile,an urgent maintenance check is needed because the lunch rush is blocking the entrance in reading hall the food service operation is affected and several students are affected at 17:32 case 2476,2026-02-26,4-7,High,Medium,0.75,0.50518,0.13974,0.0,0.0,0.0
CL-12760,EV-202603-0552,ANON-0170,"during the latest session the classroom door cannot close safely in CL22-A; the physical infrastructure needs attention, after normal troubleshooting was attempted at 15:19 case 2760",Infrastructure,Infrastructure:2,2,JIIT Sector 62,Labs & Research,CL22,lab,Floor 2,CL22-A,28.62986,77.37266,Sunday,15,2026-03-22T09:49:00+00:00,3,Medium,37,62,0,In Progress,5.55,0,0,web,during the latest session the classroom door cannot close safely in cl22-a the physical infrastructure needs attention after normal troubleshooting was attempted at 15:19 case 2760,2026-03-22,2-4,Low,Medium,0.5,-1.34038,0.42081,2.0,0.0,26.0
CL-11531,EV-202512-0306,ANON-0091,"for the second time this week the lecture-room screen does not lower correctly in TS11; the physical infrastructure needs attention, and staff assistance has been requested at 13:34 case 1531",Infrastructure,Infrastructure:7,2,JIIT Sector 62,Academic & Teaching,A2/1,academic,Floor 1,TS11,28.6301,77.37255,Tuesday,13,2025-12-09T08:04:00+00:00,2,High,43,48,1,Resolved,13.72,0,1,mobile,for the second time this week the lecture-room screen does not lower correctly in ts11 the physical infrastructure needs attention and staff assistance has been requested at 13:34 case 1531,2025-12-09,12-2,Medium,Low,0.25,-1.03279,-0.56293,0.0,0.0,0.0
CL-11421,EV-202511-0284,ANON-0124,"the current problem is that a chair is blocking the aisle because its leg is broken in Digital Area; and the condition has become more frequent, and several students are affected at 10:34 case 1421",Infrastructure,Infrastructure:4,4,JIIT Sector 62,Library & Study,LRC,library,Floor 1,Digital Area,28.63002,77.37302,Sunday,10,2025-11-30T05:04:00+00:00,3,Medium,29,45,0,Resolved,4.16,0,0,mobile,the current problem is that a chair is blocking the aisle because its leg is broken in digital area and the condition has become more frequent and several students are affected at 10:34 case 1421,2025-11-30,8-10,Low,Low,0.5,-1.75051,-0.77374,3.0,0.0,55.0
CL-12714,EV-202603-0542,ANON-0166,"the class representative confirmed that the login portal loops without granting access in CL3-A; the network service is affected, and the condition has become more frequent at 10:11 case 2714",Network,Network:9,4,JIIT Sector 62,Labs & Research,CL3,lab,Ground Floor,CL3-A,28.62964,77.37261,Wednesday,10,2026-03-18T04:41:00+00:00,2,High,58,51,1,In Progress,5.47,1,0,mobile,the class representative confirmed that the login portal loops without granting access in cl3-a the network service is affected and the condition has become more frequent at 10:11 case 2714,2026-03-18,8-10,Medium,Medium,0.25,-0.2638,-0.35213,1.0,0.0,86.0
CL-10282,EV-202508-0056,ANON-0128,"a repeated observation is that a campus service is unavailable without an explanation in CR102; and the issue lasts more than ten minutes, although nearby rooms remain usable at 9:16 case 282",Other,Other:3,3,JIIT Sector 62,Academic & Teaching,Aryabhatt Bhawan II,academic,Floor 1,CR102,28.6297,77.3729,Wednesday,9,2025-08-27T03:46:00+00:00,4,Low,39,23,1,Resolved,7.13,0,0,kiosk,a repeated observation is that a campus service is unavailable without an explanation in cr102 and the issue lasts more than ten minutes although nearby rooms remain usable at 9:16 case 282,2025-08-27,8-10,Low,Low,0.75,-1.23785,-2.31963,2.0,0.0,44.0
CL-10142,EV-202508-0028,ANON-0413,"students report that a monitor and keyboard are not detected in H5 Corridor 2; without any warning notice, while the area is moderately occupied at 9:36 case 142",Lab Equipment,Lab Equipment:1,1,JIIT Sector 62,Hostels,H5 Boys Hostel,hostel,Floor 2,H5 Corridor 2,28.63075,77.37278,Saturday,9,2025-08-16T04:06:00+00:00,4,Low,56,70,0,In Progress,4.28,0,0,web,students report that a monitor and keyboard are not detected in h5 corridor 2 without any warning notice while the area is moderately occupied at 9:36 case 142,2025-08-16,8-10,Medium,Medium,0.75,-0.36633,0.98296,1.0,0.0,55.0
CL-12373,EV-202602-0474,ANON-0662,"for the second time this week the wired connection cannot reach institute services in TS11; the network service is affected, while the area is moderately occupied at 18:27 case 2373",Network,Network:7,2,JIIT Sector 62,Academic & Teaching,A2/1,academic,Floor 1,TS11,28.6301,77.37255,Wednesday,18,2026-02-18T12:57:00+00:00,3,Medium,38,34,0,In Progress,6.43,0,0,mobile,for the second time this week the wired connection cannot reach institute services in ts11 the network service is affected while the area is moderately occupied at 18:27 case 2373,2026-02-18,4-7,Low,Low,0.5,-1.28912,-1.54668,1.0,0.0,61.0
CL-11729,EV-202512-0345,ANON-0357,"an urgent maintenance check is needed because signage for the room is missing in Group Study; the physical infrastructure needs attention, although nearby rooms remain usable at 11:28 case 1729",Infrastructure,Infrastructure:8,3,JIIT Sector 62,Library & Study,LRC,library,Floor 1,Group Study,28.63002,77.37302,Friday,11,2025-12-26T05:58:00+00:00,4,Low,83,52,0,Resolved,6.07,1,0,mobile,an urgent maintenance check is needed because signage for the room is missing in group study the physical infrastructure needs attention although nearby rooms remain usable at 11:28 case 1729,2025-12-26,10-12,High,Medium,0.75,1.01784,-0.28186,3.0,0.0,48.0
CL-10185,EV-202508-0037,ANON-0612,"the current problem is that the cooler produces warm water only in H4 Corridor 1; while another campus service remains normal, and the condition has become more frequent at 9:46 case 185",Water,Water:4,4,JIIT Sector 62,Hostels,H4 Boys Hostel,hostel,Floor 1,H4 Corridor 1,28.63062,77.37262,Tuesday,9,2025-08-19T04:16:00+00:00,3,Medium,56,36,1,In Progress,4.23,0,0,web,the current problem is that the cooler produces warm water only in h4 corridor 1 while another campus service remains normal and the condition has become more frequent at 9:46 case 185,2025-08-19,8-10,Medium,Low,0.5,-0.36633,-1.40615,1.0,0.0,30.0
CL-12776,EV-202603-0555,ANON-0343,"during the latest session the common area is overcrowded in TS17; campus operations are being disrupted, while the area is moderately occupied at 17:09 case 2776",Other,Other:2,2,JIIT Sector 62,Academic & Teaching,A2/2,academic,Floor 1,TS17,28.63024,77.37275,Monday,17,2026-03-23T11:39:00+00:00,2,High,97,57,0,Verified,11.76,1,1,web,during the latest session the common area is overcrowded in ts17 campus operations are being disrupted while the area is moderately occupied at 17:09 case 2776,2026-03-23,4-7,High,Medium,0.25,1.73556,0.06948,1.0,1.0,31.0
CL-11166,EV-202511-0233,ANON-0418,"an urgent maintenance check is needed because a switchboard becomes warm during operation in GH Corridor 1; near the main entrance to the space, and the issue lasts more than ten minutes at 17:37 case 1166",Electrical,Electrical:8,3,JIIT Sector 62,Hostels,Girls Hostel,hostel,Floor 1,GH Corridor 1,28.63087,77.37294,Sunday,17,2025-11-09T12:07:00+00:00,3,Medium,55,65,0,Resolved,5.27,0,0,kiosk,an urgent maintenance check is needed because a switchboard becomes warm during operation in gh corridor 1 near the main entrance to the space and the issue lasts more than ten minutes at 17:37 case 1166,2025-11-09,4-7,Medium,Medium,0.5,-0.4176,0.63162,1.0,0.0,90.0
CL-10943,EV-202510-0188,ANON-0037,"please investigate because the campus network drops repeatedly during class in Main Hall; the network service is affected, while another campus service remains normal at 14:17 case 943",Network,Network:0,0,JIIT Sector 62,General & Utilities,Auditorium,common,Ground Floor,Main Hall,28.63016,77.3733,Tuesday,14,2025-10-21T08:47:00+00:00,2,High,98,40,0,In Progress,5.34,0,0,mobile,please investigate because the campus network drops repeatedly during class in main hall the network service is affected while another campus service remains normal at 14:17 case 943,2025-10-21,12-2,High,Low,0.25,1.78683,-1.12507,0.0,0.0,0.0
CL-11389,EV-202511-0277,ANON-0075,"please investigate because several systems freeze during compilation in TS18; laboratory equipment availability is affected, while another campus service remains normal at 10:36 case 1389",Lab Equipment,Lab Equipment:0,0,JIIT Sector 62,Academic & Teaching,A2/2,academic,Floor 1,TS18,28.63024,77.37275,Friday,10,2025-11-28T05:06:00+00:00,1,Critical,52,68,1,Resolved,4.5,1,0,mobile,please investigate because several systems freeze during compilation in ts18 laboratory equipment availability is affected while another campus service remains normal at 10:36 case 1389,2025-11-28,8-10,Medium,Medium,0.0,-0.5714,0.84242,5.0,0.0,28.8
CL-12484,EV-202602-0496,ANON-0475,"staff were informed that dust and litter remain around the workstations in Student Parking; during a regular teaching period, while the area is moderately occupied at 16:23 case 2484",Cleanliness,Cleanliness:5,0,JIIT Sector 62,General & Utilities,Parking,outdoor,Outdoor,Student Parking,28.62945,77.37222,Friday,16,2026-02-27T10:53:00+00:00,4,Low,68,37,0,Escalated,4.81,0,0,mobile,staff were informed that dust and litter remain around the workstations in student parking during a regular teaching period while the area is moderately occupied at 16:23 case 2484,2026-02-27,2-4,Medium,Low,0.75,0.24886,-1.33588,0.0,0.0,0.0
CL-11991,EV-202601-0398,ANON-0764,"please investigate because the projector loses its input after a few minutes in Student Parking; during a regular teaching period, during a regular teaching period at 8:09 case 1991",Infrastructure,Infrastructure:0,0,JIIT Sector 62,General & Utilities,Parking,outdoor,Outdoor,Student Parking,28.62945,77.37222,Saturday,8,2026-01-17T02:39:00+00:00,4,Low,76,45,1,In Progress,6.17,0,0,mobile,please investigate because the projector loses its input after a few minutes in student parking during a regular teaching period during a regular teaching period at 8:09 case 1991,2026-01-17,8-10,High,Low,0.75,0.65898,-0.77374,2.0,0.0,30.5
CL-11533,EV-202512-0306,ANON-0445,"the class representative confirmed that the supply is unavailable on this floor in TS12; the water service needs attention, although nearby rooms remain usable at 13:21 case 1533",Water,Water:9,4,JIIT Sector 62,Academic & Teaching,A2/1,academic,Floor 1,TS12,28.6301,77.37255,Wednesday,13,2025-12-10T07:51:00+00:00,5,Low,50,53,0,Open,4.07,0,0,mobile,the class representative confirmed that the supply is unavailable on this floor in ts12 the water service needs attention although nearby rooms remain usable at 13:21 case 1533,2025-12-10,12-2,Medium,Medium,1.0,-0.67393,-0.21159,2.0,0.0,28.5
CL-12748,EV-202603-0549,ANON-0578,"a repeated observation is that a campus service is unavailable without an explanation in G2; campus operations are being disrupted, and the condition has become more frequent at 14:31 case 2748",Other,Other:3,3,JIIT Sector 62,Academic & Teaching,Aryabhatt Bhawan III,academic,Floor 2,G2,28.6299,77.37315,Saturday,14,2026-03-21T09:01:00+00:00,5,Low,70,28,0,Resolved,3.7,1,0,kiosk,a repeated observation is that a campus service is unavailable without an explanation in g2 campus operations are being disrupted and the condition has become more frequent at 14:31 case 2748,2026-03-21,12-2,Medium,Low,1.0,0.35139,-1.96829,2.0,1.0,67.5
CL-12162,EV-202601-0432,ANON-0430,"today we noticed that multiple computers show storage errors in H5 Corridor 1; and it interrupts scheduled teaching, without any warning notice at 8:29 case 2162",Lab Equipment,Lab Equipment:6,1,JIIT Sector 62,Hostels,H5 Boys Hostel,hostel,Floor 1,H5 Corridor 1,28.63075,77.37278,Saturday,8,2026-01-31T02:59:00+00:00,2,High,67,53,0,In Progress,5.99,0,0,web,today we noticed that multiple computers show storage errors in h5 corridor 1 and it interrupts scheduled teaching without any warning notice at 8:29 case 2162,2026-01-31,8-10,Medium,Medium,0.25,0.19759,-0.21159,1.0,1.0,47.0
CL-10634,EV-202509-0126,ANON-0210,"the class representative confirmed that waiting time is longer than the scheduled break in H4 Corridor 2; the food service operation is affected, and it interrupts scheduled teaching at 9:01 case 634",Canteen,Canteen:9,4,JIIT Sector 62,Hostels,H4 Boys Hostel,hostel,Floor 2,H4 Corridor 2,28.63062,77.37262,Friday,9,2025-09-26T03:31:00+00:00,3,Medium,18,65,0,Resolved,5.93,0,0,mobile,the class representative confirmed that waiting time is longer than the scheduled break in h4 corridor 2 the food service operation is affected and it interrupts scheduled teaching at 9:01 case 634,2025-09-26,8-10,Low,Medium,0.5,-2.31443,0.63162,0.0,0.0,0.0
CL-11596,EV-202512-0319,ANON-0109,"today we noticed that seating capacity is insufficient during the meal break in G1; without any warning notice, after normal troubleshooting was attempted at 11:12 case 1596",Canteen,Canteen:6,1,JIIT Sector 62,Academic & Teaching,A2/1,academic,Ground Floor,G1,28.6301,77.37255,Monday,11,2025-12-15T05:42:00+00:00,3,Medium,88,34,1,Resolved,6.69,0,0,mobile,today we noticed that seating capacity is insufficient during the meal break in g1 without any warning notice after normal troubleshooting was attempted at 11:12 case 1596,2025-12-15,10-12,High,Low,0.5,1.27417,-1.54668,4.0,1.0,45.25
CL-10754,EV-202510-0150,ANON-0363,"the class representative confirmed that waiting time is longer than the scheduled break in Group Study; near the main entrance to the space, during a regular teaching period at 13:48 case 754",Canteen,Canteen:9,4,JIIT Sector 62,Library & Study,LRC,library,Floor 1,Group Study,28.63002,77.37302,Monday,13,2025-10-06T08:18:00+00:00,3,Medium,48,71,1,Open,5.03,1,0,mobile,the class representative confirmed that waiting time is longer than the scheduled break in group study near the main entrance to the space during a regular teaching period at 13:48 case 754,2025-10-06,12-2,Medium,High,0.5,-0.77646,1.05322,0.0,0.0,0.0
CL-11001,EV-202510-0200,ANON-0394,"please investigate because the service queue is moving very slowly in CR102; and staff assistance has been requested, after normal troubleshooting was attempted at 14:48 case 1001",Canteen,Canteen:0,0,JIIT Sector 62,Academic & Teaching,Aryabhatt Bhawan II,academic,Floor 1,CR102,28.6297,77.3729,Sunday,14,2025-10-26T09:18:00+00:00,5,Low,77,53,0,Open,1.85,0,0,web,please investigate because the service queue is moving very slowly in cr102 and staff assistance has been requested after normal troubleshooting was attempted at 14:48 case 1001,2025-10-26,12-2,High,Medium,1.0,0.71025,-0.21159,3.0,0.0,27.0
CL-12019,EV-202601-0403,ANON-0213,"staff were informed that an electrical panel is making an unusual sound in H4 Corridor 1; the electrical supply needs inspection, near the main entrance to the space at 16:49 case 2019",Electrical,Electrical:5,0,JIIT Sector 62,Hostels,H4 Boys Hostel,hostel,Floor 1,H4 Corridor 1,28.63062,77.37262,Monday,16,2026-01-19T11:19:00+00:00,1,Critical,51,28,0,In Progress,7.91,0,0,mobile,staff were informed that an electrical panel is making an unusual sound in h4 corridor 1 the electrical supply needs inspection near the main entrance to the space at 16:49 case 2019,2026-01-19,2-4,Medium,Low,0.0,-0.62266,-1.96829,2.0,0.0,83.0
CL-12158,EV-202601-0431,ANON-0344,"today we noticed that the notice board contains outdated information in TS18; campus operations are being disrupted, and the issue lasts more than ten minutes at 12:33 case 2158",Other,Other:6,1,JIIT Sector 62,Academic & Teaching,A2/2,academic,Floor 1,TS18,28.63024,77.37275,Saturday,12,2026-01-31T07:03:00+00:00,3,Medium,25,76,0,Verified,3.17,0,0,mobile,today we noticed that the notice board contains outdated information in ts18 campus operations are being disrupted and the issue lasts more than ten minutes at 12:33 case 2158,2026-01-31,10-12,Low,High,0.5,-1.95557,1.40456,3.0,1.0,31.0
CL-10655,EV-202509-0131,ANON-0326,"for the second time this week water is collecting beneath the dispenser in Basketball Court; and it interrupts scheduled teaching, after normal troubleshooting was attempted at 14:08 case 655",Water,Water:7,2,JIIT Sector 62,Sports & Recreation,Sports Complex,sports,Outdoor,Basketball Court,28.63102,77.37322,Saturday,14,2025-09-27T08:38:00+00:00,3,Medium,61,63,0,In Progress,7.79,0,0,web,for the second time this week water is collecting beneath the dispenser in basketball court and it interrupts scheduled teaching after normal troubleshooting was attempted at 14:08 case 655,2025-09-27,12-2,Medium,Medium,0.5,-0.11,0.49108,0.0,0.0,0.0
CL-12312,EV-202602-0462,ANON-0462,"today we noticed that network coverage disappears near the back rows in TS12; after normal troubleshooting was attempted, and the condition has become more frequent at 8:36 case 2312",Network,Network:6,1,JIIT Sector 62,Academic & Teaching,A2/1,academic,Floor 1,TS12,28.6301,77.37255,Friday,8,2026-02-13T03:06:00+00:00,4,Low,52,38,1,Resolved,6.87,1,0,mobile,today we noticed that network coverage disappears near the back rows in ts12 after normal troubleshooting was attempted and the condition has become more frequent at 8:36 case 2312,2026-02-13,8-10,Medium,Low,0.75,-0.5714,-1.26561,2.0,0.0,21.5
CL-10408,EV-202509-0081,ANON-0597,"students report that only one billing counter is open during the rush in Washroom G; near the main entrance to the space, near the main entrance to the space at 12:30 case 408",Canteen,Canteen:1,1,JIIT Sector 62,General & Utilities,Washrooms,utility,Ground Floor,Washroom G,28.62982,77.37326,Sunday,12,2025-09-07T07:00:00+00:00,3,Medium,92,50,0,Resolved,4.09,1,0,mobile,students report that only one billing counter is open during the rush in washroom g near the main entrance to the space near the main entrance to the space at 12:30 case 408,2025-09-07,10-12,High,Low,0.5,1.47923,-0.4224,0.0,0.0,0.0
CL-12499,EV-202602-0499,ANON-0691,"a repeated observation is that internet speed falls below a usable level in Visitor Parking; and the condition has become more frequent, near the main entrance to the space at 8:28 case 2499",Network,Network:3,3,JIIT Sector 62,General & Utilities,Parking,outdoor,Outdoor,Visitor Parking,28.62945,77.37222,Saturday,8,2026-02-28T02:58:00+00:00,4,Low,50,78,0,Verified,5.29,0,0,web,a repeated observation is that internet speed falls below a usable level in visitor parking and the condition has become more frequent near the main entrance to the space at 8:28 case 2499,2026-02-28,8-10,Medium,High,0.75,-0.67393,1.5451,3.0,0.0,42.0
CL-12435,EV-202602-0487,ANON-0256,"an urgent maintenance check is needed because the filtration unit shows a service warning in H5 Corridor 1; during a regular teaching period, and it interrupts scheduled teaching at 11:26 case 2435",Water,Water:8,3,JIIT Sector 62,Hostels,H5 Boys Hostel,hostel,Floor 1,H5 Corridor 1,28.63075,77.37278,Monday,11,2026-02-23T05:56:00+00:00,4,Low,62,68,0,Resolved,4.69,1,0,mobile,an urgent maintenance check is needed because the filtration unit shows a service warning in h5 corridor 1 during a regular teaching period and it interrupts scheduled teaching at 11:26 case 2435,2026-02-23,10-12,Medium,Medium,0.75,-0.05874,0.84242,2.0,0.0,81.0
CL-11886,EV-202601-0377,ANON-0070,"students report that the air conditioner stops cooling after midday in H5 Corridor 1; the electrical supply needs inspection, during a regular teaching period at 11:32 case 1886",Electrical,Electrical:1,1,JIIT Sector 62,Hostels,H5 Boys Hostel,hostel,Floor 1,H5 Corridor 1,28.63075,77.37278,Thursday,11,2026-01-08T06:02:00+00:00,3,Medium,88,59,0,In Progress,5.37,0,0,mobile,students report that the air conditioner stops cooling after midday in h5 corridor 1 the electrical supply needs inspection during a regular teaching period at 11:32 case 1886,2026-01-08,10-12,High,Medium,0.5,1.27417,0.21001,1.0,0.0,60.0
CL-10898,EV-202510-0179,ANON-0632,"a repeated observation is that the wash area needs urgent sanitation in G6; without any warning notice, and several students are affected at 13:24 case 898",Cleanliness,Cleanliness:3,3,JIIT Sector 62,Academic & Teaching,A2/2,academic,Ground Floor,G6,28.63024,77.37275,Saturday,13,2025-10-18T07:54:00+00:00,1,Critical,63,61,0,Resolved,6.08,0,0,web,a repeated observation is that the wash area needs urgent sanitation in g6 without any warning notice and several students are affected at 13:24 case 898,2025-10-18,12-2,Medium,Medium,0.0,-0.00747,0.35055,3.0,0.0,34.0
CL-12613,EV-202603-0522,ANON-0108,"an urgent maintenance check is needed because video lectures buffer on the campus connection in CR201; while the area is moderately occupied, while another campus service remains normal at 8:31 case 2613",Network,Network:8,3,JIIT Sector 62,Academic & Teaching,Aryabhatt Bhawan II,academic,Floor 2,CR201,28.6297,77.3729,Tuesday,8,2026-03-10T03:01:00+00:00,1,Critical,81,32,0,Open,3.85,1,0,mobile,an urgent maintenance check is needed because video lectures buffer on the campus connection in cr201 while the area is moderately occupied while another campus service remains normal at 8:31 case 2613,2026-03-10,8-10,High,Low,0.0,0.91531,-1.68722,2.0,1.0,39.0
CL-10274,EV-202508-0054,ANON-0788,"an urgent maintenance check is needed because standing water is creating an unhygienic patch in TS11; this is a hygiene and cleanliness concern, and it interrupts scheduled teaching at 15:49 case 274",Cleanliness,Cleanliness:8,3,JIIT Sector 62,Academic & Teaching,A2/1,academic,Floor 1,TS11,28.6301,77.37255,Wednesday,15,2025-08-27T10:19:00+00:00,4,Low,52,65,0,Verified,4.89,1,0,mobile,an urgent maintenance check is needed because standing water is creating an unhygienic patch in ts11 this is a hygiene and cleanliness concern and it interrupts scheduled teaching at 15:49 case 274,2025-08-27,2-4,Medium,Medium,0.75,-0.5714,0.63162,3.0,1.0,45.666666666666664
CL-10834,EV-202510-0166,ANON-0484,"staff were informed that billing and collection lines are merging into one queue in Cooler A; the food service operation is affected, while the area is moderately occupied at 12:43 case 834",Canteen,Canteen:5,0,JIIT Sector 62,General & Utilities,Water Points,utility,Ground Floor,Cooler A,28.63005,77.37238,Sunday,12,2025-10-12T07:13:00+00:00,2,High,95,78,1,In Progress,2.64,1,0,mobile,staff were informed that billing and collection lines are merging into one queue in cooler a the food service operation is affected while the area is moderately occupied at 12:43 case 834,2025-10-12,10-12,High,High,0.25,1.63303,1.5451,2.0,0.0,40.5
CL-12277,EV-202602-0455,ANON-0268,"the current problem is that the room loses power for short intervals in Basketball Court; during a regular teaching period, and the issue lasts more than ten minutes at 16:14 case 2277",Electrical,Electrical:4,4,JIIT Sector 62,Sports & Recreation,Sports Complex,sports,Outdoor,Basketball Court,28.63102,77.37322,Tuesday,16,2026-02-10T10:44:00+00:00,3,Medium,67,75,0,Verified,2.91,0,0,mobile,the current problem is that the room loses power for short intervals in basketball court during a regular teaching period and the issue lasts more than ten minutes at 16:14 case 2277,2026-02-10,2-4,Medium,High,0.5,0.19759,1.33429,2.0,0.0,31.5
CL-11139,EV-202511-0227,ANON-0549,"students report that water is leaking into the walking area in Cooler B; the water service needs attention, near the main entrance to the space at 13:04 case 1139",Water,Water:1,1,JIIT Sector 62,General & Utilities,Water Points,utility,Ground Floor,Cooler B,28.63005,77.37238,Friday,13,2025-11-07T07:34:00+00:00,3,Medium,100,45,1,Escalated,5.17,0,0,web,students report that water is leaking into the walking area in cooler b the water service needs attention near the main entrance to the space at 13:04 case 1139,2025-11-07,12-2,High,Low,0.5,1.88936,-0.77374,2.0,0.0,15.5
CL-11654,EV-202512-0330,ANON-0348,"for the second time this week the lecture-room screen does not lower correctly in Washroom 1; and it interrupts scheduled teaching, near the main entrance to the space at 12:08 case 1654",Infrastructure,Infrastructure:7,2,JIIT Sector 62,General & Utilities,Washrooms,utility,Floor 1,Washroom 1,28.62982,77.37326,Saturday,12,2025-12-20T06:38:00+00:00,1,Critical,31,40,0,In Progress,6.1,0,0,mobile,for the second time this week the lecture-room screen does not lower correctly in washroom 1 and it interrupts scheduled teaching near the main entrance to the space at 12:08 case 1654,2025-12-20,10-12,Low,Low,0.0,-1.64798,-1.12507,1.0,0.0,50.0
CL-12057,EV-202601-0411,ANON-0441,"today we noticed that ceiling plaster appears loose near the entrance in Visitor Parking; the physical infrastructure needs attention, and staff assistance has been requested at 16:20 case 2057",Infrastructure,Infrastructure:6,1,JIIT Sector 62,General & Utilities,Parking,outdoor,Outdoor,Visitor Parking,28.62945,77.37222,Thursday,16,2026-01-22T10:50:00+00:00,4,Low,74,59,0,Resolved,5.94,1,0,kiosk,today we noticed that ceiling plaster appears loose near the entrance in visitor parking the physical infrastructure needs attention and staff assistance has been requested at 16:20 case 2057,2026-01-22,2-4,High,Medium,0.75,0.55645,0.21001,1.0,0.0,20.0
CL-11876,EV-202601-0375,ANON-0455,"the current problem is that the cooler produces warm water only in TS18; the water service needs attention, and the condition has become more frequent at 15:46 case 1876",Water,Water:4,4,JIIT Sector 62,Academic & Teaching,A2/2,academic,Floor 1,TS18,28.63024,77.37275,Wednesday,15,2026-01-07T10:16:00+00:00,3,Medium,51,35,0,Resolved,5.29,0,0,mobile,the current problem is that the cooler produces warm water only in ts18 the water service needs attention and the condition has become more frequent at 15:46 case 1876,2026-01-07,2-4,Medium,Low,0.5,-0.62266,-1.47641,1.0,0.0,30.0
CL-10257,EV-202508-0051,ANON-0683,"for the second time this week the cleaning schedule appears to have been missed in TS18; this is a hygiene and cleanliness concern, although nearby rooms remain usable at 11:24 case 257",Cleanliness,Cleanliness:7,2,JIIT Sector 62,Academic & Teaching,A2/2,academic,Floor 1,TS18,28.63024,77.37275,Monday,11,2025-08-25T05:54:00+00:00,4,Low,72,43,0,Resolved,4.16,0,0,mobile,for the second time this week the cleaning schedule appears to have been missed in ts18 this is a hygiene and cleanliness concern although nearby rooms remain usable at 11:24 case 257,2025-08-25,10-12,High,Low,0.75,0.45392,-0.91427,2.0,0.0,28.0
CL-12486,EV-202602-0497,ANON-0270,"please investigate because the projector loses its input after a few minutes in H5 Corridor 1; and several students are affected, during a regular teaching period at 11:06 case 2486",Infrastructure,Infrastructure:0,0,JIIT Sector 62,Hostels,H5 Boys Hostel,hostel,Floor 1,H5 Corridor 1,28.63075,77.37278,Friday,11,2026-02-27T05:36:00+00:00,3,Medium,16,60,0,Verified,11.55,0,1,web,please investigate because the projector loses its input after a few minutes in h5 corridor 1 and several students are affected during a regular teaching period at 11:06 case 2486,2026-02-27,10-12,Low,Medium,0.5,-2.41696,0.28028,1.0,1.0,51.0
CL-10118,EV-202508-0023,ANON-0782,"today we noticed that multiple computers show storage errors in FF6; laboratory equipment availability is affected, while the area is moderately occupied at 10:01 case 118",Lab Equipment,Lab Equipment:6,1,JIIT Sector 62,Academic & Teaching,Aryabhatt Bhawan III,academic,Floor 3,FF6,28.6299,77.37315,Thursday,10,2025-08-14T04:31:00+00:00,2,High,32,50,0,Resolved,5.14,0,0,kiosk,today we noticed that multiple computers show storage errors in ff6 laboratory equipment availability is affected while the area is moderately occupied at 10:01 case 118,2025-08-14,8-10,Low,Low,0.25,-1.59671,-0.4224,1.0,0.0,81.0
CL-10790,EV-202510-0158,ANON-0591,"the current problem is that the pickup counter is overcrowded in CL1-A; although nearby rooms remain usable, during a regular teaching period at 8:21 case 790",Canteen,Canteen:4,4,JIIT Sector 62,Labs & Research,CL1,lab,Ground Floor,CL1-A,28.62958,77.37248,Thursday,8,2025-10-09T02:51:00+00:00,3,Medium,63,80,0,In Progress,4.06,0,0,web,the current problem is that the pickup counter is overcrowded in cl1-a although nearby rooms remain usable during a regular teaching period at 8:21 case 790,2025-10-09,8-10,Medium,High,0.5,-0.00747,1.68563,1.0,0.0,58.0
CL-10038,EV-202508-0007,ANON-0393,"a repeated observation is that a power socket is loose and unsafe in CR201; and staff assistance has been requested, and several students are affected at 10:04 case 38",Electrical,Electrical:3,3,JIIT Sector 62,Academic & Teaching,Aryabhatt Bhawan II,academic,Floor 2,CR201,28.6297,77.3729,Thursday,10,2025-08-07T04:34:00+00:00,3,Medium,69,27,0,Resolved,4.89,0,0,mobile,a repeated observation is that a power socket is loose and unsafe in cr201 and staff assistance has been requested and several students are affected at 10:04 case 38,2025-08-07,8-10,Medium,Low,0.5,0.30012,-2.03855,3.0,0.0,23.666666666666668
CL-11509,EV-202512-0301,ANON-0077,"please investigate because the projector loses its input after a few minutes in Digital Area; while the area is moderately occupied, without any warning notice at 8:34 case 1509",Infrastructure,Infrastructure:0,0,JIIT Sector 62,Library & Study,LRC,library,Floor 1,Digital Area,28.63002,77.37302,Monday,8,2025-12-08T03:04:00+00:00,4,Low,88,56,0,Resolved,5.42,0,0,web,please investigate because the projector loses its input after a few minutes in digital area while the area is moderately occupied without any warning notice at 8:34 case 1509,2025-12-08,8-10,High,Medium,0.75,1.27417,-0.00079,0.0,0.0,0.0
CL-11560,EV-202512-0312,ANON-0318,"please investigate because the campus network drops repeatedly during class in Gate 1; and the issue lasts more than ten minutes, and the condition has become more frequent at 14:54 case 1560",Network,Network:0,0,JIIT Sector 62,General & Utilities,Main Gate,outdoor,Outdoor,Gate 1,28.62938,77.37238,Friday,14,2025-12-12T09:24:00+00:00,3,Medium,70,72,0,Resolved,3.85,0,0,mobile,please investigate because the campus network drops repeatedly during class in gate 1 and the issue lasts more than ten minutes and the condition has become more frequent at 14:54 case 1560,2025-12-12,12-2,Medium,High,0.5,0.35139,1.12349,1.0,1.0,30.0
CL-10713,EV-202510-0142,ANON-0087,"students report that several desks have loose or damaged fittings in CL22-A; the physical infrastructure needs attention, while the area is moderately occupied at 13:56 case 713",Infrastructure,Infrastructure:1,1,JIIT Sector 62,Labs & Research,CL22,lab,Floor 2,CL22-A,28.62986,77.37266,Thursday,13,2025-10-02T08:26:00+00:00,3,Medium,87,65,0,Resolved,5.55,1,0,web,students report that several desks have loose or damaged fittings in cl22-a the physical infrastructure needs attention while the area is moderately occupied at 13:56 case 713,2025-10-02,12-2,High,Medium,0.5,1.2229,0.63162,1.0,0.0,48.0
CL-11604,EV-202512-0320,ANON-0402,"during the latest session a spill has made the floor slippery in TS18; this is a hygiene and cleanliness concern, and the issue lasts more than ten minutes at 17:08 case 1604",Cleanliness,Cleanliness:2,2,JIIT Sector 62,Academic & Teaching,A2/2,academic,Floor 1,TS18,28.63024,77.37275,Tuesday,17,2025-12-16T11:38:00+00:00,4,Low,58,92,0,Resolved,4.81,1,0,mobile,during the latest session a spill has made the floor slippery in ts18 this is a hygiene and cleanliness concern and the issue lasts more than ten minutes at 17:08 case 1604,2025-12-16,4-7,Medium,High,0.75,-0.2638,2.52885,1.0,0.0,29.0
CL-11837,EV-202601-0367,ANON-0592,"during the latest session lights flicker repeatedly during use in Cooler A; the electrical supply needs inspection, and staff assistance has been requested at 18:22 case 1837",Electrical,Electrical:2,2,JIIT Sector 62,General & Utilities,Water Points,utility,Ground Floor,Cooler A,28.63005,77.37238,Sunday,18,2026-01-04T12:52:00+00:00,2,High,81,45,1,Resolved,6.83,0,0,mobile,during the latest session lights flicker repeatedly during use in cooler a the electrical supply needs inspection and staff assistance has been requested at 18:22 case 1837,2026-01-04,4-7,High,Low,0.25,0.91531,-0.77374,1.0,0.0,60.0
CL-12347,EV-202602-0469,ANON-0564,"staff were informed that online resources time out during the session in G1; and the condition has become more frequent, and staff assistance has been requested at 14:56 case 2347",Network,Network:5,0,JIIT Sector 62,Academic & Teaching,A2/1,academic,Ground Floor,G1,28.6301,77.37255,Sunday,14,2026-02-15T09:26:00+00:00,2,High,43,66,0,Verified,8.23,1,0,mobile,staff were informed that online resources time out during the session in g1 and the condition has become more frequent and staff assistance has been requested at 14:56 case 2347,2026-02-15,12-2,Medium,Medium,0.25,-1.03279,0.70189,2.0,0.0,32.5
CL-11034,EV-202510-0206,ANON-0299,"for the second time this week the ventilation fan does not start in Academic Office; the electrical supply needs inspection, and several students are affected at 15:21 case 1034",Electrical,Electrical:7,2,JIIT Sector 62,General & Utilities,Administration Block,office,Floor 1,Academic Office,28.62992,77.37334,Wednesday,15,2025-10-29T09:51:00+00:00,3,Medium,95,52,0,Resolved,3.47,0,0,mobile,for the second time this week the ventilation fan does not start in academic office the electrical supply needs inspection and several students are affected at 15:21 case 1034,2025-10-29,2-4,High,Medium,0.5,1.63303,-0.28186,1.0,0.0,47.0
CL-10491,EV-202509-0098,ANON-0429,"please investigate because the drinking-water dispenser is empty in CR101; near the main entrance to the space, and it interrupts scheduled teaching at 15:20 case 491",Network,Water:0,0,JIIT Sector 62,Academic & Teaching,Aryabhatt Bhawan II,academic,Floor 1,CR101,28.6297,77.3729,Sunday,15,2025-09-14T09:50:00+00:00,5,Low,62,48,0,Escalated,4.75,0,0,web,please investigate because the drinking-water dispenser is empty in cr101 near the main entrance to the space and it interrupts scheduled teaching at 15:20 case 491,2025-09-14,2-4,Medium,Low,1.0,-0.05874,-0.56293,2.0,0.0,30.0
CL-11033,EV-202510-0206,ANON-0403,"a repeated observation is that the nearest water point is not operational in H5 Common Room; without any warning notice, while another campus service remains normal at 12:35 case 1033",Water,Water:3,3,JIIT Sector 62,Hostels,H5 Boys Hostel,hostel,Ground Floor,H5 Common Room,28.63075,77.37278,Wednesday,12,2025-10-29T07:05:00+00:00,2,High,70,53,1,Open,5.44,0,0,web,a repeated observation is that the nearest water point is not operational in h5 common room without any warning notice while another campus service remains normal at 12:35 case 1033,2025-10-29,10-12,Medium,Medium,0.25,0.35139,-0.21159,1.0,0.0,54.0
CL-10796,EV-202510-0159,ANON-0660,"the current problem is that installed development tools fail to launch in CL3-B; and several students are affected, while the area is moderately occupied at 10:05 case 796",Lab Equipment,Lab Equipment:4,4,JIIT Sector 62,Labs & Research,CL3,lab,Ground Floor,CL3-B,28.62964,77.37261,Thursday,10,2025-10-09T04:35:00+00:00,1,Critical,87,56,0,Escalated,3.74,1,0,mobile,the current problem is that installed development tools fail to launch in cl3-b and several students are affected while the area is moderately occupied at 10:05 case 796,2025-10-09,8-10,High,Medium,0.0,1.2229,-0.00079,0.0,0.0,0.0
CL-11763,EV-202512-0352,ANON-0800,"today we noticed that the corridor has a persistent hygiene problem in TS18; this is a hygiene and cleanliness concern, while another campus service remains normal at 17:36 case 1763",Cleanliness,Cleanliness:6,1,JIIT Sector 62,Academic & Teaching,A2/2,academic,Floor 1,TS18,28.63024,77.37275,Monday,17,2025-12-29T12:06:00+00:00,2,High,38,50,1,Open,5.35,1,0,mobile,today we noticed that the corridor has a persistent hygiene problem in ts18 this is a hygiene and cleanliness concern while another campus service remains normal at 17:36 case 1763,2025-12-29,4-7,Low,Low,0.25,-1.28912,-0.4224,0.0,0.0,0.0
CL-10818,EV-202510-0163,ANON-0405,"during the latest session a spill has made the floor slippery in Security Post; this is a hygiene and cleanliness concern, near the main entrance to the space at 11:10 case 818",Cleanliness,Cleanliness:2,2,JIIT Sector 62,General & Utilities,Main Gate,outdoor,Outdoor,Security Post,28.62938,77.37238,Saturday,11,2025-10-11T05:40:00+00:00,3,Medium,100,68,0,Open,4.38,0,0,mobile,during the latest session a spill has made the floor slippery in security post this is a hygiene and cleanliness concern near the main entrance to the space at 11:10 case 818,2025-10-11,10-12,High,Medium,0.5,1.88936,0.84242,0.0,0.0,0.0
CL-10453,EV-202509-0090,ANON-0294,"an urgent maintenance check is needed because the lunch rush is blocking the entrance in Counter A; near the main entrance to the space, and the issue lasts more than ten minutes at 10:59 case 453",Canteen,Canteen:8,3,JIIT Sector 62,Food,Annapurna / Main Mess,food,Ground Floor,Counter A,28.63042,77.37312,Thursday,10,2025-09-11T05:29:00+00:00,5,Low,36,72,0,Verified,4.43,1,0,mobile,an urgent maintenance check is needed because the lunch rush is blocking the entrance in counter a near the main entrance to the space and the issue lasts more than ten minutes at 10:59 case 453,2025-09-11,8-10,Low,High,1.0,-1.39165,1.12349,1.0,0.0,6.0
CL-12517,EV-202603-0503,ANON-0383,"students report that waste bins are overflowing into the corridor in CL22-A; near the main entrance to the space, and staff assistance has been requested at 17:56 case 2517",Cleanliness,Cleanliness:1,1,JIIT Sector 62,Labs & Research,CL22,lab,Floor 2,CL22-A,28.62986,77.37266,Monday,17,2026-03-02T12:26:00+00:00,2,High,50,53,1,Open,8.89,0,0,web,students report that waste bins are overflowing into the corridor in cl22-a near the main entrance to the space and staff assistance has been requested at 17:56 case 2517,2026-03-02,4-7,Medium,Medium,0.25,-0.67393,-0.21159,0.0,0.0,0.0
CL-11716,EV-202512-0343,ANON-0163,"during the latest session the workstation cannot boot for the practical in CL15-A; laboratory equipment availability is affected, and the issue lasts more than ten minutes at 14:03 case 1716",Lab Equipment,Lab Equipment:2,2,JIIT Sector 62,Labs & Research,CL15,lab,Floor 1,CL15-A,28.62978,77.37254,Thursday,14,2025-12-25T08:33:00+00:00,4,Low,72,66,0,In Progress,4.05,1,0,mobile,during the latest session the workstation cannot boot for the practical in cl15-a laboratory equipment availability is affected and the issue lasts more than ten minutes at 14:03 case 1716,2025-12-25,12-2,High,Medium,0.75,0.45392,0.70189,1.0,0.0,55.0
CL-12156,EV-202601-0431,ANON-0352,"during the latest session a spill has made the floor slippery in H5 Corridor 2; although nearby rooms remain usable, without any warning notice at 9:00 case 2156",Water,Cleanliness:2,2,JIIT Sector 62,Hostels,H5 Boys Hostel,hostel,Floor 2,H5 Corridor 2,28.63075,77.37278,Saturday,9,2026-01-31T03:30:00+00:00,3,Medium,39,31,1,Open,5.66,1,0,mobile,during the latest session a spill has made the floor slippery in h5 corridor 2 although nearby rooms remain usable without any warning notice at 9:00 case 2156,2026-01-31,8-10,Low,Low,0.5,-1.23785,-1.75748,1.0,1.0,47.0
CL-12255,EV-202602-0451,ANON-0753,"DURING THE LATEST SESSION THE WORKSTATION CANNOT BOOT FOR THE PRACTICAL IN DIGITAL AREA; LABORATORY EQUIPMENT AVAILABILITY IS AFFECTED, ALTHOUGH NEARBY ROOMS REMAIN USABLE AT 8:01 CASE 2255   !!!",Cleanliness,Lab Equipment:2,2,JIIT Sector 62,Library & Study,LRC,library,Floor 1,Digital Area,28.63002,77.37302,Sunday,8,2026-02-08T02:31:00+00:00,3,Medium,40,55,0,Resolved,4.36,0,0,kiosk,during the latest session the workstation cannot boot for the practical in digital area laboratory equipment availability is affected although nearby rooms remain usable at 8:01 case 2255,2026-02-08,8-10,Low,Medium,0.5,-1.18658,-0.07106,3.0,0.0,23.0
CL-12008,EV-202601-0401,ANON-0044,"students report that the air conditioner stops cooling after midday in H5 Common Room; and the condition has become more frequent, without any warning notice at 12:19 case 2008",Electrical,Electrical:1,1,JIIT Sector 62,Hostels,H5 Boys Hostel,hostel,Ground Floor,H5 Common Room,28.63075,77.37278,Sunday,12,2026-01-18T06:49:00+00:00,4,Low,56,77,1,In Progress,5.69,1,0,mobile,students report that the air conditioner stops cooling after midday in h5 common room and the condition has become more frequent without any warning notice at 12:19 case 2008,2026-01-18,10-12,Medium,High,0.75,-0.36633,1.47483,4.0,0.0,52.25
CL-10301,EV-202508-0060,ANON-0647,"please investigate because the drinking-water dispenser is empty in GH Corridor 1; the water service needs attention, and the issue lasts more than ten minutes at 9:34 case 301",Water,Water:0,0,JIIT Sector 62,Hostels,Girls Hostel,hostel,Floor 1,GH Corridor 1,28.63087,77.37294,Friday,9,2025-08-29T04:04:00+00:00,4,Low,36,58,1,Resolved,5.3,0,0,mobile,please investigate because the drinking-water dispenser is empty in gh corridor 1 the water service needs attention and the issue lasts more than ten minutes at 9:34 case 301,2025-08-29,8-10,Low,Medium,0.75,-1.39165,0.13974,0.0,0.0,0.0
CL-10746,EV-202510-0149,ANON-0426,"please investigate because the drinking-water dispenser is empty in Indoor Court; although nearby rooms remain usable, during a regular teaching period at 12:11 case 746",Water,Water:0,0,JIIT Sector 62,Sports & Recreation,Sports Complex,sports,Ground Floor,Indoor Court,28.63102,77.37322,Sunday,12,2025-10-05T06:41:00+00:00,2,High,81,56,0,Resolved,6.35,1,0,web,please investigate because the drinking-water dispenser is empty in indoor court although nearby rooms remain usable during a regular teaching period at 12:11 case 746,2025-10-05,10-12,High,Medium,0.25,0.91531,-0.00079,0.0,0.0,0.0
CL-10958,EV-202510-0191,ANON-0766,"a repeated observation is that the nearest water point is not operational in Cooler B; while the area is moderately occupied, and it interrupts scheduled teaching at 11:14 case 958",Water,Water:3,3,JIIT Sector 62,General & Utilities,Water Points,utility,Ground Floor,Cooler B,28.63005,77.37238,Thursday,11,2025-10-23T05:44:00+00:00,3,Medium,97,51,0,Resolved,6.58,0,0,mobile,a repeated observation is that the nearest water point is not operational in cooler b while the area is moderately occupied and it interrupts scheduled teaching at 11:14 case 958,2025-10-23,10-12,High,Medium,0.5,1.73556,-0.35213,0.0,0.0,0.0
CL-12831,EV-202603-0566,ANON-0359,"for the second time this week the lecture-room screen does not lower correctly in G5; the physical infrastructure needs attention, while the area is moderately occupied at 12:44 case 2831",Infrastructure,Infrastructure:7,2,JIIT Sector 62,Academic & Teaching,A2/2,academic,Ground Floor,G5,28.63024,77.37275,Saturday,12,2026-03-28T07:14:00+00:00,2,High,63,67,1,Verified,7.27,0,0,mobile,for the second time this week the lecture-room screen does not lower correctly in g5 the physical infrastructure needs attention while the area is moderately occupied at 12:44 case 2831,2026-03-28,10-12,Medium,Medium,0.25,-0.00747,0.77215,2.0,0.0,24.5
CL-10763,EV-202510-0152,ANON-0242,"students report that waste bins are overflowing into the corridor in Counter A; this is a hygiene and cleanliness concern, although nearby rooms remain usable at 11:31 case 763",Cleanliness,Cleanliness:1,1,JIIT Sector 62,Food,Annapurna / Main Mess,food,Ground Floor,Counter A,28.63042,77.37312,Monday,11,2025-10-06T06:01:00+00:00,3,Medium,73,58,0,Resolved,5.96,0,0,mobile,students report that waste bins are overflowing into the corridor in counter a this is a hygiene and cleanliness concern although nearby rooms remain usable at 11:31 case 763,2025-10-06,10-12,High,Medium,0.5,0.50518,0.13974,0.0,0.0,0.0
CL-11743,EV-202512-0348,ANON-0378,"staff were informed that online resources time out during the session in ECE-202; and the condition has become more frequent, after normal troubleshooting was attempted at 16:46 case 1743",Network,Network:5,0,JIIT Sector 62,Labs & Research,ECE Labs,lab,Floor 2,ECE-202,28.62974,77.37282,Saturday,16,2025-12-27T11:16:00+00:00,4,Low,46,40,0,Resolved,4.31,1,0,mobile,staff were informed that online resources time out during the session in ece-202 and the condition has become more frequent after normal troubleshooting was attempted at 16:46 case 1743,2025-12-27,2-4,Medium,Low,0.75,-0.87899,-1.12507,3.0,3.0,57.333333333333336
CL-10960,EV-202510-0192,ANON-0513,"the class representative confirmed that the supply is unavailable on this floor in G2; while the area is moderately occupied, near the main entrance to the space at 10:22 case 960",Water,Water:9,4,JIIT Sector 62,Academic & Teaching,Aryabhatt Bhawan III,academic,Floor 2,G2,28.6299,77.37315,Thursday,10,2025-10-23T04:52:00+00:00,2,High,44,64,0,Open,5.89,0,0,web,the class representative confirmed that the supply is unavailable on this floor in g2 while the area is moderately occupied near the main entrance to the space at 10:22 case 960,2025-10-23,8-10,Medium,Medium,0.25,-0.98152,0.56135,0.0,0.0,0.0
CL-11836,EV-202601-0367,ANON-0298,"students report that directional signage is unclear for new students in Gym; and the issue lasts more than ten minutes, while the area is moderately occupied at 8:01 case 1836",Other,Other:1,1,JIIT Sector 62,Sports & Recreation,Sports Complex,sports,Ground Floor,Gym,28.63102,77.37322,Sunday,8,2026-01-04T02:31:00+00:00,4,Low,69,68,1,Resolved,6.43,0,0,mobile,students report that directional signage is unclear for new students in gym and the issue lasts more than ten minutes while the area is moderately occupied at 8:01 case 1836,2026-01-04,8-10,Medium,Medium,0.75,0.30012,0.84242,2.0,0.0,32.5
CL-10732,EV-202510-0146,ANON-0005,"for the second time this week water is collecting beneath the dispenser in G5; the water service needs attention, while the area is moderately occupied at 15:42 case 732",Water,Water:7,2,JIIT Sector 62,Academic & Teaching,A2/2,academic,Ground Floor,G5,28.63024,77.37275,Saturday,15,2025-10-04T10:12:00+00:00,2,High,64,51,1,Resolved,7.33,0,0,mobile,for the second time this week water is collecting beneath the dispenser in g5 the water service needs attention while the area is moderately occupied at 15:42 case 732,2025-10-04,2-4,Medium,Medium,0.25,0.04379,-0.35213,4.0,0.0,60.0
CL-11466,EV-202512-0293,ANON-0130,"for the second time this week water is collecting beneath the dispenser in Gym; the water service needs attention, without any warning notice at 11:48 case 1466",Water,Water:7,2,JIIT Sector 62,Sports & Recreation,Sports Complex,sports,Ground Floor,Gym,28.63102,77.37322,Thursday,11,2025-12-04T06:18:00+00:00,3,Medium,57,44,0,Open,4.9,0,0,web,for the second time this week water is collecting beneath the dispenser in gym the water service needs attention without any warning notice at 11:48 case 1466,2025-12-04,10-12,Medium,Low,0.5,-0.31507,-0.844,0.0,0.0,0.0
CL-10222,EV-202508-0044,ANON-0295,"an urgent maintenance check is needed because the lab printer is unavailable to student systems in ECE-201; and it interrupts scheduled teaching, and the condition has become more frequent at 11:33 case 222",Lab Equipment,Lab Equipment:8,3,JIIT Sector 62,Labs & Research,ECE Labs,lab,Floor 2,ECE-201,28.62974,77.37282,Friday,11,2025-08-22T06:03:00+00:00,4,Low,62,47,0,Open,4.14,0,0,mobile,an urgent maintenance check is needed because the lab printer is unavailable to student systems in ece-201 and it interrupts scheduled teaching and the condition has become more frequent at 11:33 case 222,2025-08-22,10-12,Medium,Low,0.75,-0.05874,-0.6332,1.0,0.0,44.0
CL-11543,EV-202512-0308,ANON-0024,"staff were informed that online resources time out during the session in Visitor Parking; the network service is affected, and several students are affected at 8:45 case 1543",Network,Network:5,0,JIIT Sector 62,General & Utilities,Parking,outdoor,Outdoor,Visitor Parking,28.62945,77.37222,Wednesday,8,2025-12-10T03:15:00+00:00,3,Medium,74,85,0,Escalated,6.33,0,0,web,staff were informed that online resources time out during the session in visitor parking the network service is affected and several students are affected at 8:45 case 1543,2025-12-10,8-10,High,High,0.5,0.55645,2.03697,1.0,0.0,104.0
CL-12578,EV-202603-0515,ANON-0509,"an urgent maintenance check is needed because the lunch rush is blocking the entrance in ECE-201; and it interrupts scheduled teaching, while another campus service remains normal at 13:34 case 2578",Canteen,Canteen:8,3,JIIT Sector 62,Labs & Research,ECE Labs,lab,Floor 2,ECE-201,28.62974,77.37282,Saturday,13,2026-03-07T08:04:00+00:00,3,Medium,57,59,0,Resolved,5.62,1,0,mobile,an urgent maintenance check is needed because the lunch rush is blocking the entrance in ece-201 and it interrupts scheduled teaching while another campus service remains normal at 13:34 case 2578,2026-03-07,12-2,Medium,Medium,0.5,-0.31507,0.21001,2.0,0.0,47.5
CL-10505,EV-202509-0101,ANON-0453,"during the latest session the classroom door cannot close safely in CR202; the physical infrastructure needs attention, and it interrupts scheduled teaching at 13:05 case 505",Infrastructure,Infrastructure:2,2,JIIT Sector 62,Academic & Teaching,Aryabhatt Bhawan II,academic,Floor 2,CR202,28.6297,77.3729,Monday,13,2025-09-15T07:35:00+00:00,3,Medium,86,56,0,Resolved,3.74,1,0,web,during the latest session the classroom door cannot close safely in cr202 the physical infrastructure needs attention and it interrupts scheduled teaching at 13:05 case 505,2025-09-15,12-2,High,Medium,0.5,1.17164,-0.00079,3.0,1.0,45.333333333333336
CL-10715,EV-202510-0143,ANON-0249,"a repeated observation is that the wash area needs urgent sanitation in CL1-B; and staff assistance has been requested, while another campus service remains normal at 14:19 case 715",Cleanliness,Cleanliness:3,3,JIIT Sector 62,Labs & Research,CL1,lab,Ground Floor,CL1-B,28.62958,77.37248,Thursday,14,2025-10-02T08:49:00+00:00,2,High,71,84,0,In Progress,6.07,0,0,mobile,a repeated observation is that the wash area needs urgent sanitation in cl1-b and staff assistance has been requested while another campus service remains normal at 14:19 case 715,2025-10-02,12-2,High,High,0.25,0.40265,1.9667,0.0,0.0,0.0
CL-10091,EV-202508-0018,ANON-0547,"the current problem is that the pickup counter is overcrowded in H5 Corridor 2; and staff assistance has been requested, and the issue lasts more than ten minutes at 14:42 case 91",Canteen,Canteen:4,4,JIIT Sector 62,Hostels,H5 Boys Hostel,hostel,Floor 2,H5 Corridor 2,28.63075,77.37278,Monday,14,2025-08-11T09:12:00+00:00,3,Medium,58,40,1,In Progress,2.69,0,0,web,the current problem is that the pickup counter is overcrowded in h5 corridor 2 and staff assistance has been requested and the issue lasts more than ten minutes at 14:42 case 91,2025-08-11,12-2,Medium,Low,0.5,-0.2638,-1.12507,2.0,0.0,30.0
CL-12358,EV-202602-0471,ANON-0773,"the current problem is that food waste has accumulated near the seating area in G5; while the area is moderately occupied, and staff assistance has been requested at 18:12 case 2358",Cleanliness,Cleanliness:4,4,JIIT Sector 62,Academic & Teaching,A2/2,academic,Ground Floor,G5,28.63024,77.37275,Monday,18,2026-02-16T12:42:00+00:00,3,Medium,77,41,1,In Progress,6.8,0,0,web,the current problem is that food waste has accumulated near the seating area in g5 while the area is moderately occupied and staff assistance has been requested at 18:12 case 2358,2026-02-16,4-7,High,Low,0.5,0.71025,-1.05481,2.0,1.0,43.0
CL-11163,EV-202511-0232,ANON-0051,"for the second time this week the ventilation fan does not start in Cooler A; the electrical supply needs inspection, while another campus service remains normal at 15:52 case 1163",Electrical,Electrical:7,2,JIIT Sector 62,General & Utilities,Water Points,utility,Ground Floor,Cooler A,28.63005,77.37238,Sunday,15,2025-11-09T10:22:00+00:00,2,High,78,42,0,Open,5.38,0,0,mobile,for the second time this week the ventilation fan does not start in cooler a the electrical supply needs inspection while another campus service remains normal at 15:52 case 1163,2025-11-09,2-4,High,Low,0.25,0.76151,-0.98454,2.0,0.0,18.0
CL-11246,EV-202511-0249,ANON-0260,"the class representative confirmed that the common area smells unpleasant and needs attention in Academic Office; this is a hygiene and cleanliness concern, and staff assistance has been requested at 11:32 case 1246",Cleanliness,Cleanliness:9,4,JIIT Sector 62,General & Utilities,Administration Block,office,Floor 1,Academic Office,28.62992,77.37334,Sunday,11,2025-11-16T06:02:00+00:00,2,High,81,62,0,Open,7.48,0,0,web,the class representative confirmed that the common area smells unpleasant and needs attention in academic office this is a hygiene and cleanliness concern and staff assistance has been requested at 11:32 case 1246,2025-11-16,10-12,High,Medium,0.25,0.91531,0.42081,1.0,0.0,35.0
CL-11480,EV-202512-0296,ANON-0645,"today we noticed that multiple computers show storage errors in CL15-A; while another campus service remains normal, and it interrupts scheduled teaching at 14:47 case 1480",Lab Equipment,Lab Equipment:6,1,JIIT Sector 62,Labs & Research,CL15,lab,Floor 1,CL15-A,28.62978,77.37254,Friday,14,2025-12-05T09:17:00+00:00,2,High,34,51,0,Resolved,6.9,0,0,web,today we noticed that multiple computers show storage errors in cl15-a while another campus service remains normal and it interrupts scheduled teaching at 14:47 case 1480,2025-12-05,12-2,Low,Medium,0.25,-1.49418,-0.35213,1.0,0.0,47.0
CL-10008,EV-202508-0001,ANON-0057,"students report that water is leaking into the walking area in Cooler B; and several students are affected, after normal troubleshooting was attempted at 11:59 case 8",Water,Water:1,1,JIIT Sector 62,General & Utilities,Water Points,utility,Ground Floor,Cooler B,28.63005,77.37238,Tuesday,11,2025-08-05T06:29:00+00:00,3,Medium,83,32,1,Verified,8.34,0,0,web,students report that water is leaking into the walking area in cooler b and several students are affected after normal troubleshooting was attempted at 11:59 case 8,2025-08-05,10-12,High,Low,0.5,1.01784,-1.68722,1.0,0.0,61.0
CL-10249,EV-202508-0049,ANON-0635,"an urgent maintenance check is needed because a switchboard becomes warm during operation in H4 Common Room; although nearby rooms remain usable, and it interrupts scheduled teaching at 18:50 case 249",Electrical,Electrical:8,3,JIIT Sector 62,Hostels,H4 Boys Hostel,hostel,Ground Floor,H4 Common Room,28.63062,77.37262,Monday,18,2025-08-25T13:20:00+00:00,3,Medium,75,30,0,Verified,8.48,0,0,kiosk,an urgent maintenance check is needed because a switchboard becomes warm during operation in h4 common room although nearby rooms remain usable and it interrupts scheduled teaching at 18:50 case 249,2025-08-25,4-7,High,Low,0.5,0.60772,-1.82775,1.0,0.0,63.0
CL-10197,EV-202508-0039,ANON-0550,"a repeated observation is that internet speed falls below a usable level in Academic Office; and staff assistance has been requested, and several students are affected at 8:16 case 197",Network,Network:3,3,JIIT Sector 62,General & Utilities,Administration Block,office,Floor 1,Academic Office,28.62992,77.37334,Wednesday,8,2025-08-20T02:46:00+00:00,2,High,70,44,0,Resolved,4.54,0,0,mobile,a repeated observation is that internet speed falls below a usable level in academic office and staff assistance has been requested and several students are affected at 8:16 case 197,2025-08-20,8-10,Medium,Low,0.25,0.35139,-0.844,2.0,1.0,74.0
CL-10600,EV-202509-0120,ANON-0609,"the current problem is that installed development tools fail to launch in CL1-B; and staff assistance has been requested, and the condition has become more frequent at 16:59 case 600",Lab Equipment,Lab Equipment:4,4,JIIT Sector 62,Labs & Research,CL1,lab,Ground Floor,CL1-B,28.62958,77.37248,Tuesday,16,2025-09-23T11:29:00+00:00,1,Critical,60,51,0,In Progress,8.5,0,0,mobile,the current problem is that installed development tools fail to launch in cl1-b and staff assistance has been requested and the condition has become more frequent at 16:59 case 600,2025-09-23,2-4,Medium,Medium,0.0,-0.16127,-0.35213,1.0,1.0,23.0
CL-10131,EV-202508-0026,ANON-0138,"a repeated observation is that the queue extends into the walking area in Food Court; the food service operation is affected, while another campus service remains normal at 10:01 case 131",Canteen,Canteen:3,3,JIIT Sector 62,Food,Cafeteria / Canteen,food,Ground Floor,Food Court,28.63031,77.37298,Friday,10,2025-08-15T04:31:00+00:00,1,Critical,41,57,0,Escalated,7.06,0,0,web,a repeated observation is that the queue extends into the walking area in food court the food service operation is affected while another campus service remains normal at 10:01 case 131,2025-08-15,8-10,Medium,Medium,0.0,-1.13532,0.06948,0.0,0.0,0.0
CL-12279,EV-202602-0455,ANON-0508,"an urgent maintenance check is needed because signage for the room is missing in Visitor Parking; near the main entrance to the space, and the issue lasts more than ten minutes at 18:30 case 2279",Infrastructure,Infrastructure:8,3,JIIT Sector 62,General & Utilities,Parking,outdoor,Outdoor,Visitor Parking,28.62945,77.37222,Tuesday,18,2026-02-10T13:00:00+00:00,4,Low,65,81,1,In Progress,5.7,0,0,web,an urgent maintenance check is needed because signage for the room is missing in visitor parking near the main entrance to the space and the issue lasts more than ten minutes at 18:30 case 2279,2026-02-10,4-7,Medium,High,0.75,0.09506,1.7559,1.0,0.0,58.0
CL-10314,EV-202508-0062,ANON-0413,"please investigate because the campus network drops repeatedly during class in CL3-B; the network service is affected, and it interrupts scheduled teaching at 17:41 case 314",Network,Network:0,0,JIIT Sector 62,Labs & Research,CL3,lab,Ground Floor,CL3-B,28.62964,77.37261,Saturday,17,2025-08-30T12:11:00+00:00,3,Medium,50,67,0,In Progress,6.13,0,0,web,please investigate because the campus network drops repeatedly during class in cl3-b the network service is affected and it interrupts scheduled teaching at 17:41 case 314,2025-08-30,4-7,Medium,Medium,0.5,-0.67393,0.77215,1.0,0.0,10.0
CL-11983,EV-202601-0396,ANON-0700,"the current problem is that the pickup counter is overcrowded in Basketball Court; the food service operation is affected, although nearby rooms remain usable at 14:01 case 1983",Canteen,Canteen:4,4,JIIT Sector 62,Sports & Recreation,Sports Complex,sports,Outdoor,Basketball Court,28.63102,77.37322,Friday,14,2026-01-16T08:31:00+00:00,3,Medium,87,43,0,Verified,8.29,0,0,web,the current problem is that the pickup counter is overcrowded in basketball court the food service operation is affected although nearby rooms remain usable at 14:01 case 1983,2026-01-16,12-2,High,Low,0.5,1.2229,-0.91427,1.0,0.0,22.0
CL-10121,EV-202508-0024,ANON-0257,"staff were informed that the experiment console does not record readings in Gate 1; laboratory equipment availability is affected, while the area is moderately occupied at 17:58 case 121",Lab Equipment,Lab Equipment:5,0,JIIT Sector 62,General & Utilities,Main Gate,outdoor,Outdoor,Gate 1,28.62938,77.37238,Thursday,17,2025-08-14T12:28:00+00:00,4,Low,65,68,0,Escalated,4.2,0,0,mobile,staff were informed that the experiment console does not record readings in gate 1 laboratory equipment availability is affected while the area is moderately occupied at 17:58 case 121,2025-08-14,4-7,Medium,Medium,0.75,0.09506,0.84242,1.0,0.0,37.0
CL-10439,EV-202509-0087,ANON-0175,"please investigate because the service queue is moving very slowly in Washroom 1; during a regular teaching period, and it interrupts scheduled teaching at 18:45 case 439",Canteen,Canteen:0,0,JIIT Sector 62,General & Utilities,Washrooms,utility,Floor 1,Washroom 1,28.62982,77.37326,Tuesday,18,2025-09-09T13:15:00+00:00,3,Medium,62,26,1,Resolved,4.35,0,0,mobile,please investigate because the service queue is moving very slowly in washroom 1 during a regular teaching period and it interrupts scheduled teaching at 18:45 case 439,2025-09-09,4-7,Medium,Low,0.5,-0.05874,-2.10882,0.0,0.0,0.0
CL-11243,EV-202511-0248,ANON-0648,"an urgent maintenance check is needed because video lectures buffer on the campus connection in G2; during a regular teaching period, without any warning notice at 15:18 case 1243",Network,Network:8,3,JIIT Sector 62,Academic & Teaching,Aryabhatt Bhawan III,academic,Floor 2,G2,28.6299,77.37315,Saturday,15,2025-11-15T09:48:00+00:00,2,High,100,53,0,In Progress,4.83,0,0,mobile,an urgent maintenance check is needed because video lectures buffer on the campus connection in g2 during a regular teaching period without any warning notice at 15:18 case 1243,2025-11-15,2-4,High,Medium,0.25,1.88936,-0.21159,3.0,0.0,24.0
CL-10349,EV-202509-0069,ANON-0615,"the current problem is that the room loses power for short intervals in Washroom 1; the electrical supply needs inspection, during a regular teaching period at 18:09 case 349",Electrical,Electrical:4,4,JIIT Sector 62,General & Utilities,Washrooms,utility,Floor 1,Washroom 1,28.62982,77.37326,Tuesday,18,2025-09-02T12:39:00+00:00,1,Critical,66,30,0,Resolved,7.37,0,0,web,the current problem is that the room loses power for short intervals in washroom 1 the electrical supply needs inspection during a regular teaching period at 18:09 case 349,2025-09-02,4-7,Medium,Low,0.0,0.14632,-1.82775,1.0,0.0,23.0
CL-11750,EV-202512-0350,ANON-0786,"staff were informed that the experiment console does not record readings in G6; laboratory equipment availability is affected, during a regular teaching period at 11:30 case 1750",Lab Equipment,Lab Equipment:5,0,JIIT Sector 62,Academic & Teaching,A2/2,academic,Ground Floor,G6,28.63024,77.37275,Sunday,11,2025-12-28T06:00:00+00:00,3,Medium,61,27,1,Open,7.73,1,0,mobile,staff were informed that the experiment console does not record readings in g6 laboratory equipment availability is affected during a regular teaching period at 11:30 case 1750,2025-12-28,10-12,Medium,Low,0.5,-0.11,-2.03855,4.0,1.0,34.75
CL-12229,EV-202602-0445,ANON-0525,"during the latest session students cannot authenticate to the wireless network in Food Court; and the issue lasts more than ten minutes, near the main entrance to the space at 8:47 case 2229",Network,Network:2,2,JIIT Sector 62,Food,Cafeteria / Canteen,food,Ground Floor,Food Court,28.63031,77.37298,Friday,8,2026-02-06T03:17:00+00:00,3,Medium,66,41,0,Open,6.8,0,0,web,during the latest session students cannot authenticate to the wireless network in food court and the issue lasts more than ten minutes near the main entrance to the space at 8:47 case 2229,2026-02-06,8-10,Medium,Low,0.5,0.14632,-1.05481,1.0,1.0,25.0
CL-12125,EV-202601-0425,ANON-0719,"the current problem is that the room loses power for short intervals in CL1-B; the electrical supply needs inspection, without any warning notice at 9:52 case 2125",Electrical,Electrical:4,4,JIIT Sector 62,Labs & Research,CL1,lab,Ground Floor,CL1-B,28.62958,77.37248,Wednesday,9,2026-01-28T04:22:00+00:00,3,Medium,50,51,1,Resolved,7.46,0,0,mobile,the current problem is that the room loses power for short intervals in cl1-b the electrical supply needs inspection without any warning notice at 9:52 case 2125,2026-01-28,8-10,Medium,Medium,0.5,-0.67393,-0.35213,2.0,0.0,47.0
CL-12503,EV-202602-0500,ANON-0254,"please investigate because several systems freeze during compilation in G3; laboratory equipment availability is affected, while the area is moderately occupied at 12:01 case 2503",Cleanliness,Lab Equipment:0,0,JIIT Sector 62,Academic & Teaching,Aryabhatt Bhawan III,academic,Floor 2,G3,28.6299,77.37315,Saturday,12,2026-02-28T06:31:00+00:00,5,Low,66,41,1,Verified,6.99,0,0,mobile,please investigate because several systems freeze during compilation in g3 laboratory equipment availability is affected while the area is moderately occupied at 12:01 case 2503,2026-02-28,10-12,Medium,Low,1.0,0.14632,-1.05481,4.0,1.0,55.5
CL-10863,EV-202510-0172,ANON-0224,"an urgent maintenance check is needed because the filtration unit shows a service warning in Cooler A; the water service needs attention, without any warning notice at 17:34 case 863",Water,Water:8,3,JIIT Sector 62,General & Utilities,Water Points,utility,Ground Floor,Cooler A,28.63005,77.37238,Wednesday,17,2025-10-15T12:04:00+00:00,2,High,65,74,0,In Progress,5.04,1,0,kiosk,an urgent maintenance check is needed because the filtration unit shows a service warning in cooler a the water service needs attention without any warning notice at 17:34 case 863,2025-10-15,4-7,Medium,High,0.25,0.09506,1.26403,0.0,0.0,0.0
CL-11561,EV-202512-0312,ANON-0583,"today we noticed that charging points are unavailable in Counter A; while the area is moderately occupied, and the condition has become more frequent at 11:44 case 1561",Electrical,Electrical:6,1,JIIT Sector 62,Food,Annapurna / Main Mess,food,Ground Floor,Counter A,28.63042,77.37312,Friday,11,2025-12-12T06:14:00+00:00,3,Medium,59,40,1,Open,7.87,0,0,mobile,today we noticed that charging points are unavailable in counter a while the area is moderately occupied and the condition has become more frequent at 11:44 case 1561,2025-12-12,10-12,Medium,Low,0.5,-0.21254,-1.12507,1.0,0.0,23.0
CL-12359,EV-202602-0471,ANON-0566,"the current problem is that the cooler produces warm water only in Student Parking; and staff assistance has been requested, and it interrupts scheduled teaching at 14:55 case 2359",Cleanliness,Water:4,4,JIIT Sector 62,General & Utilities,Parking,outdoor,Outdoor,Student Parking,28.62945,77.37222,Monday,14,2026-02-16T09:25:00+00:00,3,Medium,80,63,0,Open,6.86,1,0,mobile,the current problem is that the cooler produces warm water only in student parking and staff assistance has been requested and it interrupts scheduled teaching at 14:55 case 2359,2026-02-16,12-2,High,Medium,0.5,0.86404,0.49108,0.0,0.0,0.0
CL-10084,EV-202508-0016,ANON-0156,"please investigate because the drinking-water dispenser is empty in H5 Corridor 2; the water service needs attention, while the area is moderately occupied at 14:13 case 84",Water,Water:0,0,JIIT Sector 62,Hostels,H5 Boys Hostel,hostel,Floor 2,H5 Corridor 2,28.63075,77.37278,Monday,14,2025-08-11T08:43:00+00:00,3,Medium,57,62,0,Open,4.25,1,0,mobile,please investigate because the drinking-water dispenser is empty in h5 corridor 2 the water service needs attention while the area is moderately occupied at 14:13 case 84,2025-08-11,12-2,Medium,Medium,0.5,-0.31507,0.42081,2.0,0.0,30.0
CL-10021,EV-202508-0004,ANON-0231,"the class representative confirmed that a window latch is broken and requires maintenance in H5 Corridor 1; without any warning notice, and the condition has become more frequent at 15:09 case 21",Infrastructure,Infrastructure:9,4,JIIT Sector 62,Hostels,H5 Boys Hostel,hostel,Floor 1,H5 Corridor 1,28.63075,77.37278,Wednesday,15,2025-08-06T09:39:00+00:00,2,High,59,57,0,Open,4.97,0,0,web,the class representative confirmed that a window latch is broken and requires maintenance in h5 corridor 1 without any warning notice and the condition has become more frequent at 15:09 case 21,2025-08-06,2-4,Medium,Medium,0.25,-0.21254,0.06948,4.0,2.0,45.25
CL-10938,EV-202510-0187,ANON-0283,"during the latest session water pressure is too low for normal use in Basketball Court; the water service needs attention, and the issue lasts more than ten minutes at 9:41 case 938",Water,Water:2,2,JIIT Sector 62,Sports & Recreation,Sports Complex,sports,Outdoor,Basketball Court,28.63102,77.37322,Tuesday,9,2025-10-21T04:11:00+00:00,2,High,50,40,0,Open,7.04,1,0,web,during the latest session water pressure is too low for normal use in basketball court the water service needs attention and the issue lasts more than ten minutes at 9:41 case 938,2025-10-21,8-10,Medium,Low,0.25,-0.67393,-1.12507,0.0,0.0,0.0
CL-12431,EV-202602-0486,ANON-0463,"please investigate because the campus network drops repeatedly during class in Food Court; the network service is affected, without any warning notice at 17:01 case 2431",Network,Network:0,0,JIIT Sector 62,Food,Cafeteria / Canteen,food,Ground Floor,Food Court,28.63031,77.37298,Sunday,17,2026-02-22T11:31:00+00:00,1,Critical,84,60,0,Open,14.06,0,1,mobile,please investigate because the campus network drops repeatedly during class in food court the network service is affected without any warning notice at 17:01 case 2431,2026-02-22,4-7,High,Medium,0.0,1.06911,0.28028,1.0,0.0,98.0
CL-12236,EV-202602-0447,ANON-0137,"an urgent maintenance check is needed because the lunch rush is blocking the entrance in G3; the food service operation is affected, without any warning notice at 15:41 case 2236",Canteen,Canteen:8,3,JIIT Sector 62,Academic & Teaching,Aryabhatt Bhawan III,academic,Floor 2,G3,28.6299,77.37315,Friday,15,2026-02-06T10:11:00+00:00,5,Low,82,95,0,In Progress,4.41,0,0,mobile,an urgent maintenance check is needed because the lunch rush is blocking the entrance in g3 the food service operation is affected without any warning notice at 15:41 case 2236,2026-02-06,2-4,High,High,1.0,0.96658,2.73965,1.0,0.0,87.0
CL-10361,EV-202509-0072,ANON-0787,"the current problem is that installed development tools fail to launch in CL15-A; and several students are affected, while the area is moderately occupied at 9:14 case 361",Lab Equipment,Lab Equipment:4,4,JIIT Sector 62,Labs & Research,CL15,lab,Floor 1,CL15-A,28.62978,77.37254,Wednesday,9,2025-09-03T03:44:00+00:00,2,High,99,65,0,Open,14.17,0,1,web,the current problem is that installed development tools fail to launch in cl15-a and several students are affected while the area is moderately occupied at 9:14 case 361,2025-09-03,8-10,High,Medium,0.25,1.83809,0.63162,0.0,0.0,0.0
CL-11649,EV-202512-0329,ANON-0046,"an urgent maintenance check is needed because a switchboard becomes warm during operation in G5; the electrical supply needs inspection, without any warning notice at 16:27 case 1649",Electrical,Electrical:8,3,JIIT Sector 62,Academic & Teaching,A2/2,academic,Ground Floor,G5,28.63024,77.37275,Friday,16,2025-12-19T10:57:00+00:00,5,Low,84,81,0,Resolved,4.97,0,0,web,an urgent maintenance check is needed because a switchboard becomes warm during operation in g5 the electrical supply needs inspection without any warning notice at 16:27 case 1649,2025-12-19,2-4,High,High,1.0,1.06911,1.7559,4.0,2.0,50.5
CL-10661,EV-202509-0132,ANON-0799,"the class representative confirmed that a window latch is broken and requires maintenance in CR202; while the area is moderately occupied, during a regular teaching period at 9:50 case 661",Infrastructure,Infrastructure:9,4,JIIT Sector 62,Academic & Teaching,Aryabhatt Bhawan II,academic,Floor 2,CR202,28.6297,77.3729,Sunday,9,2025-09-28T04:20:00+00:00,2,High,81,59,0,Resolved,5.24,0,0,web,the class representative confirmed that a window latch is broken and requires maintenance in cr202 while the area is moderately occupied during a regular teaching period at 9:50 case 661,2025-09-28,8-10,High,Medium,0.25,0.91531,0.21001,1.0,0.0,42.0
CL-12085,EV-202601-0417,ANON-0752,"a repeated observation is that the wash area needs urgent sanitation in GH Corridor 1; without any warning notice, and the condition has become more frequent at 10:08 case 2085",Cleanliness,Cleanliness:3,3,JIIT Sector 62,Hostels,Girls Hostel,hostel,Floor 1,GH Corridor 1,28.63087,77.37294,Sunday,10,2026-01-25T04:38:00+00:00,4,Low,51,51,0,In Progress,5.35,0,0,kiosk,a repeated observation is that the wash area needs urgent sanitation in gh corridor 1 without any warning notice and the condition has become more frequent at 10:08 case 2085,2026-01-25,8-10,Medium,Medium,0.75,-0.62266,-0.35213,1.0,0.0,24.0
CL-11810,EV-202601-0362,ANON-0545,"please investigate because the drinking-water dispenser is empty in TS12; without any warning notice, during a regular teaching period at 15:15 case 1810",Water,Water:0,0,JIIT Sector 62,Academic & Teaching,A2/1,academic,Floor 1,TS12,28.6301,77.37255,Friday,15,2026-01-02T09:45:00+00:00,1,Critical,53,50,0,Open,3.4,0,0,web,please investigate because the drinking-water dispenser is empty in ts12 without any warning notice during a regular teaching period at 15:15 case 1810,2026-01-02,2-4,Medium,Low,0.0,-0.52013,-0.4224,0.0,0.0,0.0
CL-10133,EV-202508-0026,ANON-0113,"a repeated observation is that the nearest water point is not operational in Indoor Court; the water service needs attention, during a regular teaching period at 17:15 case 133",Water,Water:3,3,JIIT Sector 62,Sports & Recreation,Sports Complex,sports,Ground Floor,Indoor Court,28.63102,77.37322,Friday,17,2025-08-15T11:45:00+00:00,2,High,53,57,0,Open,2.85,0,0,mobile,a repeated observation is that the nearest water point is not operational in indoor court the water service needs attention during a regular teaching period at 17:15 case 133,2025-08-15,4-7,Medium,Medium,0.25,-0.52013,0.06948,0.0,0.0,0.0
CL-10324,EV-202508-0064,ANON-0172,"staff were informed that the writing surface is damaged and difficult to use in Security Post; and several students are affected, near the main entrance to the space at 15:50 case 324",Cleanliness,Infrastructure:5,0,JIIT Sector 62,General & Utilities,Main Gate,outdoor,Outdoor,Security Post,28.62938,77.37238,Sunday,15,2025-08-31T10:20:00+00:00,2,High,54,61,0,Resolved,4.98,0,0,kiosk,staff were informed that the writing surface is damaged and difficult to use in security post and several students are affected near the main entrance to the space at 15:50 case 324,2025-08-31,2-4,Medium,Medium,0.25,-0.46886,0.35055,0.0,0.0,0.0
CL-11475,EV-202512-0295,ANON-0277,"staff were informed that a tap continues running after it is closed in H4 Common Room; the water service needs attention, and staff assistance has been requested at 18:22 case 1475",Water,Water:5,0,JIIT Sector 62,Hostels,H4 Boys Hostel,hostel,Ground Floor,H4 Common Room,28.63062,77.37262,Friday,18,2025-12-05T12:52:00+00:00,2,High,100,34,0,Escalated,17.19,1,1,mobile,staff were informed that a tap continues running after it is closed in h4 common room the water service needs attention and staff assistance has been requested at 18:22 case 1475,2025-12-05,4-7,High,Low,0.25,1.88936,-1.54668,1.0,0.0,44.0
CL-11594,EV-202512-0318,ANON-0121,"a repeated observation is that the queue extends into the walking area in FF6; while the area is moderately occupied, although nearby rooms remain usable at 8:01 case 1594",Canteen,Canteen:3,3,JIIT Sector 62,Academic & Teaching,Aryabhatt Bhawan III,academic,Floor 3,FF6,28.6299,77.37315,Monday,8,2025-12-15T02:31:00+00:00,4,Low,71,22,0,In Progress,5.88,0,0,mobile,a repeated observation is that the queue extends into the walking area in ff6 while the area is moderately occupied although nearby rooms remain usable at 8:01 case 1594,2025-12-15,8-10,High,Low,0.75,0.40265,-2.38989,1.0,0.0,23.0
CL-12357,EV-202602-0471,ANON-0463,"students report that a monitor and keyboard are not detected in CL22-B; while the area is moderately occupied, although nearby rooms remain usable at 9:20 case 2357",Lab Equipment,Lab Equipment:1,1,JIIT Sector 62,Labs & Research,CL22,lab,Floor 2,CL22-B,28.62986,77.37266,Monday,9,2026-02-16T03:50:00+00:00,4,Low,49,47,0,Verified,5.12,1,0,kiosk,students report that a monitor and keyboard are not detected in cl22-b while the area is moderately occupied although nearby rooms remain usable at 9:20 case 2357,2026-02-16,8-10,Medium,Low,0.75,-0.72519,-0.6332,3.0,1.0,37.333333333333336
CL-11682,EV-202512-0336,ANON-0309,"an urgent maintenance check is needed because signage for the room is missing in CR102; and the condition has become more frequent, while the area is moderately occupied at 13:58 case 1682",Infrastructure,Infrastructure:8,3,JIIT Sector 62,Academic & Teaching,Aryabhatt Bhawan II,academic,Floor 1,CR102,28.6297,77.3729,Monday,13,2025-12-22T08:28:00+00:00,4,Low,91,38,0,Verified,6.25,0,0,mobile,an urgent maintenance check is needed because signage for the room is missing in cr102 and the condition has become more frequent while the area is moderately occupied at 13:58 case 1682,2025-12-22,12-2,High,Low,0.75,1.42797,-1.26561,3.0,0.0,31.666666666666668
CL-11489,EV-202512-0297,ANON-0210,"a repeated observation is that the wash area needs urgent sanitation in H5 Common Room; this is a hygiene and cleanliness concern, after normal troubleshooting was attempted at 16:24 case 1489",Cleanliness,Cleanliness:3,3,JIIT Sector 62,Hostels,H5 Boys Hostel,hostel,Ground Floor,H5 Common Room,28.63075,77.37278,Saturday,16,2025-12-06T10:54:00+00:00,1,Critical,69,28,1,In Progress,6.98,1,0,mobile,a repeated observation is that the wash area needs urgent sanitation in h5 common room this is a hygiene and cleanliness concern after normal troubleshooting was attempted at 16:24 case 1489,2025-12-06,2-4,Medium,Low,0.0,0.30012,-1.96829,2.0,1.0,50.0
CL-10309,EV-202508-0061,ANON-0753,"a repeated observation is that the wash area needs urgent sanitation in CR101; and several students are affected, and the condition has become more frequent at 15:21 case 309",Cleanliness,Cleanliness:3,3,JIIT Sector 62,Academic & Teaching,Aryabhatt Bhawan II,academic,Floor 1,CR101,28.6297,77.3729,Saturday,15,2025-08-30T09:51:00+00:00,2,High,50,48,0,Resolved,7.88,1,0,mobile,a repeated observation is that the wash area needs urgent sanitation in cr101 and several students are affected and the condition has become more frequent at 15:21 case 309,2025-08-30,2-4,Medium,Low,0.25,-0.67393,-0.56293,1.0,0.0,17.0
CL-12712,EV-202603-0542,ANON-0584,"during the latest session the common area is overcrowded in H5 Common Room; while another campus service remains normal, and staff assistance has been requested at 8:58 case 2712",Other,Other:2,2,JIIT Sector 62,Hostels,H5 Boys Hostel,hostel,Ground Floor,H5 Common Room,28.63075,77.37278,Wednesday,8,2026-03-18T03:28:00+00:00,4,Low,98,51,0,Open,13.64,0,1,mobile,during the latest session the common area is overcrowded in h5 common room while another campus service remains normal and staff assistance has been requested at 8:58 case 2712,2026-03-18,8-10,High,Medium,0.75,1.78683,-0.35213,3.0,1.0,20.666666666666668
CL-10674,EV-202509-0134,ANON-0132,"the class representative confirmed that the common area smells unpleasant and needs attention in Group Study; after normal troubleshooting was attempted, and the condition has become more frequent at 18:01 case 674",Cleanliness,Cleanliness:9,4,JIIT Sector 62,Library & Study,LRC,library,Floor 1,Group Study,28.63002,77.37302,Monday,18,2025-09-29T12:31:00+00:00,3,Medium,35,68,0,Resolved,3.8,0,0,mobile,the class representative confirmed that the common area smells unpleasant and needs attention in group study after normal troubleshooting was attempted and the condition has become more frequent at 18:01 case 674,2025-09-29,4-7,Low,Medium,0.5,-1.44291,0.84242,1.0,0.0,30.0
CL-11269,EV-202511-0253,ANON-0725,"the current problem is that the room loses power for short intervals in CR202; the electrical supply needs inspection, during a regular teaching period at 11:45 case 1269",Electrical,Electrical:4,4,JIIT Sector 62,Academic & Teaching,Aryabhatt Bhawan II,academic,Floor 2,CR202,28.6297,77.3729,Tuesday,11,2025-11-18T06:15:00+00:00,3,Medium,68,67,0,Open,4.77,0,0,web,the current problem is that the room loses power for short intervals in cr202 the electrical supply needs inspection during a regular teaching period at 11:45 case 1269,2025-11-18,10-12,Medium,Medium,0.5,0.24886,0.77215,0.0,0.0,0.0
CL-10690,EV-202509-0138,ANON-0561,"during the latest session students cannot authenticate to the wireless network in ECE-202; while another campus service remains normal, and it interrupts scheduled teaching at 16:22 case 690",Network,Network:2,2,JIIT Sector 62,Labs & Research,ECE Labs,lab,Floor 2,ECE-202,28.62974,77.37282,Tuesday,16,2025-09-30T10:52:00+00:00,3,Medium,82,58,0,Resolved,14.21,0,1,kiosk,during the latest session students cannot authenticate to the wireless network in ece-202 while another campus service remains normal and it interrupts scheduled teaching at 16:22 case 690,2025-09-30,2-4,High,Medium,0.5,0.96658,0.13974,1.0,0.0,38.0
CL-12605,EV-202603-0521,ANON-0053,"an urgent maintenance check is needed because the lab printer is unavailable to student systems in CS1; laboratory equipment availability is affected, and several students are affected at 15:59 case 2605",Lab Equipment,Lab Equipment:8,3,JIIT Sector 62,Academic & Teaching,Aryabhatt Bhawan III,academic,Floor 1,CS1,28.6299,77.37315,Monday,15,2026-03-09T10:29:00+00:00,1,Critical,70,53,1,Resolved,6.31,0,0,mobile,an urgent maintenance check is needed because the lab printer is unavailable to student systems in cs1 laboratory equipment availability is affected and several students are affected at 15:59 case 2605,2026-03-09,2-4,Medium,Medium,0.0,0.35139,-0.21159,1.0,0.0,12.0
