complaint_id,student_key,complaint_text,category,zone,facility,floor,room,day_name,hour,observed_at,impact_rating,severity,occupancy_pct,humidity_pct,recurring,status,resolution_hours,has_image
CL-10000,ANON-0515,washroom near CL3 has not been cleaned today !!!!,Cleanliness,Academic & Teaching,H4 Boys Hostel,Floor 3,CL3,Tuesday,10,2026-01-05T10:21:00+05:30,1,Critical,53.0,73,0,Verified,5.59,1
CL-10001,ANON-0236,spill outside CR425 creates a safety hazard please fix urgently,Cleanliness,General & Utilities,Aryabhatt Bhawan III,Floor 2,CR425,Monday,12,2026-01-05T12:53:00+05:30,4,Low,47.0,58,1,Resolved,4.41,0
CL-10002,ANON-0515,monitor and keyboard are not detected at workstation in CL3 and the room is overcrowded,Lab Equipment,Labs & Research,CL15,Floor 3,CL3,Thursday,12,2026-01-05T12:51:00+05:30,1,Critical,8.0,44,0,Open,4.12,0
CL-10003,ANON-0586,wifi becomes extremely slow near CL3 between 14:00 and 16:00,Network,Labs & Research,CL15,Floor 3,CL3,Tuesday,14,2026-01-05T14:39:00+05:30,3,Medium,100.0,31,0,In Progress,5.29,0
CL-10004,ANON-0405,garbage is overflowing in the corridor on Floor 4 while the wifi is also unstable,Cleanliness,Academic & Teaching,Aryabhatt Bhawan III,Floor 4,CS1,Saturday,13,2026-01-05T13:26:00+05:30,3,Medium,59.0,73,0,Resolved,3.86,0
CL-10005,ANON-0041,projector in CS1 switches off after ten minutes !!!!,Infrastructure,Academic & Teaching,A2/2,Ground Floor,CS1,Saturday,10,2026-01-05T10:22:00+05:30,5,Low,50.0,69,0,Open,3.92,0
CL-10006,ANON-0430,wifi becomes extremely slow near CL15 between 11:00 and 13:00 students cannot continue class,Network,Labs & Research,CL3,Floor 3,CL15,Wednesday,11,2026-01-05T11:13:00+05:30,3,Medium,66.0,26,1,Open,4.89,0
CL-10007,ANON-0209,monitor and keyboard are not detected at workstation in G2 students cannot continue class,Lab Equipment,Labs & Research,CL1,Floor 2,G2,Thursday,16,2026-01-05T16:00:00+05:30,3,Medium,73.0,70,1,Escalated,6.27,0
CL-10008,ANON-0568,waiting time at Annapurna / Main Mess is more than twenty minutes,Canteen,Food,,Floor 4,G2,Friday,13,2026-01-05T13:31:00+05:30,2,High,90.0,48,0,In Progress,4.21,1
CL-10009,ANON-0254,network authentication fails for students around CL3 this happens repeatedly,Network,Academic & Teaching,CL3,Floor 3,TS17,Thursday,12,2026-01-05T12:07:00+05:30,2,High,62.0,40,1,Resolved,6.6,0
CL-10010,ANON-0151,student common area is overcrowded after 12:00,Other,General & Utilities,Main Gate,Floor 1,CR425,Friday,12,2026-01-05T12:42:00+05:30,5,Low,84.0,35,0,Open,2.39,0
CL-10011,ANON-0492,classroom door and several chairs need repair on Floor 2 beside the canteen queue,Infrastructure,Academic & Teaching,A2/2,Floor 2,CL3,Thursday,12,2026-01-05T12:55:00+05:30,1,Critical,96.0,73,1,Resolved,8.66,1
CL-10012,ANON-0353,power socket near the desk is unsafe in CR425 after a power interruption,Electrical,Labs & Research,CL22,Ground Floor,CR425,Tuesday,17,2026-01-05T17:59:00+05:30,4,Low,74.0,42,0,Open,4.35,0
CL-10013,ANON-0060,classroom door and several chairs need repair on Floor 2,Infrastructure,Labs & Research,Aryabhatt Bhawan II,Floor 2,G2,Wednesday,8,2026-01-05T08:54:00+05:30,2,High,38.0,57,1,Resolved,5.12,0
CL-10014,ANON-0362,power socket near the desk is unsafe in TS17,Network,Academic & Teaching,H5 Boys Hostel,Floor 3,TS17,Saturday,8,2026-01-05T08:09:00+05:30,2,High,57.0,84,0,Resolved,3.8,0
CL-10015,ANON-0549,network authentication fails for students around CL15 students cannot continue class,Network,Academic & Teaching,CL15,Floor 2,CL3,Wednesday,10,2026-01-05T10:21:00+05:30,1,Critical,73.0,47,0,Resolved,5.48,0
CL-10016,ANON-0275,classroom door and several chairs need repair on Floor 3,Infrastructure,Labs & Research,CL3,Floor 3,CL15,Thursday,18,2026-01-06T18:09:00+05:30,3,Medium,51.0,41,0,Resolved,3.78,1
CL-10017,ANON-0027,wifi becomes extremely slow near CL3 between 10:00 and 12:00 beside the canteen queue,Network,Academic & Teaching,Aryabhatt Bhawan II,Ground Floor,CL3,Thursday,10,2026-01-06T10:10:00+05:30,3,Medium,60.0,48,0,In Progress,3.9,0
CL-10018,ANON-0043,canteen queue is very long at 13:00 with one counter open,Canteen,Food,Annapurna / Main Mess,Floor 3,CR425,Friday,13,2026-01-06T13:09:00+05:30,5,Low,49.0,37,0,In Progress,2.15,0
CL-10019,ANON-0518,projector hdmi port is loose in TS17,Infrastructure,Academic & Teaching,Aryabhatt Bhawan II,Floor 1,TS17,Tuesday,8,2026-01-06T08:23:00+05:30,3,Medium,42.0,48,1,Open,3.99,0
CL-10020,ANON-0177,canteen queue is very long at 13:00 with one counter open,Canteen,Food,Cafeteria / Canteen,Ground Floor,CL3,Saturday,13,2026-01-06T13:03:00+05:30,5,Low,95.0,70,0,Resolved,3.7,0
CL-10021,ANON-0343,classroom door and several chairs need repair on Floor 4,Infrastructure,Labs & Research,Aryabhatt Bhawan II,Floor 4,CL22,Thursday,14,2026-01-06T14:57:00+05:30,4,Low,51.0,62,1,Verified,3.21,1
CL-10022,ANON-0587,very weak wifi signal on Floor 3 of CL15,Network,Library & Study,CL15,Floor 3,CL15,Thursday,11,2026-01-06T11:28:00+05:30,4,Low,90.0,27,0,Open,3.61,0
CL-10023,ANON-0367,food counter is overcrowded between 13:00 and 15:00 students cannot continue class,Canteen,Food,Cafeteria / Canteen,Floor 4,CR425,Friday,13,2026-01-06T13:04:00+05:30,2,High,93.0,70,0,Open,5.53,1
CL-10024,ANON-0493,spill outside TS17 creates a safety hazard,Cleanliness,Hostels,Washrooms,Floor 2,TS17,Wednesday,12,2026-01-06T12:24:00+05:30,3,Medium,46.0,37,0,Resolved,3.72,0
CL-10025,ANON-0520,billing queue reaches the stairwell near Annapurna / Main Mess,Electrical,Food,Annapurna / Main Mess,Floor 1,CS1,Monday,14,2026-01-06T14:31:00+05:30,2,High,85.0,56,0,Resolved,5.92,0
CL-10026,ANON-0548,food counter is overcrowded between 12:00 and 14:00,Canteen,Food,Cafeteria / Canteen,Floor 4,CR425,Thursday,12,2026-01-06T12:47:00+05:30,3,Medium,55.0,47,0,Open,5.12,0
CL-10027,ANON-0405,laboratory equipment reports a calibration error in CL3 beside the canteen queue,Lab Equipment,Labs & Research,ECE Labs,Floor 4,CL3,Wednesday,8,2026-01-06T08:45:00+05:30,5,Low,27.0,69,0,Resolved,2.02,0
CL-10028,ANON-0403,wifi becomes extremely slow near CL15 between 14:00 and 16:00,Network,Labs & Research,LRC,Ground Floor,CL15,Monday,14,2026-01-06T14:19:00+05:30,2,High,88.0,86,1,In Progress,5.98,0
CL-10029,ANON-0554,student common area is overcrowded after 10:00,Other,General & Utilities,Administration Block,Floor 4,CL22,Friday,10,2026-01-06T10:59:00+05:30,2,High,43.0,84,1,Open,6.35,0
CL-10030,ANON-0402,internet disconnects repeatedly during the lecture in FF6,Network,Library & Study,CL15,Floor 2,FF6,Friday,14,2026-01-06T14:00:00+05:30,3,Medium,100.0,58,1,Open,5.72,1
CL-10031,ANON-0069,canteen queue is very long at 13:00 with one counter open please fix urgently,Canteen,Food,Annapurna / Main Mess,Floor 1,TS17,Friday,13,2026-01-06T13:45:00+05:30,2,High,64.0,42,0,Resolved,5.09,0
CL-10032,ANON-0220,very weak wifi signal on Floor 2 of CL3,Network,Academic & Teaching,CL3,Floor 2,TS17,Thursday,14,2026-01-07T14:06:00+05:30,2,High,,66,0,Open,6.01,0
CL-10033,ANON-0548,broken writing desk is blocking the aisle in CL22,Infrastructure,Academic & Teaching,A2/2,Ground Floor,CL22,Wednesday,14,2026-01-07T14:10:00+05:30,2,High,61.0,46,0,In Progress,4.89,0
CL-10034,ANON-0393,air conditioner stops cooling after noon on Ground Floor,Electrical,Hostels,CL22,Ground Floor,CL3,Friday,15,2026-01-07T15:43:00+05:30,1,Critical,,76,0,In Progress,6.31,0
CL-10035,ANON-0305,two ceiling fans are not working in TS17 after a power interruption,Electrical,Labs & Research,CL22,Ground Floor,TS17,Thursday,17,2026-01-07T17:12:00+05:30,5,Low,55.0,23,0,Verified,2.5,0
CL-10036,ANON-0274,food counter is overcrowded between 13:00 and 15:00,Canteen,Food,Cafeteria / Canteen,Floor 2,TS17,Tuesday,13,2026-01-07T13:24:00+05:30,4,Low,57.0,33,0,Resolved,3.67,1
CL-10037,ANON-0524,drinking water cooler near CS1 is empty,Water,Sports & Recreation,Girls Hostel,Floor 2,CS1,Thursday,12,2026-01-07T12:25:00+05:30,4,Low,32.0,48,0,Resolved,3.44,1
CL-10038,ANON-0541,garbage is overflowing in the corridor on Floor 3,Cleanliness,General & Utilities,Aryabhatt Bhawan III,Floor 3,CS1,Wednesday,17,2026-01-07T17:27:00+05:30,3,Medium,59.0,32,0,Resolved,3.35,0
CL-10039,ANON-0275,food counter is overcrowded between 12:00 and 14:00,Canteen,Food,Annapurna / Main Mess,Ground Floor,CS1,Thursday,12,2026-01-07T12:20:00+05:30,5,Low,85.0,42,0,Open,3.56,0
CL-10040,ANON-0147,waiting time at Cafeteria / Canteen is more than twenty minutes this happens repeatedly,Canteen,Food,Cafeteria / Canteen,Floor 4,CR425,Thursday,13,2026-01-07T13:19:00+05:30,3,Medium,72.0,42,0,Open,4.52,0
CL-10041,ANON-0598,internet disconnects repeatedly during the lecture in CL15,Network,Labs & Research,LRC,Floor 1,CL15,Monday,12,2026-01-07T12:49:00+05:30,3,Medium,94.0,32,0,Resolved,4.94,1
CL-10042,ANON-0175,network authentication fails for students around CL3,Network,Labs & Research,CL3,Floor 1,CL22,Wednesday,11,2026-01-07T11:46:00+05:30,1,Critical,67.0,54,0,In Progress,6.29,1
CL-10043,ANON-0104,floor near H4 Boys Hostel is dirty and slippery,Water,Hostels,H4 Boys Hostel,Floor 1,CS1,Friday,13,2026-01-07T13:31:00+05:30,3,Medium,46.0,49,0,In Progress,4.8,0
CL-10044,ANON-0453,very weak wifi signal on Floor 1 of CL3,Network,Academic & Teaching,CL3,Floor 1,CL15,Tuesday,12,2026-01-07T12:10:00+05:30,3,Medium,71.0,53,0,Open,3.56,0
CL-10045,ANON-0281,billing queue reaches the stairwell near Cafeteria / Canteen,Canteen,Food,Cafeteria / Canteen,Floor 3,G2,Saturday,13,2026-01-07T13:58:00+05:30,3,Medium,66.0,58,1,Open,4.86,0
CL-10046,ANON-0116,parking congestion blocks the entrance near Auditorium !!!!,Other,Sports & Recreation,Auditorium,Floor 3,CL3,Wednesday,13,2026-01-07T13:21:00+05:30,4,Low,30.0,63,0,Verified,2.01,0
CL-10047,ANON-0138,NETWORK AUTHENTICATION FAILS FOR STUDENTS AROUND CL3   !!!,Network,Academic & Teaching,CL3,Floor 3,TS17,Wednesday,12,2026-01-07T12:07:00+05:30,2,High,76.0,83,0,Verified,6.47,0
CL-10048,ANON-0421,air conditioner stops cooling after noon on Floor 4,Electrical,Academic & Teaching,A2/1,Floor 4,G2,Tuesday,13,2026-01-08T13:52:00+05:30,3,Medium,45.0,93,0,Escalated,4.45,1
CL-10049,ANON-0039,projector in G2 switches off after ten minutes,Infrastructure,Labs & Research,Aryabhatt Bhawan II,Floor 2,G2,Wednesday,14,2026-01-08T14:46:00+05:30,2,High,20.0,71,1,Verified,5.88,0
CL-10050,ANON-0537,very weak wifi signal on Floor 1 of Aryabhatt Bhawan II,Network,Labs & Research,Aryabhatt Bhawan II,Floor 1,G2,Monday,12,2026-01-08T12:04:00+05:30,3,Medium,71.0,44,1,In Progress,4.75,0
CL-10051,ANON-0117,waiting time at Cafeteria / Canteen is more than twenty minutes,Canteen,Food,Cafeteria / Canteen,Floor 1,CS1,Monday,12,2026-01-08T12:14:00+05:30,2,High,80.0,73,0,Open,5.15,0
CL-10052,ANON-0275,canteen queue is very long at 13:00 with one counter open,Canteen,Food,Cafeteria / Canteen,Floor 4,G2,Wednesday,13,2026-01-08T13:52:00+05:30,1,Critical,100.0,24,1,Resolved,7.71,0
CL-10053,ANON-0517,internet disconnects repeatedly during the lecture in CL3,Network,Labs & Research,Aryabhatt Bhawan II,Floor 3,CL3,Friday,10,2026-01-08T10:28:00+05:30,1,Critical,77.0,49,1,Open,6.7,0
CL-10054,ANON-0538,monitor and keyboard are not detected at workstation in TS17,Lab Equipment,Labs & Research,ECE Labs,Ground Floor,TS17,Saturday,17,2026-01-08T17:37:00+05:30,3,Medium,54.0,55,1,In Progress,5.1,0
CL-10055,ANON-0200,projector in G2 switches off after ten minutes after a power interruption,Infrastructure,Labs & Research,A2/2,Floor 3,G2,Monday,11,2026-01-08T11:17:00+05:30,3,Medium,54.0,53,0,Resolved,3.72,0
CL-10056,ANON-0367,wifi becomes extremely slow near CL15 between 10:00 and 12:00,Network,Library & Study,CL15,Floor 1,CL15,Monday,10,2026-01-08T10:29:00+05:30,3,Medium,87.0,38,0,Open,4.99,0
CL-10057,ANON-0423,three lab systems freeze during compilation in CL3 after a power interruption,Lab Equipment,Labs & Research,CL15,Floor 1,CL3,Thursday,8,2026-01-08T08:01:00+05:30,2,High,76.0,56,1,In Progress,6.71,0
CL-10058,ANON-0180,wifi becomes extremely slow near FF6 between 10:00 and 12:00,Network,Library & Study,LRC,Floor 3,FF6,Thursday,10,2026-01-08T10:54:00+05:30,2,High,83.0,35,0,In Progress,4.74,0
CL-10059,ANON-0265,internet disconnects repeatedly during the lecture in CL15,Network,Labs & Research,CL15,Floor 3,CL15,Monday,12,2026-01-08T12:40:00+05:30,3,Medium,61.0,41,0,Verified,3.57,1
CL-10060,ANON-0307,wifi becomes extremely slow near CL15 between 9:00 and 11:00,Network,Labs & Research,CL15,Floor 3,CL15,Tuesday,9,2026-01-08T09:20:00+05:30,5,Low,98.0,45,0,Resolved,4.3,1
CL-10061,ANON-0558,very weak wifi signal on Floor 3 of LRC this happens repeatedly while the wifi is also unstable,Network,Academic & Teaching,LRC,Floor 3,CL22,Saturday,14,2026-01-08T14:38:00+05:30,1,Critical,83.0,35,0,Open,5.21,1
CL-10062,ANON-0088,low water pressure reported around Girls Hostel,Water,Hostels,Girls Hostel,Floor 3,CS1,Tuesday,12,2026-01-08T12:15:00+05:30,2,High,63.0,65,1,Resolved,7.16,0
CL-10063,ANON-0016,broken writing desk is blocking the aisle in CL22,Infrastructure,Labs & Research,CL3,Ground Floor,CL22,Tuesday,8,2026-01-08T08:08:00+05:30,3,Medium,67.0,50,0,Open,4.85,0
CL-10064,ANON-0547,LABORATORY EQUIPMENT REPORTS A CALIBRATION ERROR IN CL22   !!!,Lab Equipment,Labs & Research,CL3,Floor 1,CL22,Saturday,8,2026-01-09T08:32:00+05:30,3,Medium,64.0,47,0,Resolved,4.95,1
CL-10065,ANON-0185,spill outside CR425 creates a safety hazard,Cleanliness,General & Utilities,Aryabhatt Bhawan III,Floor 4,CR425,Saturday,10,2026-01-09T10:40:00+05:30,4,Low,54.0,82,0,Resolved,2.72,1
CL-10066,ANON-0290,canteen queue is very long at 12:00 with one counter open,Canteen,Food,Cafeteria / Canteen,Floor 3,TS17,Monday,12,2026-01-09T12:02:00+05:30,4,Low,74.0,56,0,Open,4.74,0
CL-10067,ANON-0308,wifi becomes extremely slow near FF6 between 11:00 and 13:00 while the wifi is also unstable,Network,Library & Study,Aryabhatt Bhawan II,Ground Floor,FF6,Thursday,11,2026-01-09T11:21:00+05:30,3,Medium,83.0,60,0,Resolved,5.16,1
CL-10068,ANON-0585,classroom door and several chairs need repair on Floor 2,Infrastructure,Labs & Research,CL3,Floor 2,G2,Monday,15,2026-01-09T15:50:00+05:30,1,Critical,20.0,41,1,Open,6.29,1
CL-10069,ANON-0500,network authentication fails for students around CL15,Network,Library & Study,CL15,Floor 2,CL15,Wednesday,10,2026-01-09T10:46:00+05:30,3,Medium,63.0,67,0,Open,2.77,0
CL-10070,ANON-0283,wifi becomes extremely slow near G2 between 9:00 and 11:00 and the room is overcrowded,Network,Academic & Teaching,LRC,Ground Floor,G2,Friday,9,2026-01-09T09:55:00+05:30,1,Critical,73.0,69,0,In Progress,5.36,0
CL-10071,ANON-0194,very weak wifi signal on Floor 4 of LRC,Network,Academic & Teaching,LRC,Floor 4,FF6,Tuesday,10,2026-01-09T10:58:00+05:30,3,Medium,62.0,53,0,Resolved,4.18,1
CL-10072,ANON-0360,water is leaking into the corridor on Floor 2,Water,Sports & Recreation,Swimming Pool,Floor 2,CL22,Thursday,12,2026-01-09T12:21:00+05:30,3,Medium,16.0,54,0,Resolved,3.98,0
CL-10073,ANON-0221,spill outside CL22 creates a safety hazard,Cleanliness,Hostels,Aryabhatt Bhawan III,Ground Floor,CL22,Wednesday,10,2026-01-09T10:27:00+05:30,3,Medium,46.0,50,0,Open,3.73,0
CL-10074,ANON-0324,laboratory equipment reports a calibration error in CS1,Lab Equipment,Labs & Research,CL15,Ground Floor,CS1,Thursday,10,2026-01-09T10:07:00+05:30,1,Critical,73.0,62,1,Open,8.59,1
CL-10075,ANON-0411,water is leaking into the corridor on Ground Floor,Water,General & Utilities,Swimming Pool,Ground Floor,CL3,Friday,18,2026-01-09T18:49:00+05:30,2,High,28.0,76,0,In Progress,4.89,0
CL-10076,ANON-0339,waiting time at Annapurna / Main Mess is more than twenty minutes !!!!,Canteen,Food,Annapurna / Main Mess,Ground Floor,G2,Saturday,12,2026-01-09T12:15:00+05:30,5,Low,100.0,57,1,Escalated,4.25,0
CL-10077,ANON-0279,classroom door and several chairs need repair on Ground Floor,Infrastructure,Academic & Teaching,A2/1,Ground Floor,FF6,Saturday,17,2026-01-09T17:23:00+05:30,3,Medium,35.0,45,1,Resolved,4.09,1
CL-10078,ANON-0570,unclassified campus issue reported around Parking,Other,General & Utilities,Parking,Floor 3,CL22,Tuesday,14,2026-01-09T14:08:00+05:30,4,Low,54.0,47,0,Resolved,3.48,0
CL-10079,ANON-0231,internet disconnects repeatedly during the lecture in CR425 near a water cooler,Network,Library & Study,CL3,Floor 4,CR425,Thursday,14,2026-01-09T14:25:00+05:30,5,Low,100.0,50,0,Open,2.96,1
CL-10080,ANON-0171,computer fails to boot during practical class in CS1 beside the canteen queue,Lab Equipment,Labs & Research,ECE Labs,Floor 2,CS1,Tuesday,8,2026-01-10T08:29:00+05:30,3,Medium,52.0,48,1,In Progress,4.39,1
CL-10081,ANON-0216,projector hdmi port is loose in CS1,Infrastructure,Labs & Research,CL3,Floor 3,CS1,Saturday,18,2026-01-10T18:51:00+05:30,1,Critical,63.0,24,0,Resolved,6.25,1
CL-10082,ANON-0481,air conditioner stops cooling after noon on Floor 4,Electrical,Hostels,A2/1,Floor 4,CL22,Wednesday,10,2026-01-10T10:37:00+05:30,4,Low,37.0,56,0,Open,3.73,0
CL-10083,ANON-0511,low water pressure reported around Girls Hostel beside the canteen queue,Water,Sports & Recreation,Girls Hostel,Floor 4,CL3,Wednesday,12,2026-01-10T12:36:00+05:30,5,Low,34.0,48,0,Resolved,2.75,0
CL-10084,ANON-0238,computer fails to boot during practical class in CS1,Lab Equipment,Labs & Research,ECE Labs,Floor 4,CS1,Friday,15,2026-01-10T15:34:00+05:30,4,Low,47.0,42,1,Resolved,4.68,1
CL-10085,ANON-0413,laboratory equipment reports a calibration error in CR425 while the wifi is also unstable,Lab Equipment,Labs & Research,CL3,Floor 1,CR425,Tuesday,8,2026-01-10T08:45:00+05:30,2,High,59.0,20,0,Resolved,5.03,0
CL-10086,ANON-0358,two ceiling fans are not working in CR425 students cannot continue class,Electrical,Academic & Teaching,H5 Boys Hostel,Floor 2,CR425,Wednesday,13,2026-01-10T13:15:00+05:30,3,Medium,94.0,55,0,Verified,4.54,1
CL-10087,ANON-0520,water is leaking into the corridor on Floor 3 after a power interruption,Water,General & Utilities,Girls Hostel,Floor 3,CR425,Monday,8,2026-01-10T08:03:00+05:30,3,Medium,62.0,75,0,Open,4.51,1
CL-10088,ANON-0483,three lab systems freeze during compilation in G2,Lab Equipment,Labs & Research,CL3,Floor 4,G2,Monday,10,2026-01-10T10:47:00+05:30,3,Medium,54.0,66,0,Open,4.69,0
CL-10089,ANON-0246,lights flicker repeatedly inside CL22 after a power interruption,Electrical,Hostels,H5 Boys Hostel,Floor 4,CL22,Saturday,13,2026-01-10T13:52:00+05:30,2,High,69.0,92,0,Resolved,4.52,1
CL-10090,ANON-0413,network authentication fails for students around LRC,Network,Library & Study,LRC,Floor 2,CL3,Friday,14,2026-01-10T14:52:00+05:30,3,Medium,66.0,61,1,Verified,5.53,1
CL-10091,ANON-0167,lights flicker repeatedly inside CL3 after a power interruption,Electrical,Academic & Teaching,H5 Boys Hostel,Floor 2,CL3,Friday,14,2026-01-10T14:12:00+05:30,1,Critical,58.0,91,0,Resolved,5.33,0
CL-10092,ANON-0078,food counter is overcrowded between 13:00 and 15:00,Canteen,Food,Cafeteria / Canteen,Ground Floor,G2,Tuesday,13,2026-01-10T13:59:00+05:30,4,Low,78.0,45,0,Resolved,4.06,0
CL-10093,ANON-0182,food counter is overcrowded between 14:00 and 16:00,Canteen,Food,Cafeteria / Canteen,Floor 2,CL3,Wednesday,14,2026-01-10T14:34:00+05:30,4,Low,93.0,34,0,In Progress,4.99,0
CL-10094,ANON-0119,computer fails to boot during practical class in CL22 near a water cooler,Lab Equipment,Labs & Research,CL3,Floor 4,CL22,Saturday,16,2026-01-10T16:02:00+05:30,4,Low,62.0,52,1,In Progress,5.26,1
CL-10095,ANON-0351,classroom door and several chairs need repair on Ground Floor,Infrastructure,Academic & Teaching,A2/1,Ground Floor,G2,Thursday,14,2026-01-10T14:18:00+05:30,3,Medium,43.0,57,0,Escalated,2.94,0
CL-10096,ANON-0344,waiting time at Cafeteria / Canteen is more than twenty minutes students cannot continue class,Canteen,Food,Cafeteria / Canteen,Floor 4,FF6,Friday,14,2026-01-11T14:44:00+05:30,1,Critical,81.0,62,0,In Progress,6.6,1
CL-10097,ANON-0567,very weak wifi signal on Floor 3 of CL3,Network,Labs & Research,CL3,Floor 3,CL22,Saturday,14,2026-01-11T14:26:00+05:30,1,Critical,39.0,38,0,Resolved,5.49,0
CL-10098,ANON-0055,air conditioner stops cooling after noon on Floor 4 near a water cooler,Electrical,Hostels,CL22,Floor 4,CR425,Tuesday,17,2026-01-11T17:21:00+05:30,4,Low,33.0,56,0,In Progress,4.3,0
CL-10099,ANON-0454,wifi becomes extremely slow near CL3 between 10:00 and 12:00,Network,Labs & Research,LRC,Floor 1,CL3,Friday,10,2026-01-11T10:39:00+05:30,3,Medium,100.0,38,1,Resolved,5.59,1
CL-10100,ANON-0056,food counter is overcrowded between 14:00 and 16:00 near a water cooler,Canteen,Food,Cafeteria / Canteen,Floor 3,G2,Thursday,14,2026-01-11T14:08:00+05:30,1,Critical,76.0,64,0,Open,5.89,0
CL-10101,ANON-0333,power socket near the desk is unsafe in CL22 students cannot continue class,Electrical,Hostels,CL22,Floor 3,CL22,Saturday,14,2026-01-11T14:59:00+05:30,3,Medium,72.0,80,0,Verified,4.39,1
CL-10102,ANON-0025,canteen queue is very long at 13:00 with one counter open and the room is overcrowded,Canteen,Food,Cafeteria / Canteen,Ground Floor,CL15,Saturday,13,2026-01-11T13:53:00+05:30,1,Critical,71.0,50,0,Escalated,5.25,0
CL-10103,ANON-0569,projector hdmi port is loose in FF6 while the wifi is also unstable,Infrastructure,Academic & Teaching,Aryabhatt Bhawan II,Ground Floor,FF6,Thursday,12,2026-01-11T12:56:00+05:30,2,High,19.0,22,0,In Progress,4.82,0
CL-10104,ANON-0272,two ceiling fans are not working in CL3 beside the canteen queue,Other,Academic & Teaching,H5 Boys Hostel,Floor 4,CL3,Thursday,17,2026-01-11T17:53:00+05:30,3,Medium,71.0,50,0,Verified,5.2,1
CL-10105,ANON-0452,wifi becomes extremely slow near CR425 between 9:00 and 11:00 please fix urgently,Network,Academic & Teaching,Aryabhatt Bhawan II,Floor 4,CR425,Saturday,9,2026-01-11T09:19:00+05:30,1,Critical,84.0,30,1,Verified,7.39,1
CL-10106,ANON-0448,wifi becomes extremely slow near CS1 between 10:00 and 12:00,Network,Labs & Research,CL15,Floor 4,CS1,Tuesday,10,2026-01-11T10:55:00+05:30,2,High,100.0,56,1,Open,5.79,0
CL-10107,ANON-0284,two ceiling fans are not working in TS17,Electrical,Labs & Research,H5 Boys Hostel,Floor 1,TS17,Friday,18,2026-01-11T18:01:00+05:30,3,Medium,45.0,86,1,Open,4.46,0
CL-10108,ANON-0085,garbage is overflowing in the corridor on Floor 1,Cleanliness,Academic & Teaching,Aryabhatt Bhawan III,Floor 1,CL3,Wednesday,15,2026-01-11T15:06:00+05:30,4,Low,76.0,66,0,Escalated,4.36,0
CL-10109,ANON-0431,garbage is overflowing in the corridor on Floor 4,Cleanliness,Academic & Teaching,H4 Boys Hostel,Floor 4,CL22,Monday,18,2026-01-11T18:48:00+05:30,2,High,41.0,48,0,Verified,4.45,1
CL-10110,ANON-0307,power socket near the desk is unsafe in TS17,Electrical,Academic & Teaching,CL22,Floor 4,TS17,Friday,15,2026-01-11T15:22:00+05:30,4,Low,62.0,60,1,Open,4.61,0
CL-10111,ANON-0153,drinking water cooler near CR425 is empty,Water,General & Utilities,Water cooler,Floor 1,CR425,Monday,11,2026-01-11T11:14:00+05:30,1,Critical,70.0,70,1,Resolved,7.5,0
CL-10112,ANON-0353,unclassified campus issue reported around Administration Block near a water cooler,Other,General & Utilities,Administration Block,Ground Floor,CL22,Monday,11,2026-01-12T11:58:00+05:30,3,Medium,87.0,36,1,In Progress,5.58,0
CL-10113,ANON-0323,wifi becomes extremely slow near TS17 between 10:00 and 12:00,Network,Labs & Research,LRC,Floor 3,TS17,Monday,10,2026-01-12T10:56:00+05:30,1,Critical,59.0,83,1,Escalated,6.72,1
CL-10114,ANON-0313,floor near Aryabhatt Bhawan III is dirty and slippery,Cleanliness,General & Utilities,,Floor 1,FF6,Saturday,10,2026-01-12T10:24:00+05:30,3,Medium,75.0,28,0,Verified,4.06,1
CL-10115,ANON-0206,projector hdmi port is loose in FF6,Infrastructure,Labs & Research,Aryabhatt Bhawan II,Floor 3,FF6,Thursday,16,2026-01-12T16:18:00+05:30,5,Low,88.0,52,0,In Progress,2.7,0
CL-10116,ANON-0496,billing queue reaches the stairwell near Annapurna / Main Mess students cannot continue class beside the canteen queue,Canteen,Food,Annapurna / Main Mess,Floor 2,TS17,Wednesday,13,2026-01-12T13:53:00+05:30,3,Medium,51.0,74,0,Resolved,4.23,0
CL-10117,ANON-0529,projector hdmi port is loose in TS17,Infrastructure,Labs & Research,A2/2,Floor 1,TS17,Wednesday,14,2026-01-12T14:17:00+05:30,3,Medium,27.0,68,1,In Progress,5.03,0
CL-10118,ANON-0125,water is leaking into the corridor on Floor 4 this happens repeatedly,Water,General & Utilities,Water cooler,Floor 4,TS17,Tuesday,15,2026-01-12T15:39:00+05:30,3,Medium,64.0,93,0,Open,3.79,0
CL-10119,ANON-0287,spill outside CS1 creates a safety hazard,Cleanliness,Academic & Teaching,Washrooms,Floor 2,CS1,Monday,10,2026-01-12T10:53:00+05:30,4,Low,24.0,44,0,In Progress,3.42,0
CL-10120,ANON-0494,very weak wifi signal on Ground Floor of CL15 students cannot continue class beside the canteen queue,Network,Library & Study,CL15,Ground Floor,G2,Thursday,10,2026-01-12T10:10:00+05:30,3,Medium,50.0,56,1,Open,4.65,0
CL-10121,ANON-0522,air conditioner stops cooling after noon on Floor 2,Electrical,Labs & Research,H5 Boys Hostel,Floor 2,G2,Saturday,18,2026-01-12T18:41:00+05:30,3,Medium,36.0,78,0,In Progress,4.09,0
CL-10122,ANON-0556,very weak wifi signal on Floor 4 of CL15,Network,Library & Study,CL15,Floor 4,CR425,Wednesday,11,2026-01-12T11:10:00+05:30,2,High,63.0,50,1,Verified,6.83,0
CL-10123,ANON-0535,food counter is overcrowded between 14:00 and 16:00,Other,Food,Cafeteria / Canteen,Floor 4,CS1,Friday,14,2026-01-12T14:27:00+05:30,3,Medium,72.0,28,1,Resolved,6.86,0
CL-10124,ANON-0593,internet disconnects repeatedly during the lecture in CS1 near a water cooler,Network,Academic & Teaching,LRC,Floor 2,CS1,Monday,14,2026-01-12T14:10:00+05:30,4,Low,71.0,67,0,In Progress,3.53,0
CL-10125,ANON-0251,floor near H4 Boys Hostel is dirty and slippery !!!! near a water cooler,Cleanliness,Academic & Teaching,H4 Boys Hostel,Floor 3,G2,Saturday,9,2026-01-12T09:12:00+05:30,3,Medium,45.0,90,0,In Progress,3.7,0
CL-10126,ANON-0201,air conditioner stops cooling after noon on Floor 1,Electrical,Labs & Research,CL22,Floor 1,CL3,Thursday,9,2026-01-12T09:34:00+05:30,4,Low,55.0,65,0,Resolved,4.47,1
CL-10127,ANON-0396,broken writing desk is blocking the aisle in CS1,Network,Academic & Teaching,A2/2,Floor 2,CS1,Monday,8,2026-01-12T08:15:00+05:30,3,Medium,37.0,41,1,In Progress,4.22,0
CL-10128,ANON-0403,network authentication fails for students around CL3,Network,Library & Study,CL3,Floor 4,CL15,Monday,12,2026-01-13T12:00:00+05:30,1,Critical,86.0,71,0,Verified,6.65,0
CL-10129,ANON-0220,computer fails to boot during practical class in TS17,Lab Equipment,Labs & Research,CL1,Floor 2,TS17,Thursday,8,2026-01-13T08:08:00+05:30,2,High,68.0,73,0,Verified,4.58,0
CL-10130,ANON-0175,broken writing desk is blocking the aisle in CL22,Canteen,Labs & Research,Aryabhatt Bhawan II,Floor 3,CL22,Thursday,10,2026-01-13T10:04:00+05:30,2,High,62.0,44,1,In Progress,6.42,0
CL-10131,ANON-0144,classroom door and several chairs need repair on Floor 3,Infrastructure,Labs & Research,CL3,Floor 3,CL3,Wednesday,10,2026-01-13T10:08:00+05:30,3,Medium,37.0,46,0,Resolved,2.81,0
CL-10132,ANON-0105,internet disconnects repeatedly during the lecture in CL3 after a power interruption,Network,Academic & Teaching,Aryabhatt Bhawan II,Floor 3,CL3,Friday,14,2026-01-13T14:55:00+05:30,3,Medium,91.0,59,0,In Progress,4.81,0
CL-10133,ANON-0003,laboratory equipment reports a calibration error in CR425,Lab Equipment,Labs & Research,ECE Labs,Floor 1,CR425,Tuesday,17,2026-01-13T17:50:00+05:30,2,High,30.0,62,1,Verified,5.78,1
CL-10134,ANON-0585,wifi becomes extremely slow near CL3 between 9:00 and 11:00 students cannot continue class,Network,Academic & Teaching,Aryabhatt Bhawan II,Ground Floor,CL3,Friday,9,2026-01-13T09:41:00+05:30,2,High,90.0,51,1,Verified,5.44,1
CL-10135,ANON-0538,air conditioner stops cooling after noon on Floor 1,Electrical,Labs & Research,H5 Boys Hostel,Floor 1,CL22,Tuesday,14,2026-01-13T14:02:00+05:30,2,High,70.0,83,0,Resolved,5.21,0
CL-10136,ANON-0015,broken writing desk is blocking the aisle in CL15,Infrastructure,Labs & Research,CL3,Floor 3,CL15,Friday,9,2026-01-13T09:05:00+05:30,2,High,49.0,77,0,Escalated,4.54,1
CL-10137,ANON-0080,floor near Washrooms is dirty and slippery,Cleanliness,Academic & Teaching,Washrooms,Ground Floor,G2,Friday,18,2026-01-13T18:20:00+05:30,2,High,92.0,50,0,Resolved,5.19,0
CL-10138,ANON-0305,three lab systems freeze during compilation in CS1,Lab Equipment,Labs & Research,CL22,Ground Floor,CS1,Thursday,18,2026-01-13T18:31:00+05:30,2,High,65.0,80,1,In Progress,7.54,1
CL-10139,ANON-0584,internet disconnects repeatedly during the lecture in CL22,Network,Academic & Teaching,CL3,Floor 2,CL22,Thursday,12,2026-01-13T12:54:00+05:30,5,Low,54.0,54,0,In Progress,2.16,0
CL-10140,ANON-0039,lights flicker repeatedly inside FF6,Electrical,Labs & Research,H5 Boys Hostel,Floor 3,FF6,Wednesday,11,2026-01-13T11:13:00+05:30,3,Medium,59.0,44,0,In Progress,3.4,0
CL-10141,ANON-0056,network authentication fails for students around CL3,Network,Library & Study,CL3,Ground Floor,CL22,Wednesday,9,2026-01-13T09:08:00+05:30,3,Medium,25.0,63,1,Open,3.93,0
CL-10142,ANON-0477,air conditioner stops cooling after noon on Floor 1,Electrical,Hostels,H5 Boys Hostel,Floor 1,TS17,Friday,13,2026-01-13T13:10:00+05:30,2,High,55.0,80,1,In Progress,6.75,0
CL-10143,ANON-0593,projector hdmi port is loose in CS1 this happens repeatedly beside the canteen queue,Infrastructure,Academic & Teaching,A2/1,Floor 3,CS1,Tuesday,18,2026-01-13T18:26:00+05:30,4,Low,79.0,63,0,Open,4.98,0
CL-10144,ANON-0324,network authentication fails for students around CL15,Network,Library & Study,CL15,Floor 3,CS1,Friday,10,2026-01-14T10:33:00+05:30,5,Low,,31,1,In Progress,3.78,0
CL-10145,ANON-0512,network authentication fails for students around Aryabhatt Bhawan II this happens repeatedly,Network,Library & Study,Aryabhatt Bhawan II,Floor 3,CL15,Wednesday,14,2026-01-14T14:44:00+05:30,3,Medium,92.0,67,0,In Progress,4.85,0
CL-10146,ANON-0365,wifi becomes extremely slow near CR425 between 14:00 and 16:00 after a power interruption,Network,Labs & Research,CL15,Floor 4,CR425,Monday,14,2026-01-14T14:18:00+05:30,3,Medium,94.0,42,1,In Progress,5.37,0
CL-10147,ANON-0331,projector in CR425 switches off after ten minutes,Infrastructure,Academic & Teaching,Aryabhatt Bhawan II,Ground Floor,CR425,Saturday,12,2026-01-14T12:45:00+05:30,2,High,98.0,73,1,Verified,6.53,0
CL-10148,ANON-0414,drinking water cooler near CR425 is empty,Water,Hostels,Water cooler,Ground Floor,CR425,Wednesday,15,2026-01-14T15:57:00+05:30,4,Low,75.0,46,0,Escalated,4.14,0
CL-10149,ANON-0312,classroom door and several chairs need repair on Ground Floor,Canteen,Academic & Teaching,Aryabhatt Bhawan II,Ground Floor,CL15,Wednesday,9,2026-01-14T09:26:00+05:30,4,Low,65.0,65,1,In Progress,4.71,0
CL-10150,ANON-0224,internet disconnects repeatedly during the lecture in CL22,Network,Academic & Teaching,Aryabhatt Bhawan II,Floor 2,CL22,Wednesday,14,2026-01-14T14:19:00+05:30,2,High,60.0,42,0,Resolved,5.18,0
CL-10151,ANON-0172,laboratory equipment reports a calibration error in FF6 while the wifi is also unstable,Electrical,Labs & Research,CL22,Floor 4,FF6,Tuesday,11,2026-01-14T11:11:00+05:30,3,Medium,36.0,83,0,Open,4.84,0
CL-10152,ANON-0458,laboratory equipment reports a calibration error in CL22,Lab Equipment,Labs & Research,CL1,Floor 4,CL22,Wednesday,16,2026-01-14T16:31:00+05:30,2,High,64.0,50,1,Open,6.24,1
CL-10153,ANON-0456,floor near Washrooms is dirty and slippery near a water cooler,Cleanliness,General & Utilities,Washrooms,Floor 2,CL15,Monday,9,2026-01-14T09:45:00+05:30,2,High,51.0,89,0,Open,5.23,0
CL-10154,ANON-0329,waiting time at Annapurna / Main Mess is more than twenty minutes,Canteen,Food,Annapurna / Main Mess,Ground Floor,FF6,Wednesday,14,2026-01-14T14:09:00+05:30,4,Low,84.0,65,0,Verified,2.89,0
CL-10155,ANON-0572,wifi becomes extremely slow near CR425 between 10:00 and 12:00,Network,Labs & Research,Aryabhatt Bhawan II,Floor 3,CR425,Monday,10,2026-01-14T10:41:00+05:30,2,High,100.0,49,0,Open,6.22,0
CL-10156,ANON-0076,three lab systems freeze during compilation in TS17,Lab Equipment,Labs & Research,CL22,Floor 3,TS17,Wednesday,11,2026-01-14T11:39:00+05:30,1,Critical,38.0,59,0,Verified,6.5,1
CL-10157,ANON-0423,very weak wifi signal on Floor 4 of Aryabhatt Bhawan II,Network,Academic & Teaching,Aryabhatt Bhawan II,Floor 4,CL22,Friday,10,2026-01-14T10:48:00+05:30,2,High,100.0,61,1,Resolved,7.66,0
CL-10158,ANON-0567,air conditioner stops cooling after noon on Floor 1,Electrical,Academic & Teaching,H5 Boys Hostel,Floor 1,CL3,Wednesday,9,2026-01-14T09:31:00+05:30,2,High,39.0,64,1,Verified,5.7,1
CL-10159,ANON-0400,food counter is overcrowded between 14:00 and 16:00 beside the canteen queue,Canteen,Food,Annapurna / Main Mess,Floor 1,CL15,Friday,14,2026-01-14T14:38:00+05:30,2,High,71.0,64,0,Resolved,6.0,0
CL-10160,ANON-0487,waiting time at Cafeteria / Canteen is more than twenty minutes after a power interruption,Canteen,Food,Cafeteria / Canteen,Floor 1,CL3,Saturday,13,2026-01-15T13:14:00+05:30,2,High,62.0,40,1,Escalated,5.1,1
CL-10161,ANON-0115,very weak wifi signal on Floor 4 of Aryabhatt Bhawan II,Electrical,Labs & Research,Aryabhatt Bhawan II,Floor 4,TS17,Friday,9,2026-01-15T09:53:00+05:30,2,High,70.0,68,0,Verified,5.85,0
CL-10162,ANON-0071,projector in CL3 switches off after ten minutes,Infrastructure,Academic & Teaching,Aryabhatt Bhawan II,Floor 2,CL3,Monday,15,2026-01-15T15:15:00+05:30,1,Critical,71.0,50,0,Verified,5.09,1
CL-10163,ANON-0145,classroom door and several chairs need repair on Floor 3,Infrastructure,Labs & Research,A2/2,Floor 3,CR425,Monday,12,2026-01-15T12:48:00+05:30,2,High,40.0,58,0,Verified,5.18,1
CL-10164,ANON-0240,floor near Aryabhatt Bhawan III is dirty and slippery,Cleanliness,Academic & Teaching,Aryabhatt Bhawan III,Floor 2,CS1,Saturday,15,2026-01-15T15:31:00+05:30,2,High,66.0,45,0,Verified,5.18,0
CL-10165,ANON-0094,canteen queue is very long at 14:00 with one counter open,Canteen,Food,Cafeteria / Canteen,Floor 4,CL15,Friday,14,2026-01-15T14:35:00+05:30,3,Medium,56.0,37,0,Verified,3.95,1
CL-10166,ANON-0056,parking congestion blocks the entrance near Administration Block while the wifi is also unstable,Other,Sports & Recreation,Administration Block,Floor 1,CL22,Tuesday,14,2026-01-15T14:55:00+05:30,2,High,34.0,35,0,Resolved,4.83,1
CL-10167,ANON-0575,very weak wifi signal on Floor 4 of Aryabhatt Bhawan II,Network,Academic & Teaching,Aryabhatt Bhawan II,Floor 4,FF6,Saturday,11,2026-01-15T11:11:00+05:30,2,High,61.0,40,1,Escalated,5.84,0
CL-10168,ANON-0475,wifi becomes extremely slow near CL22 between 10:00 and 12:00 this happens repeatedly,Network,Labs & Research,CL15,Floor 1,CL22,Friday,10,2026-01-15T10:18:00+05:30,1,Critical,90.0,33,1,Resolved,7.14,0
CL-10169,ANON-0384,very weak wifi signal on Ground Floor of CL3 and the room is overcrowded,Network,Labs & Research,CL3,Ground Floor,CR425,Thursday,14,2026-01-15T14:16:00+05:30,3,Medium,87.0,44,1,In Progress,6.5,1
CL-10170,ANON-0109,floor near H4 Boys Hostel is dirty and slippery near a water cooler,Cleanliness,General & Utilities,H4 Boys Hostel,Floor 4,CR425,Thursday,8,2026-01-15T08:47:00+05:30,5,Low,72.0,80,0,In Progress,2.92,0
CL-10171,ANON-0173,canteen queue is very long at 14:00 with one counter open,Canteen,Food,Cafeteria / Canteen,Floor 1,FF6,Friday,14,2026-01-15T14:02:00+05:30,2,High,59.0,68,0,Escalated,4.9,0
CL-10172,ANON-0168,monitor and keyboard are not detected at workstation in CR425 near a water cooler,Lab Equipment,Labs & Research,CL22,Floor 1,CR425,Monday,13,2026-01-15T13:43:00+05:30,3,Medium,57.0,82,0,Open,3.63,1
CL-10173,ANON-0518,very weak wifi signal on Ground Floor of CL15,Network,Labs & Research,CL15,Ground Floor,CL3,Wednesday,10,2026-01-15T10:07:00+05:30,3,Medium,73.0,84,1,In Progress,5.36,1
CL-10174,ANON-0564,very weak wifi signal on Floor 1 of CL3,Network,Academic & Teaching,CL3,Floor 1,CR425,Tuesday,9,2026-01-15T09:29:00+05:30,3,Medium,89.0,53,1,Resolved,5.54,0
CL-10175,ANON-0570,very weak wifi signal on Floor 2 of CL3,Network,Labs & Research,CL3,Floor 2,CS1,Friday,12,2026-01-15T12:08:00+05:30,5,Low,93.0,58,0,In Progress,2.72,1
CL-10176,ANON-0282,monitor and keyboard are not detected at workstation in TS17 students cannot continue class,Lab Equipment,Labs & Research,ECE Labs,Floor 2,TS17,Saturday,12,2026-01-16T12:17:00+05:30,2,High,58.0,38,0,Verified,5.33,0
CL-10177,ANON-0244,canteen queue is very long at 13:00 with one counter open,Water,Food,Cafeteria / Canteen,Floor 2,CS1,Tuesday,13,2026-01-16T13:26:00+05:30,1,Critical,76.0,57,0,Open,5.68,0
CL-10178,ANON-0427,waiting time at Cafeteria / Canteen is more than twenty minutes while the wifi is also unstable,Canteen,Food,Cafeteria / Canteen,Floor 4,CR425,Saturday,14,2026-01-16T14:06:00+05:30,3,Medium,94.0,47,0,In Progress,5.12,0
CL-10179,ANON-0448,unclassified campus issue reported around Parking beside the canteen queue,Other,General & Utilities,Parking,Floor 3,CL15,Tuesday,15,2026-01-16T15:39:00+05:30,4,Low,52.0,50,1,In Progress,4.27,1
CL-10180,ANON-0441,internet disconnects repeatedly during the lecture in FF6 students cannot continue class,Network,Academic & Teaching,Aryabhatt Bhawan II,Floor 4,FF6,Saturday,11,2026-01-16T11:36:00+05:30,3,Medium,65.0,70,0,In Progress,5.02,1
CL-10181,ANON-0266,wifi becomes extremely slow near FF6 between 11:00 and 13:00 beside the canteen queue,Network,Labs & Research,CL15,Ground Floor,FF6,Thursday,11,2026-01-16T11:27:00+05:30,2,High,75.0,73,1,Escalated,5.9,1
CL-10182,ANON-0298,projector hdmi port is loose in FF6,Infrastructure,Labs & Research,A2/1,Floor 1,FF6,Wednesday,13,2026-01-16T13:17:00+05:30,3,Medium,50.0,35,1,Resolved,6.03,1
CL-10183,ANON-0233,washroom near CL22 has not been cleaned today,Cleanliness,Hostels,Washrooms,Floor 2,CL22,Thursday,14,2026-01-16T14:23:00+05:30,4,Low,51.0,60,0,Escalated,3.11,0
CL-10184,ANON-0475,projector in FF6 switches off after ten minutes,Infrastructure,Academic & Teaching,A2/2,Ground Floor,FF6,Saturday,14,2026-01-16T14:23:00+05:30,2,High,86.0,67,0,Open,4.8,0
CL-10185,ANON-0474,food counter is overcrowded between 13:00 and 15:00 students cannot continue class,Canteen,Food,Annapurna / Main Mess,Floor 2,CR425,Thursday,13,2026-01-16T13:33:00+05:30,4,Low,75.0,20,0,Resolved,3.77,0
CL-10186,ANON-0388,internet disconnects repeatedly during the lecture in CL15 after a power interruption,Network,Labs & Research,LRC,Floor 3,CL15,Tuesday,12,2026-01-16T12:35:00+05:30,3,Medium,42.0,35,0,Resolved,5.43,0
CL-10187,ANON-0508,CANTEEN QUEUE IS VERY LONG AT 14:00 WITH ONE COUNTER OPEN   !!!,Canteen,Food,Cafeteria / Canteen,Floor 4,G2,Tuesday,14,2026-01-16T14:01:00+05:30,1,Critical,77.0,47,1,Open,6.64,0
CL-10188,ANON-0404,unclassified campus issue reported around Parking please fix urgently after a power interruption,Other,Administration,Parking,Floor 2,CL3,Wednesday,16,2026-01-16T16:56:00+05:30,1,Critical,22.0,67,0,Resolved,4.92,0
CL-10189,ANON-0476,water point near Water cooler is not operational,Water,Sports & Recreation,Water cooler,Floor 2,G2,Friday,14,2026-01-16T14:17:00+05:30,3,Medium,52.0,94,0,Open,4.61,0
CL-10190,ANON-0583,spill outside CL15 creates a safety hazard near a water cooler,Cleanliness,Hostels,Aryabhatt Bhawan III,Floor 2,CL15,Friday,11,2026-01-16T11:11:00+05:30,3,Medium,37.0,46,1,Resolved,4.31,1
CL-10191,ANON-0503,parking congestion blocks the entrance near Auditorium,Other,Administration,Auditorium,Floor 4,CL3,Monday,17,2026-01-16T17:33:00+05:30,2,High,66.0,65,0,Open,4.73,0
CL-10192,ANON-0371,canteen queue is very long at 12:00 with one counter open,Canteen,Food,Cafeteria / Canteen,Floor 3,TS17,Friday,12,2026-01-17T12:01:00+05:30,2,High,100.0,64,0,In Progress,5.19,0
CL-10193,ANON-0027,three lab systems freeze during compilation in CR425 while the wifi is also unstable,Lab Equipment,Labs & Research,CL15,Floor 2,CR425,Saturday,11,2026-01-17T11:32:00+05:30,1,Critical,63.0,49,0,Resolved,6.04,0
CL-10194,ANON-0310,broken writing desk is blocking the aisle in FF6,Infrastructure,Labs & Research,A2/1,Ground Floor,FF6,Tuesday,10,2026-01-17T10:03:00+05:30,3,Medium,80.0,46,0,Verified,3.58,0
CL-10195,ANON-0152,garbage is overflowing in the corridor on Ground Floor,Cleanliness,Hostels,Washrooms,Ground Floor,CR425,Monday,12,2026-01-17T12:19:00+05:30,2,High,53.0,66,0,In Progress,4.85,0
CL-10196,ANON-0399,projector hdmi port is loose in FF6,Infrastructure,Labs & Research,CL3,Floor 3,FF6,Friday,15,2026-01-17T15:16:00+05:30,5,Low,22.0,72,1,Open,3.61,0
CL-10197,ANON-0282,air conditioner stops cooling after noon on Floor 2 near a water cooler,Electrical,Labs & Research,H5 Boys Hostel,Floor 2,TS17,Friday,17,2026-01-17T17:57:00+05:30,1,Critical,60.0,64,0,Open,6.14,0
CL-10198,ANON-0327,very weak wifi signal on Floor 4 of LRC please fix urgently,Network,Academic & Teaching,LRC,Floor 4,FF6,Saturday,12,2026-01-17T12:02:00+05:30,1,Critical,92.0,45,1,Open,7.26,1
CL-10199,ANON-0499,spill outside G2 creates a safety hazard near a water cooler,Cleanliness,Hostels,Washrooms,Floor 1,G2,Thursday,12,2026-01-17T12:22:00+05:30,5,Low,66.0,47,0,Open,3.22,1
CL-10200,ANON-0573,two ceiling fans are not working in TS17 students cannot continue class beside the canteen queue,Electrical,Hostels,A2/1,Floor 4,TS17,Tuesday,17,2026-01-17T17:05:00+05:30,3,Medium,82.0,53,1,Escalated,5.83,0
CL-10201,ANON-0566,student common area is overcrowded after 13:00,Other,Administration,Parking,Floor 4,CL22,Thursday,13,2026-01-17T13:23:00+05:30,1,Critical,71.0,48,0,Verified,4.46,0
CL-10202,ANON-0409,floor near Washrooms is dirty and slippery after a power interruption,Cleanliness,General & Utilities,Washrooms,Ground Floor,CR425,Saturday,12,2026-01-17T12:17:00+05:30,2,High,79.0,60,1,Escalated,5.85,1
CL-10203,ANON-0152,internet disconnects repeatedly during the lecture in CL22,Network,Library & Study,CL15,Floor 4,CL22,Monday,14,2026-01-17T14:35:00+05:30,2,High,70.0,87,0,Escalated,4.36,0
CL-10204,ANON-0477,PROJECTOR HDMI PORT IS LOOSE IN CL3 !!!!   !!!,Infrastructure,Labs & Research,A2/2,Floor 2,CL3,Wednesday,10,2026-01-17T10:00:00+05:30,5,Low,62.0,46,0,Resolved,3.09,1
CL-10205,ANON-0015,very weak wifi signal on Floor 1 of CL15,Network,Library & Study,CL15,Floor 1,CL3,Friday,9,2026-01-17T09:57:00+05:30,1,Critical,87.0,54,0,Verified,6.11,1
CL-10206,ANON-0526,classroom door and several chairs need repair on Floor 3,Infrastructure,Academic & Teaching,Aryabhatt Bhawan II,Floor 3,CL3,Saturday,17,2026-01-17T17:58:00+05:30,2,High,54.0,59,0,Resolved,4.62,1
CL-10207,ANON-0304,wifi becomes extremely slow near TS17 between 11:00 and 13:00 this happens repeatedly,Network,Labs & Research,CL3,Floor 4,TS17,Wednesday,11,2026-01-17T11:56:00+05:30,2,High,100.0,42,0,Resolved,6.85,1
CL-10208,ANON-0202,billing queue reaches the stairwell near Cafeteria / Canteen,Canteen,Food,Cafeteria / Canteen,Floor 2,G2,Tuesday,13,2026-01-18T13:50:00+05:30,2,High,100.0,57,1,Verified,6.43,0
CL-10209,ANON-0536,monitor and keyboard are not detected at workstation in CL3,Lab Equipment,Labs & Research,CL3,Floor 4,CL3,Wednesday,13,2026-01-18T13:22:00+05:30,3,Medium,46.0,72,0,Resolved,3.1,1
CL-10210,ANON-0176,classroom door and several chairs need repair on Floor 4 please fix urgently near a water cooler,Infrastructure,Labs & Research,CL3,Floor 4,CR425,Thursday,14,2026-01-18T14:21:00+05:30,3,Medium,71.0,65,0,Open,3.86,0
CL-10211,ANON-0069,very weak wifi signal on Ground Floor of CL15,Network,Library & Study,CL15,Ground Floor,CR425,Wednesday,10,2026-01-18T10:44:00+05:30,3,Medium,62.0,61,1,In Progress,5.37,0
CL-10212,ANON-0116,canteen queue is very long at 12:00 with one counter open,Canteen,Food,Cafeteria / Canteen,Floor 3,G2,Thursday,12,2026-01-18T12:07:00+05:30,4,Low,70.0,53,0,Verified,2.48,0
CL-10213,ANON-0496,water is leaking into the corridor on Floor 1,Water,Sports & Recreation,Water cooler,Floor 1,CL15,Tuesday,18,2026-01-18T18:18:00+05:30,1,Critical,51.0,38,0,Resolved,5.8,0
CL-10214,ANON-0324,broken writing desk is blocking the aisle in TS17,Infrastructure,Academic & Teaching,A2/1,Floor 2,TS17,Tuesday,14,2026-01-18T14:44:00+05:30,5,Low,78.0,64,1,Verified,4.83,0
CL-10215,ANON-0524,network authentication fails for students around CL15,Network,Library & Study,CL15,Floor 1,CL15,Thursday,10,2026-01-18T10:33:00+05:30,4,Low,78.0,20,0,Resolved,3.26,0
CL-10216,ANON-0544,broken writing desk is blocking the aisle in CR425,Infrastructure,Labs & Research,Aryabhatt Bhawan II,Floor 4,CR425,Thursday,17,2026-01-18T17:59:00+05:30,2,High,50.0,30,1,Open,4.95,0
CL-10217,ANON-0006,wifi becomes extremely slow near CL22 between 10:00 and 12:00,Network,Labs & Research,CL3,Ground Floor,CL22,Saturday,10,2026-01-18T10:46:00+05:30,3,Medium,73.0,46,0,Resolved,5.84,0
CL-10218,ANON-0459,waiting time at Cafeteria / Canteen is more than twenty minutes,Canteen,Food,Cafeteria / Canteen,Floor 2,TS17,Friday,14,2026-01-18T14:54:00+05:30,1,Critical,44.0,49,0,Resolved,5.98,0
CL-10219,ANON-0064,air conditioner stops cooling after noon on Ground Floor while the wifi is also unstable,Electrical,Academic & Teaching,H5 Boys Hostel,Ground Floor,CL22,Friday,18,2026-01-18T18:57:00+05:30,2,High,38.0,76,1,Open,5.91,1
CL-10220,ANON-0312,network authentication fails for students around Aryabhatt Bhawan II,Network,Library & Study,Aryabhatt Bhawan II,Floor 4,CL3,Tuesday,10,2026-01-18T10:12:00+05:30,3,Medium,46.0,26,0,In Progress,4.85,0
CL-10221,ANON-0232,very weak wifi signal on Floor 4 of Aryabhatt Bhawan II and the room is overcrowded,Network,Academic & Teaching,Aryabhatt Bhawan II,Floor 4,CL3,Saturday,9,2026-01-18T09:09:00+05:30,2,High,69.0,51,0,Resolved,5.75,0
CL-10222,ANON-0106,network authentication fails for students around CL3 and the room is overcrowded,Network,Library & Study,CL3,Floor 4,CL22,Tuesday,11,2026-01-18T11:52:00+05:30,2,High,53.0,57,1,Resolved,6.65,1
CL-10223,ANON-0252,signage is missing for CL15 on Floor 4 !!!!,Electrical,General & Utilities,Auditorium,Floor 4,CL15,Friday,15,2026-01-18T15:26:00+05:30,1,Critical,,58,0,Resolved,6.12,1
CL-10224,ANON-0465,network authentication fails for students around CL15,Network,Academic & Teaching,CL15,Floor 1,CL15,Monday,14,2026-01-19T14:12:00+05:30,1,Critical,62.0,80,0,Resolved,4.42,0
CL-10225,ANON-0395,lights flicker repeatedly inside CL22 and the room is overcrowded,Electrical,Hostels,CL22,Floor 1,CL22,Saturday,15,2026-01-19T15:11:00+05:30,2,High,72.0,54,0,Open,4.42,0
CL-10226,ANON-0398,floor near Washrooms is dirty and slippery,Cleanliness,Hostels,Washrooms,Floor 4,G2,Tuesday,12,2026-01-19T12:18:00+05:30,4,Low,38.0,47,1,In Progress,3.97,0
CL-10227,ANON-0358,laboratory equipment reports a calibration error in G2 students cannot continue class,Water,Labs & Research,CL22,Ground Floor,G2,Friday,10,2026-01-19T10:16:00+05:30,1,Critical,51.0,48,0,Verified,5.44,0
CL-10228,ANON-0432,projector in CL15 switches off after ten minutes,Infrastructure,Labs & Research,A2/2,Floor 1,CL15,Monday,9,2026-01-19T09:30:00+05:30,2,High,70.0,41,0,Open,3.99,1
CL-10229,ANON-0554,spill outside CR425 creates a safety hazard,Cleanliness,Academic & Teaching,Aryabhatt Bhawan III,Ground Floor,CR425,Wednesday,16,2026-01-19T16:45:00+05:30,2,High,33.0,33,0,Resolved,4.92,1
CL-10230,ANON-0550,garbage is overflowing in the corridor on Floor 4,Cleanliness,General & Utilities,H4 Boys Hostel,Floor 4,CR425,Thursday,11,2026-01-19T11:31:00+05:30,2,High,55.0,51,0,Open,5.94,0
CL-10231,ANON-0266,internet disconnects repeatedly during the lecture in CR425 !!!!,Network,Labs & Research,LRC,Floor 1,CR425,Friday,10,2026-01-19T10:15:00+05:30,3,Medium,83.0,55,1,In Progress,5.47,0
CL-10232,ANON-0306,network authentication fails for students around Aryabhatt Bhawan II,Network,Academic & Teaching,Aryabhatt Bhawan II,Floor 3,G2,Monday,11,2026-01-19T11:03:00+05:30,2,High,78.0,52,1,Open,4.88,1
CL-10233,ANON-0285,low water pressure reported around Swimming Pool after a power interruption,Water,Hostels,Swimming Pool,Floor 1,CS1,Thursday,18,2026-01-19T18:45:00+05:30,2,High,65.0,44,0,Open,4.69,0
CL-10234,ANON-0324,internet disconnects repeatedly during the lecture in CS1 beside the canteen queue,Network,Library & Study,CL15,Floor 3,CS1,Wednesday,10,2026-01-19T10:25:00+05:30,3,Medium,43.0,32,0,In Progress,4.49,0
CL-10235,ANON-0275,internet disconnects repeatedly during the lecture in CR425,Network,Labs & Research,CL15,Floor 4,CR425,Monday,9,2026-01-19T09:23:00+05:30,3,Medium,81.0,75,0,Verified,5.17,1
CL-10236,ANON-0481,classroom door and several chairs need repair on Floor 4,Infrastructure,Academic & Teaching,CL3,Floor 4,G2,Thursday,14,2026-01-19T14:14:00+05:30,3,Medium,13.0,49,0,Escalated,2.29,0
CL-10237,ANON-0413,wifi becomes extremely slow near CR425 between 11:00 and 13:00,Network,Academic & Teaching,CL3,Ground Floor,CR425,Friday,11,2026-01-19T11:58:00+05:30,5,Low,87.0,67,0,In Progress,3.49,0
CL-10238,ANON-0059,classroom door and several chairs need repair on Floor 4,Infrastructure,Labs & Research,Aryabhatt Bhawan II,Floor 4,CL22,Wednesday,14,2026-01-19T14:04:00+05:30,4,Low,76.0,50,1,Verified,4.79,0
CL-10239,ANON-0305,classroom door and several chairs need repair on Ground Floor,Infrastructure,Academic & Teaching,A2/1,Ground Floor,FF6,Tuesday,8,2026-01-19T08:44:00+05:30,5,Low,48.0,75,0,Resolved,2.49,0
CL-10240,ANON-0246,very weak wifi signal on Floor 1 of Aryabhatt Bhawan II this happens repeatedly,Network,Academic & Teaching,Aryabhatt Bhawan II,Floor 1,CS1,Monday,11,2026-01-20T11:04:00+05:30,1,Critical,56.0,65,1,Verified,5.58,0
CL-10241,ANON-0220,wifi becomes extremely slow near TS17 between 12:00 and 14:00 please fix urgently,Network,Academic & Teaching,LRC,Floor 4,TS17,Thursday,12,2026-01-20T12:53:00+05:30,5,Low,65.0,40,1,Open,4.65,0
CL-10242,ANON-0118,billing queue reaches the stairwell near Cafeteria / Canteen,Canteen,Food,Cafeteria / Canteen,Ground Floor,CL15,Tuesday,14,2026-01-20T14:15:00+05:30,1,Critical,44.0,58,0,Open,6.08,0
CL-10243,ANON-0244,washroom near CL15 has not been cleaned today,Cleanliness,Hostels,Washrooms,Floor 4,CL15,Wednesday,13,2026-01-20T13:39:00+05:30,4,Low,68.0,47,1,In Progress,4.12,1
CL-10244,ANON-0411,drinking water cooler near TS17 is empty,Water,General & Utilities,Girls Hostel,Ground Floor,TS17,Thursday,14,2026-01-20T14:43:00+05:30,2,High,48.0,41,0,Resolved,4.31,0
CL-10245,ANON-0036,canteen queue is very long at 13:00 with one counter open,Canteen,Food,Cafeteria / Canteen,Ground Floor,FF6,Monday,13,2026-01-20T13:12:00+05:30,3,Medium,72.0,43,1,Open,6.24,1
CL-10246,ANON-0407,lights flicker repeatedly inside CS1 this happens repeatedly,Electrical,Hostels,H5 Boys Hostel,Floor 3,CS1,Thursday,13,2026-01-20T13:30:00+05:30,1,Critical,49.0,91,1,Verified,6.22,0
CL-10247,ANON-0186,two ceiling fans are not working in CL3,Electrical,Labs & Research,A2/1,Floor 1,CL3,Friday,18,2026-01-20T18:25:00+05:30,2,High,52.0,67,0,Verified,4.34,0
CL-10248,ANON-0195,internet disconnects repeatedly during the lecture in G2,Network,Labs & Research,LRC,Ground Floor,G2,Monday,10,2026-01-20T10:26:00+05:30,2,High,93.0,66,1,In Progress,7.03,1
CL-10249,ANON-0439,broken writing desk is blocking the aisle in TS17 students cannot continue class and the room is overcrowded,Network,Academic & Teaching,Aryabhatt Bhawan II,Floor 4,TS17,Thursday,14,2026-01-20T14:02:00+05:30,3,Medium,54.0,55,0,Open,3.67,1
CL-10250,ANON-0038,power socket near the desk is unsafe in FF6,Electrical,Academic & Teaching,CL22,Floor 1,FF6,Wednesday,12,2026-01-20T12:48:00+05:30,5,Low,40.0,51,0,Verified,1.78,0
CL-10251,ANON-0564,wifi becomes extremely slow near FF6 between 14:00 and 16:00,Network,Library & Study,CL15,Floor 1,FF6,Friday,14,2026-01-20T14:46:00+05:30,2,High,62.0,73,0,Resolved,4.4,0
CL-10252,ANON-0029,two ceiling fans are not working in CL22,Electrical,Labs & Research,H5 Boys Hostel,Floor 4,CL22,Monday,17,2026-01-20T17:21:00+05:30,2,High,82.0,56,0,In Progress,6.24,0
CL-10253,ANON-0443,very weak wifi signal on Floor 2 of CL15,Network,Academic & Teaching,CL15,Floor 2,CL22,Tuesday,10,2026-01-20T10:58:00+05:30,1,Critical,94.0,51,0,In Progress,6.26,1
CL-10254,ANON-0200,spill outside G2 creates a safety hazard beside the canteen queue,Cleanliness,Academic & Teaching,H4 Boys Hostel,Floor 2,G2,Tuesday,16,2026-01-20T16:12:00+05:30,2,High,55.0,44,0,Verified,3.62,0
CL-10255,ANON-0282,two ceiling fans are not working in TS17 please fix urgently,Canteen,Labs & Research,H5 Boys Hostel,Floor 4,TS17,Thursday,15,2026-01-20T15:25:00+05:30,4,Low,54.0,54,0,Open,3.35,1
CL-10256,ANON-0246,internet disconnects repeatedly during the lecture in CR425,Network,Academic & Teaching,CL15,Floor 3,CR425,Thursday,14,2026-01-21T14:45:00+05:30,3,Medium,48.0,94,0,Resolved,4.05,0
CL-10257,ANON-0043,wifi becomes extremely slow near CR425 between 14:00 and 16:00,Network,Library & Study,CL3,Floor 3,CR425,Saturday,14,2026-01-21T14:14:00+05:30,3,Medium,79.0,43,0,Open,3.3,0
CL-10258,ANON-0571,billing queue reaches the stairwell near Annapurna / Main Mess,Canteen,Food,Annapurna / Main Mess,Floor 3,CL15,Tuesday,13,2026-01-21T13:24:00+05:30,2,High,81.0,57,1,Open,7.43,0
CL-10259,ANON-0385,BILLING QUEUE REACHES THE STAIRWELL NEAR CAFETERIA / CANTEEN   !!!,Canteen,Food,Cafeteria / Canteen,Ground Floor,TS17,Friday,13,2026-01-21T13:15:00+05:30,3,Medium,83.0,22,0,Open,5.31,0
CL-10260,ANON-0177,projector hdmi port is loose in CL3,Infrastructure,Labs & Research,A2/2,Floor 2,CL3,Thursday,11,2026-01-21T11:06:00+05:30,3,Medium,52.0,64,1,Verified,4.57,0
CL-10261,ANON-0540,power socket near the desk is unsafe in G2,Electrical,Academic & Teaching,H5 Boys Hostel,Floor 4,G2,Wednesday,8,2026-01-21T08:08:00+05:30,3,Medium,63.0,49,0,In Progress,4.14,0
CL-10262,ANON-0454,wifi becomes extremely slow near CL3 between 9:00 and 11:00,Network,Labs & Research,CL15,Ground Floor,CL3,Wednesday,9,2026-01-21T09:40:00+05:30,3,Medium,96.0,48,0,Resolved,4.1,0
CL-10263,ANON-0335,very weak wifi signal on Floor 2 of LRC and the room is overcrowded,Network,Academic & Teaching,LRC,Floor 2,CL22,Saturday,9,2026-01-21T09:13:00+05:30,2,High,83.0,50,0,Verified,5.4,1
CL-10264,ANON-0582,very weak wifi signal on Floor 3 of LRC,Network,Labs & Research,LRC,Floor 3,G2,Wednesday,11,2026-01-21T11:25:00+05:30,1,Critical,48.0,31,1,Resolved,6.36,0
CL-10265,ANON-0147,floor near H4 Boys Hostel is dirty and slippery,Lab Equipment,General & Utilities,H4 Boys Hostel,Floor 3,G2,Thursday,10,2026-01-21T10:25:00+05:30,4,Low,45.0,83,0,In Progress,2.4,1
CL-10266,ANON-0150,washroom near CR425 has not been cleaned today,Cleanliness,Academic & Teaching,H4 Boys Hostel,Floor 4,CR425,Saturday,16,2026-01-21T16:24:00+05:30,2,High,26.0,57,0,Resolved,4.73,1
CL-10267,ANON-0535,three lab systems freeze during compilation in G2 !!!!,Lab Equipment,Labs & Research,CL22,Floor 1,G2,Friday,10,2026-01-21T10:59:00+05:30,1,Critical,74.0,67,1,Verified,6.65,0
CL-10268,ANON-0483,broken writing desk is blocking the aisle in TS17,Infrastructure,Labs & Research,CL3,Floor 1,TS17,Thursday,16,2026-01-21T16:28:00+05:30,2,High,42.0,69,0,Resolved,4.93,1
CL-10269,ANON-0037,projector in G2 switches off after ten minutes,Infrastructure,Academic & Teaching,A2/2,Floor 3,G2,Friday,8,2026-01-21T08:43:00+05:30,2,High,38.0,48,1,Resolved,6.43,0
CL-10270,ANON-0231,network authentication fails for students around CL3,Network,Labs & Research,CL3,Floor 1,CL15,Saturday,9,2026-01-21T09:05:00+05:30,4,Low,78.0,55,1,Resolved,3.93,1
CL-10271,ANON-0442,classroom door and several chairs need repair on Ground Floor,Infrastructure,Academic & Teaching,,Ground Floor,CS1,Tuesday,11,2026-01-21T11:08:00+05:30,4,Low,63.0,59,1,Verified,4.14,0
CL-10272,ANON-0191,two ceiling fans are not working in TS17,Electrical,Hostels,CL22,Floor 3,TS17,Wednesday,12,2026-01-22T12:17:00+05:30,4,Low,55.0,63,1,Open,3.61,0
CL-10273,ANON-0543,very weak wifi signal on Floor 2 of LRC,Network,Academic & Teaching,LRC,Floor 2,FF6,Thursday,11,2026-01-22T11:31:00+05:30,4,Low,100.0,75,1,Resolved,5.03,1
CL-10274,ANON-0312,very weak wifi signal on Floor 4 of CL3,Network,Labs & Research,CL3,Floor 4,TS17,Saturday,10,2026-01-22T10:23:00+05:30,4,Low,95.0,96,1,Resolved,5.77,0
CL-10275,ANON-0331,three lab systems freeze during compilation in CL3,Lab Equipment,Labs & Research,CL1,Ground Floor,CL3,Tuesday,13,2026-01-22T13:37:00+05:30,5,Low,62.0,20,1,In Progress,3.77,0
CL-10276,ANON-0011,projector hdmi port is loose in CL15,Infrastructure,Academic & Teaching,Aryabhatt Bhawan II,Floor 3,CL15,Wednesday,16,2026-01-22T16:23:00+05:30,2,High,50.0,64,1,Escalated,5.76,1
CL-10277,ANON-0272,very weak wifi signal on Floor 1 of Aryabhatt Bhawan II,Network,Labs & Research,Aryabhatt Bhawan II,Floor 1,CL15,Tuesday,10,2026-01-22T10:36:00+05:30,5,Low,85.0,48,0,Resolved,2.47,0
CL-10278,ANON-0504,monitor and keyboard are not detected at workstation in FF6,Lab Equipment,Labs & Research,CL3,Floor 4,FF6,Monday,12,2026-01-22T12:22:00+05:30,2,High,78.0,52,0,In Progress,5.96,0
CL-10279,ANON-0189,garbage is overflowing in the corridor on Ground Floor beside the canteen queue,Cleanliness,General & Utilities,Washrooms,Ground Floor,CL3,Wednesday,17,2026-01-22T17:11:00+05:30,4,Low,37.0,73,0,Resolved,3.05,1
CL-10280,ANON-0289,laboratory equipment reports a calibration error in CL15,Lab Equipment,Labs & Research,CL22,Floor 3,CL15,Saturday,13,2026-01-22T13:22:00+05:30,2,High,37.0,51,1,Resolved,5.52,0
CL-10281,ANON-0214,classroom door and several chairs need repair on Floor 4 this happens repeatedly,Infrastructure,Labs & Research,A2/2,Floor 4,CS1,Tuesday,9,2026-01-22T09:29:00+05:30,1,Critical,59.0,58,0,Verified,5.2,1
CL-10282,ANON-0127,washroom near G2 has not been cleaned today,Cleanliness,General & Utilities,Aryabhatt Bhawan III,Floor 3,G2,Friday,17,2026-01-22T17:10:00+05:30,1,Critical,73.0,94,1,Verified,6.48,1
CL-10283,ANON-0583,monitor and keyboard are not detected at workstation in CL15,Lab Equipment,Labs & Research,CL22,Floor 4,CL15,Thursday,14,2026-01-22T14:42:00+05:30,2,High,56.0,66,0,Resolved,4.22,1
CL-10284,ANON-0472,internet disconnects repeatedly during the lecture in CL15,Network,Academic & Teaching,Aryabhatt Bhawan II,Floor 2,CL15,Monday,9,2026-01-22T09:36:00+05:30,5,Low,100.0,44,1,In Progress,5.04,0
CL-10285,ANON-0021,water is leaking into the corridor on Floor 4,Water,Hostels,Girls Hostel,Floor 4,CL22,Thursday,17,2026-01-22T17:43:00+05:30,3,Medium,54.0,41,1,Resolved,5.92,1
CL-10286,ANON-0068,signage is missing for CL15 on Floor 2,Other,General & Utilities,Parking,Floor 2,CL15,Friday,18,2026-01-22T18:32:00+05:30,5,Low,77.0,38,1,In Progress,4.36,1
CL-10287,ANON-0171,three lab systems freeze during compilation in G2,Lab Equipment,Labs & Research,CL15,Floor 1,G2,Thursday,16,2026-01-22T16:00:00+05:30,3,Medium,38.0,50,0,In Progress,3.89,0
CL-10288,ANON-0009,air conditioner stops cooling after noon on Floor 4,Electrical,Academic & Teaching,A2/1,Floor 4,TS17,Tuesday,11,2026-01-23T11:56:00+05:30,2,High,25.0,65,1,In Progress,6.03,1
CL-10289,ANON-0442,internet disconnects repeatedly during the lecture in TS17 !!!! while the wifi is also unstable,Network,Labs & Research,LRC,Ground Floor,TS17,Wednesday,10,2026-01-23T10:33:00+05:30,3,Medium,72.0,50,0,Verified,4.04,0
CL-10290,ANON-0500,internet disconnects repeatedly during the lecture in CL15,Network,Labs & Research,Aryabhatt Bhawan II,Floor 1,CL15,Saturday,12,2026-01-23T12:07:00+05:30,1,Critical,62.0,43,0,Resolved,5.76,0
CL-10291,ANON-0501,floor near Aryabhatt Bhawan III is dirty and slippery,Cleanliness,General & Utilities,Aryabhatt Bhawan III,Ground Floor,CR425,Saturday,16,2026-01-23T16:56:00+05:30,4,Low,66.0,44,0,Open,3.86,1
CL-10292,ANON-0030,waiting time at Cafeteria / Canteen is more than twenty minutes,Canteen,Food,Cafeteria / Canteen,Ground Floor,CR425,Tuesday,12,2026-01-23T12:14:00+05:30,1,Critical,65.0,57,0,Verified,5.94,0
CL-10293,ANON-0208,classroom door and several chairs need repair on Floor 4,Infrastructure,Labs & Research,Aryabhatt Bhawan II,Floor 4,CS1,Wednesday,10,2026-01-23T10:33:00+05:30,3,Medium,63.0,38,0,Open,4.53,0
CL-10294,ANON-0134,broken writing desk is blocking the aisle in TS17,Infrastructure,Labs & Research,CL3,Floor 4,TS17,Tuesday,16,2026-01-23T16:38:00+05:30,4,Low,32.0,55,0,Open,2.96,0
CL-10295,ANON-0394,signage is missing for TS17 on Floor 4,Other,Administration,Administration Block,Floor 4,TS17,Thursday,14,2026-01-23T14:54:00+05:30,3,Medium,42.0,44,1,Open,4.22,0
CL-10296,ANON-0186,low water pressure reported around Swimming Pool please fix urgently,Canteen,General & Utilities,Swimming Pool,Ground Floor,CL15,Saturday,15,2026-01-23T15:09:00+05:30,2,High,25.0,61,1,Resolved,5.49,0
CL-10297,ANON-0298,student common area is overcrowded after 10:00,Other,General & Utilities,Parking,Floor 2,FF6,Saturday,10,2026-01-23T10:22:00+05:30,3,Medium,76.0,50,0,In Progress,4.57,0
CL-10298,ANON-0458,food counter is overcrowded between 13:00 and 15:00,Canteen,Food,Cafeteria / Canteen,Floor 4,TS17,Wednesday,13,2026-01-23T13:51:00+05:30,3,Medium,56.0,42,0,Resolved,4.15,0
CL-10299,ANON-0269,lights flicker repeatedly inside CL15,Electrical,Hostels,H5 Boys Hostel,Floor 1,CL15,Saturday,15,2026-01-23T15:34:00+05:30,4,Low,65.0,66,0,In Progress,3.42,1
CL-10300,ANON-0138,food counter is overcrowded between 13:00 and 15:00 near a water cooler,Canteen,Food,Annapurna / Main Mess,Floor 3,CL15,Tuesday,13,2026-01-23T13:55:00+05:30,1,Critical,61.0,46,0,Resolved,4.91,0
CL-10301,ANON-0256,computer fails to boot during practical class in CL15,Lab Equipment,Labs & Research,ECE Labs,Ground Floor,CL15,Tuesday,15,2026-01-23T15:36:00+05:30,3,Medium,30.0,43,1,Resolved,4.68,0
CL-10302,ANON-0116,unclassified campus issue reported around Auditorium,Other,Administration,Auditorium,Floor 1,G2,Saturday,15,2026-01-23T15:30:00+05:30,4,Low,67.0,60,0,Verified,4.14,0
CL-10303,ANON-0290,two ceiling fans are not working in TS17 after a power interruption,Electrical,Labs & Research,A2/1,Floor 3,TS17,Monday,12,2026-01-23T12:56:00+05:30,2,High,63.0,72,0,In Progress,3.84,1
CL-10304,ANON-0527,food counter is overcrowded between 12:00 and 14:00 while the wifi is also unstable,Canteen,Food,Annapurna / Main Mess,Floor 3,CS1,Tuesday,12,2026-01-24T12:06:00+05:30,2,High,95.0,42,0,Resolved,4.74,0
CL-10305,ANON-0287,waiting time at Annapurna / Main Mess is more than twenty minutes,Canteen,Food,Annapurna / Main Mess,Ground Floor,CL15,Wednesday,13,2026-01-24T13:03:00+05:30,1,Critical,63.0,64,1,Open,7.42,0
CL-10306,ANON-0370,two ceiling fans are not working in G2,Electrical,Hostels,CL22,Floor 4,G2,Tuesday,9,2026-01-24T09:51:00+05:30,4,Low,86.0,67,0,Resolved,3.97,0
CL-10307,ANON-0402,classroom door and several chairs need repair on Floor 2,Infrastructure,Labs & Research,Aryabhatt Bhawan II,Floor 2,CL22,Monday,18,2026-01-24T18:41:00+05:30,3,Medium,48.0,59,0,In Progress,3.38,1
CL-10308,ANON-0494,internet disconnects repeatedly during the lecture in CS1,Network,Academic & Teaching,LRC,Floor 2,CS1,Wednesday,9,2026-01-24T09:28:00+05:30,1,Critical,76.0,46,1,Resolved,7.93,1
CL-10309,ANON-0239,canteen queue is very long at 12:00 with one counter open students cannot continue class,Canteen,Food,Annapurna / Main Mess,Floor 2,CL3,Thursday,12,2026-01-24T12:21:00+05:30,2,High,72.0,54,1,Resolved,5.97,1
CL-10310,ANON-0169,projector in CL22 switches off after ten minutes,Other,Labs & Research,A2/2,Floor 2,CL22,Saturday,15,2026-01-24T15:19:00+05:30,3,Medium,60.0,24,1,Open,5.49,1
CL-10311,ANON-0559,very weak wifi signal on Ground Floor of Aryabhatt Bhawan II,Network,Library & Study,Aryabhatt Bhawan II,Ground Floor,G2,Tuesday,14,2026-01-24T14:48:00+05:30,2,High,82.0,78,0,Open,6.02,0
CL-10312,ANON-0432,spill outside CR425 creates a safety hazard !!!!,Cleanliness,Academic & Teaching,H4 Boys Hostel,Floor 3,CR425,Monday,14,2026-01-24T14:20:00+05:30,2,High,60.0,71,0,Resolved,5.23,0
CL-10313,ANON-0272,wifi becomes extremely slow near CL3 between 10:00 and 12:00,Network,Library & Study,CL15,Floor 1,CL3,Friday,10,2026-01-24T10:43:00+05:30,1,Critical,73.0,86,0,Escalated,4.93,0
CL-10314,ANON-0147,lights flicker repeatedly inside G2 while the wifi is also unstable,Electrical,Academic & Teaching,H5 Boys Hostel,Floor 1,G2,Wednesday,17,2026-01-24T17:44:00+05:30,1,Critical,59.0,62,1,Open,7.08,0
CL-10315,ANON-0502,waiting time at Annapurna / Main Mess is more than twenty minutes,Canteen,Food,Annapurna / Main Mess,Floor 4,FF6,Friday,12,2026-01-24T12:34:00+05:30,4,Low,100.0,85,0,In Progress,3.27,0
CL-10316,ANON-0296,laboratory equipment reports a calibration error in CL22 !!!!,Lab Equipment,Labs & Research,CL3,Floor 3,CL22,Monday,9,2026-01-24T09:50:00+05:30,2,High,46.0,59,1,Open,4.79,0
CL-10317,ANON-0027,network authentication fails for students around CL15,Network,Academic & Teaching,CL15,Floor 1,CR425,Friday,14,2026-01-24T14:54:00+05:30,3,Medium,37.0,46,1,Open,5.49,1
CL-10318,ANON-0403,waiting time at Annapurna / Main Mess is more than twenty minutes please fix urgently beside the canteen queue,Canteen,Food,Annapurna / Main Mess,Floor 2,TS17,Thursday,12,2026-01-24T12:21:00+05:30,4,Low,87.0,55,0,Verified,4.66,1
CL-10319,ANON-0125,water point near Swimming Pool is not operational,Water,Hostels,Swimming Pool,Floor 1,CL15,Monday,17,2026-01-24T17:30:00+05:30,1,Critical,33.0,75,0,Verified,5.4,0
CL-10320,ANON-0325,classroom door and several chairs need repair on Floor 1,Infrastructure,Academic & Teaching,Aryabhatt Bhawan II,Floor 1,CR425,Wednesday,18,2026-01-25T18:52:00+05:30,3,Medium,29.0,20,0,Resolved,3.43,0
CL-10321,ANON-0457,lights flicker repeatedly inside CL3 after a power interruption,Electrical,Hostels,A2/1,Floor 1,CL3,Thursday,16,2026-01-25T16:01:00+05:30,4,Low,63.0,74,0,Resolved,3.45,1
CL-10322,ANON-0201,broken writing desk is blocking the aisle in TS17,Infrastructure,Academic & Teaching,A2/2,Floor 1,TS17,Wednesday,16,2026-01-25T16:50:00+05:30,2,High,40.0,55,1,In Progress,5.11,0
CL-10323,ANON-0045,waiting time at Cafeteria / Canteen is more than twenty minutes,Canteen,Food,Cafeteria / Canteen,Floor 4,G2,Tuesday,14,2026-01-25T14:18:00+05:30,4,Low,74.0,57,1,Open,4.17,0
CL-10324,ANON-0408,laboratory equipment reports a calibration error in CL3,Lab Equipment,Labs & Research,ECE Labs,Floor 4,CL3,Friday,17,2026-01-25T17:25:00+05:30,3,Medium,46.0,45,0,Resolved,3.91,0
CL-10325,ANON-0108,food counter is overcrowded between 14:00 and 16:00 and the room is overcrowded,Canteen,Food,Cafeteria / Canteen,Floor 3,FF6,Wednesday,14,2026-01-25T14:51:00+05:30,3,Medium,83.0,53,0,Verified,5.51,0
CL-10326,ANON-0585,wifi becomes extremely slow near CS1 between 10:00 and 12:00 this happens repeatedly after a power interruption,Network,Academic & Teaching,CL3,Floor 4,CS1,Wednesday,10,2026-01-25T10:47:00+05:30,2,High,69.0,36,0,Resolved,4.65,1
CL-10327,ANON-0073,three lab systems freeze during compilation in CL3,Lab Equipment,Labs & Research,ECE Labs,Floor 1,CL3,Friday,18,2026-01-25T18:51:00+05:30,2,High,72.0,72,1,In Progress,6.63,1
CL-10328,ANON-0538,projector hdmi port is loose in FF6,Infrastructure,Academic & Teaching,CL3,Ground Floor,FF6,Friday,16,2026-01-25T16:10:00+05:30,1,Critical,31.0,37,1,Verified,6.26,0
CL-10329,ANON-0424,monitor and keyboard are not detected at workstation in CR425 !!!!,Lab Equipment,Labs & Research,CL22,Floor 4,CR425,Friday,9,2026-01-25T09:01:00+05:30,1,Critical,57.0,60,1,Open,6.58,0
CL-10330,ANON-0590,very weak wifi signal on Floor 4 of LRC,Network,Library & Study,LRC,Floor 4,CL3,Saturday,11,2026-01-25T11:40:00+05:30,3,Medium,72.0,37,0,Open,4.89,0
CL-10331,ANON-0259,three lab systems freeze during compilation in CL22,Lab Equipment,Labs & Research,CL15,Floor 2,CL22,Thursday,9,2026-01-25T09:35:00+05:30,2,High,53.0,54,1,Open,5.81,0
CL-10332,ANON-0195,laboratory equipment reports a calibration error in G2,Lab Equipment,Labs & Research,CL22,Ground Floor,G2,Tuesday,15,2026-01-25T15:16:00+05:30,2,High,51.0,64,0,Verified,4.81,0
CL-10333,ANON-0401,three lab systems freeze during compilation in CR425 beside the canteen queue,Lab Equipment,Labs & Research,CL15,Ground Floor,CR425,Wednesday,17,2026-01-25T17:56:00+05:30,5,Low,74.0,48,0,In Progress,2.99,0
CL-10334,ANON-0523,broken writing desk is blocking the aisle in CS1 this happens repeatedly,Cleanliness,Academic & Teaching,A2/2,Floor 4,CS1,Thursday,8,2026-01-25T08:16:00+05:30,2,High,56.0,27,1,Open,6.24,1
CL-10335,ANON-0194,network authentication fails for students around CL3 near a water cooler,Network,Academic & Teaching,CL3,Floor 3,G2,Saturday,9,2026-01-25T09:18:00+05:30,1,Critical,65.0,59,0,Open,4.51,0
CL-10336,ANON-0458,food counter is overcrowded between 14:00 and 16:00,Canteen,Food,Cafeteria / Canteen,Floor 4,G2,Thursday,14,2026-01-26T14:58:00+05:30,3,Medium,99.0,51,0,Resolved,4.09,1
CL-10337,ANON-0462,internet disconnects repeatedly during the lecture in FF6,Network,Academic & Teaching,CL3,Floor 2,FF6,Wednesday,9,2026-01-26T09:37:00+05:30,2,High,63.0,65,1,Open,5.83,0
CL-10338,ANON-0272,broken writing desk is blocking the aisle in CL15 !!!!,Electrical,Labs & Research,A2/1,Floor 3,CL15,Thursday,8,2026-01-26T08:59:00+05:30,2,High,49.0,59,0,Escalated,4.84,0
CL-10339,ANON-0022,food counter is overcrowded between 12:00 and 14:00,Canteen,Food,Annapurna / Main Mess,Floor 3,CL3,Monday,12,2026-01-26T12:19:00+05:30,3,Medium,63.0,20,0,In Progress,4.49,0
CL-10340,ANON-0003,projector hdmi port is loose in CL3,Infrastructure,Labs & Research,A2/1,Floor 4,CL3,Thursday,13,2026-01-26T13:50:00+05:30,2,High,32.0,28,0,In Progress,4.9,0
CL-10341,ANON-0034,network authentication fails for students around CL3 and the room is overcrowded,Network,Library & Study,CL3,Floor 2,CL22,Wednesday,9,2026-01-26T09:12:00+05:30,4,Low,57.0,41,0,Open,2.68,0
CL-10342,ANON-0259,wifi becomes extremely slow near CR425 between 12:00 and 14:00,Network,Academic & Teaching,CL15,Ground Floor,CR425,Tuesday,12,2026-01-26T12:11:00+05:30,4,Low,71.0,70,0,Resolved,3.84,0
CL-10343,ANON-0507,internet disconnects repeatedly during the lecture in CL15 !!!!,Network,Labs & Research,CL15,Floor 2,CL15,Wednesday,12,2026-01-26T12:44:00+05:30,1,Critical,82.0,53,0,In Progress,6.35,0
CL-10344,ANON-0214,network authentication fails for students around CL15 near a water cooler,Network,Academic & Teaching,CL15,Floor 1,CL22,Monday,9,2026-01-26T09:17:00+05:30,3,Medium,64.0,70,1,Resolved,5.58,0
CL-10345,ANON-0314,two ceiling fans are not working in CL3,Electrical,Academic & Teaching,H5 Boys Hostel,Floor 1,CL3,Wednesday,14,2026-01-26T14:15:00+05:30,2,High,60.0,86,0,Verified,3.78,1
CL-10346,ANON-0290,network authentication fails for students around CL3,Network,Labs & Research,CL3,Floor 1,CL3,Friday,10,2026-01-26T10:39:00+05:30,5,Low,99.0,53,0,In Progress,3.7,0
CL-10347,ANON-0343,network authentication fails for students around Aryabhatt Bhawan II beside the canteen queue,Network,Labs & Research,Aryabhatt Bhawan II,Floor 1,TS17,Saturday,12,2026-01-26T12:14:00+05:30,1,Critical,18.0,23,1,In Progress,6.78,0
CL-10348,ANON-0397,unclassified campus issue reported around Parking,Other,Sports & Recreation,Parking,Floor 1,CR425,Monday,16,2026-01-26T16:14:00+05:30,2,High,46.0,69,0,Open,4.25,0
CL-10349,ANON-0565,broken writing desk is blocking the aisle in CL15 students cannot continue class,Infrastructure,Academic & Teaching,CL3,Ground Floor,CL15,Monday,11,2026-01-26T11:33:00+05:30,2,High,68.0,46,0,Verified,5.89,1
CL-10350,ANON-0359,food counter is overcrowded between 13:00 and 15:00,Canteen,Food,Annapurna / Main Mess,Floor 3,CL3,Tuesday,13,2026-01-26T13:47:00+05:30,2,High,81.0,38,0,Open,4.9,1
CL-10351,ANON-0356,spill outside CR425 creates a safety hazard after a power interruption,Cleanliness,Academic & Teaching,H4 Boys Hostel,Floor 4,CR425,Thursday,13,2026-01-26T13:22:00+05:30,4,Low,21.0,56,0,Open,2.82,1
CL-10352,ANON-0065,wifi becomes extremely slow near CL22 between 11:00 and 13:00,Network,Labs & Research,CL3,Floor 3,CL22,Saturday,11,2026-01-27T11:08:00+05:30,3,Medium,55.0,90,1,Open,5.92,1
CL-10353,ANON-0055,two ceiling fans are not working in CL3,Electrical,Academic & Teaching,H5 Boys Hostel,Floor 1,CL3,Thursday,8,2026-01-27T08:57:00+05:30,3,Medium,56.0,63,0,Open,4.33,0
CL-10354,ANON-0057,computer fails to boot during practical class in CR425,Lab Equipment,Labs & Research,CL3,Floor 4,CR425,Saturday,13,2026-01-27T13:42:00+05:30,2,High,38.0,72,0,Resolved,3.38,0
CL-10355,ANON-0544,low water pressure reported around Swimming Pool students cannot continue class,Water,Hostels,Swimming Pool,Floor 2,TS17,Saturday,15,2026-01-27T15:27:00+05:30,2,High,87.0,73,0,Resolved,5.2,0
CL-10356,ANON-0333,food counter is overcrowded between 13:00 and 15:00,Canteen,Food,Annapurna / Main Mess,Floor 3,CL3,Thursday,13,2026-01-27T13:24:00+05:30,2,High,74.0,70,0,Resolved,4.81,0
CL-10357,ANON-0158,billing queue reaches the stairwell near Cafeteria / Canteen and the room is overcrowded,Canteen,Food,Cafeteria / Canteen,Floor 1,CR425,Friday,13,2026-01-27T13:30:00+05:30,3,Medium,80.0,28,0,Resolved,4.0,1
CL-10358,ANON-0229,computer fails to boot during practical class in CL22,Lab Equipment,Labs & Research,ECE Labs,Floor 1,CL22,Thursday,14,2026-01-27T14:10:00+05:30,1,Critical,53.0,42,0,Resolved,6.39,0
CL-10359,ANON-0201,internet disconnects repeatedly during the lecture in TS17,Network,Library & Study,CL3,Floor 2,TS17,Saturday,12,2026-01-27T12:22:00+05:30,3,Medium,81.0,43,1,Open,5.11,0
CL-10360,ANON-0277,very weak wifi signal on Floor 3 of Aryabhatt Bhawan II !!!!,Network,Labs & Research,Aryabhatt Bhawan II,Floor 3,CL3,Thursday,10,2026-01-27T10:54:00+05:30,1,Critical,77.0,62,1,Verified,6.66,0
CL-10361,ANON-0227,computer fails to boot during practical class in CS1 students cannot continue class,Lab Equipment,Labs & Research,CL15,Floor 3,CS1,Friday,11,2026-01-27T11:34:00+05:30,5,Low,75.0,46,1,Verified,4.61,1
CL-10362,ANON-0048,internet disconnects repeatedly during the lecture in TS17,Network,Academic & Teaching,CL3,Floor 4,TS17,Saturday,11,2026-01-27T11:56:00+05:30,5,Low,71.0,41,0,In Progress,4.28,1
CL-10363,ANON-0049,internet disconnects repeatedly during the lecture in CL15,Network,Library & Study,Aryabhatt Bhawan II,Floor 3,CL15,Monday,14,2026-01-27T14:18:00+05:30,3,Medium,74.0,42,0,In Progress,5.26,0
CL-10364,ANON-0044,low water pressure reported around Water cooler,Water,Sports & Recreation,Water cooler,Floor 3,TS17,Thursday,15,2026-01-27T15:07:00+05:30,4,Low,75.0,74,0,Open,3.94,1
CL-10365,ANON-0133,floor near Washrooms is dirty and slippery,Cleanliness,Hostels,Washrooms,Floor 1,CR425,Tuesday,12,2026-01-27T12:59:00+05:30,2,High,74.0,81,1,Open,6.42,0
CL-10366,ANON-0594,spill outside G2 creates a safety hazard,Cleanliness,Academic & Teaching,H4 Boys Hostel,Ground Floor,G2,Thursday,16,2026-01-27T16:09:00+05:30,2,High,62.0,40,1,In Progress,7.15,0
CL-10367,ANON-0539,parking congestion blocks the entrance near Main Gate,Other,Sports & Recreation,Main Gate,Floor 3,TS17,Thursday,10,2026-01-27T10:46:00+05:30,4,Low,59.0,25,0,In Progress,3.56,1
CL-10368,ANON-0143,network authentication fails for students around CL15 students cannot continue class beside the canteen queue,Network,Labs & Research,CL15,Floor 3,CS1,Thursday,9,2026-01-28T09:51:00+05:30,5,Low,60.0,80,0,Resolved,3.11,1
CL-10369,ANON-0001,waiting time at Annapurna / Main Mess is more than twenty minutes,Canteen,Food,Annapurna / Main Mess,Ground Floor,G2,Tuesday,14,2026-01-28T14:44:00+05:30,4,Low,78.0,57,1,In Progress,4.58,0
CL-10370,ANON-0175,classroom door and several chairs need repair on Floor 1,Infrastructure,Academic & Teaching,Aryabhatt Bhawan II,Floor 1,CL22,Thursday,12,2026-01-28T12:23:00+05:30,2,High,47.0,43,1,Resolved,6.66,1
CL-10371,ANON-0144,projector in CR425 switches off after ten minutes students cannot continue class,Infrastructure,Academic & Teaching,CL3,Floor 3,CR425,Wednesday,10,2026-01-28T10:12:00+05:30,2,High,32.0,67,1,Escalated,5.29,0
CL-10372,ANON-0219,THREE LAB SYSTEMS FREEZE DURING COMPILATION IN CL15 WHILE THE WIFI IS ALSO UNSTABLE   !!!,Lab Equipment,Labs & Research,ECE Labs,Floor 2,CL15,Thursday,13,2026-01-28T13:15:00+05:30,2,High,53.0,26,1,Verified,6.89,1
CL-10373,ANON-0467,food counter is overcrowded between 14:00 and 16:00,Canteen,Food,Annapurna / Main Mess,Floor 4,CL22,Tuesday,14,2026-01-28T14:02:00+05:30,3,Medium,77.0,60,0,Resolved,4.15,0
CL-10374,ANON-0279,canteen queue is very long at 13:00 with one counter open,Canteen,Food,Annapurna / Main Mess,Floor 4,CS1,Monday,13,2026-01-28T13:34:00+05:30,1,Critical,67.0,76,0,Verified,6.67,1
CL-10375,ANON-0405,three lab systems freeze during compilation in TS17,Lab Equipment,Labs & Research,CL1,Floor 2,TS17,Wednesday,16,2026-01-28T16:46:00+05:30,2,High,58.0,61,1,In Progress,6.82,1
CL-10376,ANON-0580,three lab systems freeze during compilation in CS1,Lab Equipment,Labs & Research,ECE Labs,Ground Floor,CS1,Thursday,10,2026-01-28T10:50:00+05:30,1,Critical,31.0,63,0,In Progress,5.34,0
CL-10377,ANON-0015,laboratory equipment reports a calibration error in TS17 this happens repeatedly near a water cooler,Lab Equipment,Labs & Research,ECE Labs,Floor 2,TS17,Wednesday,9,2026-01-28T09:54:00+05:30,4,Low,57.0,40,0,Open,2.03,0
CL-10378,ANON-0446,washroom near G2 has not been cleaned today while the wifi is also unstable,Cleanliness,General & Utilities,Aryabhatt Bhawan III,Ground Floor,G2,Wednesday,15,2026-01-28T15:09:00+05:30,2,High,66.0,57,0,In Progress,5.51,0
CL-10379,ANON-0459,billing queue reaches the stairwell near Annapurna / Main Mess,Infrastructure,Food,Annapurna / Main Mess,Floor 4,CL22,Wednesday,13,2026-01-28T13:11:00+05:30,4,Low,100.0,43,0,Verified,4.39,1
CL-10380,ANON-0119,projector hdmi port is loose in CL15,Infrastructure,Academic & Teaching,Aryabhatt Bhawan II,Ground Floor,CL15,Thursday,10,2026-01-28T10:53:00+05:30,3,Medium,70.0,30,1,In Progress,5.35,0
CL-10381,ANON-0262,lights flicker repeatedly inside CL15,Electrical,Academic & Teaching,H5 Boys Hostel,Floor 4,CL15,Tuesday,10,2026-01-28T10:41:00+05:30,1,Critical,60.0,96,0,In Progress,5.67,1
CL-10382,ANON-0272,projector in CL22 switches off after ten minutes !!!!,Infrastructure,Labs & Research,A2/1,Floor 1,CL22,Saturday,14,2026-01-28T14:25:00+05:30,4,Low,53.0,51,1,Resolved,5.84,0
CL-10383,ANON-0526,monitor and keyboard are not detected at workstation in CR425,Lab Equipment,Labs & Research,CL15,Ground Floor,CR425,Thursday,15,2026-01-28T15:51:00+05:30,2,High,51.0,42,1,Open,5.98,0
CL-10384,ANON-0123,billing queue reaches the stairwell near Annapurna / Main Mess,Canteen,Food,Annapurna / Main Mess,Floor 4,CR425,Monday,14,2026-01-29T14:51:00+05:30,5,Low,68.0,72,0,In Progress,2.84,0
CL-10385,ANON-0202,wifi becomes extremely slow near CL22 between 9:00 and 11:00 beside the canteen queue,Network,Labs & Research,Aryabhatt Bhawan II,Ground Floor,CL22,Friday,9,2026-01-29T09:39:00+05:30,5,Low,64.0,66,1,Resolved,4.44,0
CL-10386,ANON-0181,lights flicker repeatedly inside TS17,Electrical,Academic & Teaching,H5 Boys Hostel,Ground Floor,TS17,Tuesday,8,2026-01-29T08:59:00+05:30,2,High,27.0,64,0,Resolved,4.01,0
CL-10387,ANON-0096,network authentication fails for students around CL15,Network,Library & Study,CL15,Floor 4,CL3,Thursday,14,2026-01-29T14:31:00+05:30,4,Low,52.0,64,0,Resolved,3.76,0
CL-10388,ANON-0498,internet disconnects repeatedly during the lecture in TS17,Network,Library & Study,CL3,Floor 1,TS17,Wednesday,14,2026-01-29T14:37:00+05:30,5,Low,76.0,53,0,Open,3.88,0
CL-10389,ANON-0346,network authentication fails for students around LRC,Water,Academic & Teaching,LRC,Floor 3,CS1,Thursday,10,2026-01-29T10:27:00+05:30,3,Medium,63.0,50,1,Escalated,5.46,1
CL-10390,ANON-0450,computer fails to boot during practical class in FF6,Lab Equipment,Labs & Research,CL3,Floor 3,FF6,Friday,9,2026-01-29T09:12:00+05:30,3,Medium,46.0,35,1,Resolved,5.01,1
CL-10391,ANON-0296,wifi becomes extremely slow near CL15 between 14:00 and 16:00 this happens repeatedly after a power interruption,Network,Labs & Research,CL3,Ground Floor,CL15,Friday,14,2026-01-29T14:01:00+05:30,3,Medium,84.0,52,1,Verified,6.8,1
CL-10392,ANON-0068,classroom door and several chairs need repair on Floor 2,Infrastructure,Academic & Teaching,A2/2,Floor 2,FF6,Thursday,18,2026-01-29T18:06:00+05:30,2,High,5.0,51,0,Verified,4.88,1
CL-10393,ANON-0084,waiting time at Annapurna / Main Mess is more than twenty minutes,Canteen,Food,Annapurna / Main Mess,Floor 3,CL22,Saturday,14,2026-01-29T14:05:00+05:30,3,Medium,99.0,49,0,Resolved,3.08,0
CL-10394,ANON-0145,floor near Washrooms is dirty and slippery,Cleanliness,General & Utilities,Washrooms,Ground Floor,G2,Tuesday,14,2026-01-29T14:26:00+05:30,2,High,64.0,58,0,Escalated,4.74,1
CL-10395,ANON-0025,water is leaking into the corridor on Ground Floor,Water,General & Utilities,Water cooler,Ground Floor,G2,Monday,11,2026-01-29T11:37:00+05:30,3,Medium,28.0,75,0,Resolved,4.23,0
CL-10396,ANON-0589,washroom near FF6 has not been cleaned today !!!!,Cleanliness,General & Utilities,Aryabhatt Bhawan III,Floor 1,FF6,Monday,9,2026-01-29T09:09:00+05:30,1,Critical,58.0,51,0,Verified,5.93,0
CL-10397,ANON-0376,projector hdmi port is loose in FF6 this happens repeatedly,Infrastructure,Academic & Teaching,A2/2,Floor 2,FF6,Monday,11,2026-01-29T11:06:00+05:30,2,High,41.0,62,1,Resolved,5.56,0
CL-10398,ANON-0593,projector hdmi port is loose in CS1 please fix urgently,Infrastructure,Academic & Teaching,A2/1,Floor 2,CS1,Thursday,13,2026-01-29T13:07:00+05:30,3,Medium,78.0,72,1,Verified,6.92,0
CL-10399,ANON-0367,classroom door and several chairs need repair on Floor 2,Infrastructure,Academic & Teaching,Aryabhatt Bhawan II,Floor 2,CL22,Friday,13,2026-01-29T13:40:00+05:30,2,High,28.0,42,1,Resolved,5.42,0
CL-10400,ANON-0529,very weak wifi signal on Floor 3 of CL3 while the wifi is also unstable,Network,Academic & Teaching,CL3,Floor 3,CL3,Tuesday,10,2026-01-30T10:08:00+05:30,2,High,78.0,71,1,In Progress,6.06,1
CL-10401,ANON-0047,projector in CL15 switches off after ten minutes,Other,Academic & Teaching,A2/2,Ground Floor,CL15,Thursday,13,2026-01-30T13:27:00+05:30,1,Critical,68.0,61,1,Open,5.76,0
CL-10402,ANON-0107,network authentication fails for students around CL15,Network,Library & Study,CL15,Floor 3,FF6,Saturday,10,2026-01-30T10:39:00+05:30,4,Low,100.0,31,0,Resolved,3.35,0
CL-10403,ANON-0237,food counter is overcrowded between 14:00 and 16:00,Canteen,Food,Annapurna / Main Mess,Floor 1,CL22,Wednesday,14,2026-01-30T14:04:00+05:30,2,High,76.0,45,0,Escalated,5.75,0
CL-10404,ANON-0275,very weak wifi signal on Ground Floor of LRC,Network,Academic & Teaching,LRC,Ground Floor,CS1,Wednesday,10,2026-01-30T10:23:00+05:30,3,Medium,91.0,70,1,Verified,6.01,1
CL-10405,ANON-0225,broken writing desk is blocking the aisle in G2 this happens repeatedly,Infrastructure,Academic & Teaching,CL3,Floor 3,G2,Friday,10,2026-01-30T10:41:00+05:30,2,High,75.0,38,1,Resolved,6.16,1
CL-10406,ANON-0531,water point near Swimming Pool is not operational students cannot continue class while the wifi is also unstable,Water,General & Utilities,Swimming Pool,Floor 4,CL22,Wednesday,15,2026-01-30T15:59:00+05:30,1,Critical,53.0,73,0,Open,6.31,1
CL-10407,ANON-0309,very weak wifi signal on Floor 3 of Aryabhatt Bhawan II,Network,Library & Study,Aryabhatt Bhawan II,Floor 3,TS17,Tuesday,14,2026-01-30T14:26:00+05:30,3,Medium,92.0,74,0,Open,4.52,1
CL-10408,ANON-0417,food counter is overcrowded between 13:00 and 15:00,Canteen,Food,Annapurna / Main Mess,Floor 1,CS1,Tuesday,13,2026-01-30T13:08:00+05:30,3,Medium,85.0,70,1,Verified,6.08,0
CL-10409,ANON-0128,network authentication fails for students around LRC,Network,Academic & Teaching,LRC,Floor 1,CL3,Friday,9,2026-01-30T09:34:00+05:30,4,Low,63.0,58,0,Verified,3.83,0
CL-10410,ANON-0285,billing queue reaches the stairwell near Annapurna / Main Mess,Canteen,Food,Annapurna / Main Mess,Floor 4,FF6,Thursday,13,2026-01-30T13:36:00+05:30,2,High,100.0,31,0,Verified,6.15,0
CL-10411,ANON-0056,network authentication fails for students around Aryabhatt Bhawan II and the room is overcrowded,Network,Academic & Teaching,Aryabhatt Bhawan II,Ground Floor,CL3,Thursday,9,2026-01-30T09:23:00+05:30,4,Low,93.0,72,0,Verified,4.4,0
CL-10412,ANON-0599,low water pressure reported around Water cooler !!!! while the wifi is also unstable,Water,General & Utilities,Water cooler,Floor 1,CS1,Wednesday,9,2026-01-30T09:09:00+05:30,2,High,56.0,87,1,Open,6.1,1
CL-10413,ANON-0050,internet disconnects repeatedly during the lecture in CR425 near a water cooler,Network,Academic & Teaching,LRC,Ground Floor,CR425,Saturday,14,2026-01-30T14:19:00+05:30,3,Medium,75.0,90,0,In Progress,3.86,0
CL-10414,ANON-0088,projector in CL15 switches off after ten minutes please fix urgently,Infrastructure,Labs & Research,A2/2,Floor 2,CL15,Friday,9,2026-01-30T09:09:00+05:30,2,High,58.0,65,1,In Progress,5.65,0
CL-10415,ANON-0181,projector hdmi port is loose in CL22 while the wifi is also unstable,Infrastructure,Academic & Teaching,Aryabhatt Bhawan II,Ground Floor,CL22,Thursday,16,2026-01-30T16:57:00+05:30,3,Medium,74.0,52,0,Open,3.4,0
CL-10416,ANON-0381,internet disconnects repeatedly during the lecture in G2 beside the canteen queue,Other,Labs & Research,LRC,Floor 1,G2,Wednesday,10,2026-01-31T10:07:00+05:30,1,Critical,83.0,63,0,Resolved,6.17,1
CL-10417,ANON-0254,monitor and keyboard are not detected at workstation in CL22 !!!!,Lab Equipment,Labs & Research,ECE Labs,Floor 3,CL22,Tuesday,18,2026-01-31T18:03:00+05:30,3,Medium,40.0,71,0,Open,3.24,0
CL-10418,ANON-0546,network authentication fails for students around CL3,Network,Library & Study,CL3,Floor 4,TS17,Thursday,12,2026-01-31T12:14:00+05:30,1,Critical,100.0,41,1,In Progress,6.41,0
CL-10419,ANON-0275,projector in CL22 switches off after ten minutes,Infrastructure,Academic & Teaching,CL3,Ground Floor,CL22,Monday,8,2026-01-31T08:51:00+05:30,2,High,94.0,64,1,Open,7.46,1
CL-10420,ANON-0375,lights flicker repeatedly inside CL15,Electrical,Academic & Teaching,A2/1,Floor 3,CL15,Thursday,18,2026-01-31T18:52:00+05:30,2,High,38.0,61,0,Open,5.0,0
CL-10421,ANON-0037,washroom near CR425 has not been cleaned today,Cleanliness,Academic & Teaching,Washrooms,Ground Floor,CR425,Saturday,10,2026-01-31T10:38:00+05:30,1,Critical,10.0,68,1,Verified,5.34,0
CL-10422,ANON-0447,internet disconnects repeatedly during the lecture in CS1,Network,Library & Study,Aryabhatt Bhawan II,Floor 3,CS1,Friday,11,2026-01-31T11:47:00+05:30,4,Low,100.0,86,0,In Progress,4.67,0
CL-10423,ANON-0466,projector in TS17 switches off after ten minutes,Infrastructure,Labs & Research,A2/1,Floor 4,TS17,Wednesday,18,2026-01-31T18:46:00+05:30,2,High,65.0,35,1,Open,5.26,0
CL-10424,ANON-0056,unclassified campus issue reported around Auditorium,Other,Sports & Recreation,Auditorium,Floor 4,CL15,Thursday,14,2026-01-31T14:15:00+05:30,3,Medium,7.0,49,0,In Progress,2.66,0
CL-10425,ANON-0066,projector hdmi port is loose in CL22,Infrastructure,Labs & Research,CL3,Floor 3,CL22,Thursday,13,2026-01-31T13:05:00+05:30,3,Medium,50.0,20,1,Escalated,5.46,1
CL-10426,ANON-0422,broken writing desk is blocking the aisle in G2 please fix urgently,Infrastructure,Labs & Research,A2/1,Floor 2,G2,Tuesday,12,2026-01-31T12:54:00+05:30,2,High,53.0,57,1,Open,5.77,0
CL-10427,ANON-0095,very weak wifi signal on Floor 3 of Aryabhatt Bhawan II,Network,Labs & Research,Aryabhatt Bhawan II,Floor 3,G2,Tuesday,10,2026-01-31T10:30:00+05:30,4,Low,37.0,71,0,Verified,2.29,1
CL-10428,ANON-0281,internet disconnects repeatedly during the lecture in CR425,Network,Library & Study,CL3,Floor 2,CR425,Saturday,9,2026-01-31T09:57:00+05:30,1,Critical,86.0,61,0,In Progress,6.36,0
CL-10429,ANON-0551,power socket near the desk is unsafe in G2 !!!! near a water cooler,Electrical,Labs & Research,A2/1,Floor 1,G2,Thursday,10,2026-01-31T10:21:00+05:30,4,Low,64.0,77,1,In Progress,3.6,0
CL-10430,ANON-0483,air conditioner stops cooling after noon on Floor 2 beside the canteen queue,Electrical,Hostels,CL22,Floor 2,CR425,Monday,12,2026-01-31T12:48:00+05:30,1,Critical,25.0,66,0,Resolved,5.98,1
CL-10431,ANON-0454,very weak wifi signal on Floor 2 of CL15,Network,Labs & Research,CL15,Floor 2,CL22,Tuesday,10,2026-01-31T10:26:00+05:30,4,Low,73.0,55,0,Resolved,2.47,0
CL-10432,ANON-0237,wifi becomes extremely slow near CL3 between 12:00 and 14:00 while the wifi is also unstable,Network,Academic & Teaching,CL15,Floor 3,CL3,Saturday,12,2026-02-01T12:43:00+05:30,3,Medium,88.0,84,1,Resolved,7.1,0
CL-10433,ANON-0498,floor near H4 Boys Hostel is dirty and slippery this happens repeatedly,Cleanliness,General & Utilities,H4 Boys Hostel,Floor 3,CL3,Tuesday,10,2026-02-01T10:44:00+05:30,2,High,53.0,41,1,In Progress,4.65,0
CL-10434,ANON-0598,drinking water cooler near CL22 is empty,Water,General & Utilities,Water cooler,Ground Floor,CL22,Wednesday,16,2026-02-01T16:11:00+05:30,2,High,70.0,70,0,Open,5.85,0
CL-10435,ANON-0534,projector hdmi port is loose in TS17 students cannot continue class,Infrastructure,Labs & Research,A2/1,Floor 4,TS17,Friday,11,2026-02-01T11:57:00+05:30,2,High,70.0,51,0,Open,5.24,0
CL-10436,ANON-0588,projector in CL15 switches off after ten minutes,Infrastructure,Labs & Research,A2/2,Floor 2,CL15,Monday,16,2026-02-01T16:12:00+05:30,2,High,54.0,36,0,Verified,6.27,0
CL-10437,ANON-0118,internet disconnects repeatedly during the lecture in CS1 near a water cooler,Network,Library & Study,LRC,Floor 3,CS1,Thursday,14,2026-02-01T14:45:00+05:30,3,Medium,93.0,49,0,Escalated,5.31,0
CL-10438,ANON-0442,projector hdmi port is loose in CL15 students cannot continue class,Infrastructure,Labs & Research,A2/1,Ground Floor,CL15,Monday,10,2026-02-01T10:51:00+05:30,2,High,67.0,40,0,Open,4.45,0
CL-10439,ANON-0192,wifi becomes extremely slow near CL15 between 14:00 and 16:00,Canteen,Library & Study,LRC,Floor 2,CL15,Saturday,14,2026-02-01T14:29:00+05:30,1,Critical,53.0,28,0,Open,5.39,0
CL-10440,ANON-0065,air conditioner stops cooling after noon on Ground Floor,Electrical,Academic & Teaching,H5 Boys Hostel,Ground Floor,CS1,Saturday,15,2026-02-01T15:23:00+05:30,1,Critical,30.0,71,0,Resolved,4.12,1
CL-10441,ANON-0370,network authentication fails for students around CL15,Network,Labs & Research,CL15,Ground Floor,CR425,Thursday,11,2026-02-01T11:00:00+05:30,2,High,84.0,68,1,In Progress,6.1,0
CL-10442,ANON-0360,wifi becomes extremely slow near TS17 between 10:00 and 12:00,Network,Labs & Research,Aryabhatt Bhawan II,Floor 2,TS17,Thursday,10,2026-02-01T10:01:00+05:30,4,Low,73.0,43,0,Verified,3.27,0
CL-10443,ANON-0022,signage is missing for CL15 on Floor 1,Other,Administration,Administration Block,Floor 1,CL15,Thursday,11,2026-02-01T11:11:00+05:30,1,Critical,38.0,57,0,In Progress,5.39,0
CL-10444,ANON-0329,billing queue reaches the stairwell near Cafeteria / Canteen,Canteen,Food,Cafeteria / Canteen,Floor 1,FF6,Thursday,13,2026-02-01T13:09:00+05:30,5,Low,92.0,55,0,In Progress,3.67,0
CL-10445,ANON-0120,projector hdmi port is loose in CL3 beside the canteen queue,Infrastructure,Labs & Research,A2/1,Floor 4,CL3,Thursday,14,2026-02-01T14:46:00+05:30,4,Low,46.0,48,0,Escalated,2.73,1
CL-10446,ANON-0393,very weak wifi signal on Floor 3 of CL15,Network,Library & Study,CL15,Floor 3,FF6,Thursday,11,2026-02-01T11:28:00+05:30,3,Medium,50.0,62,0,Open,4.32,0
CL-10447,ANON-0026,internet disconnects repeatedly during the lecture in CR425,Network,Labs & Research,LRC,Floor 1,CR425,Tuesday,14,2026-02-01T14:47:00+05:30,2,High,81.0,60,1,Verified,6.92,0
CL-10448,ANON-0353,lights flicker repeatedly inside CS1,Electrical,Labs & Research,H5 Boys Hostel,Ground Floor,CS1,Friday,9,2026-02-02T09:13:00+05:30,4,Low,46.0,36,1,Escalated,3.48,0
CL-10449,ANON-0470,garbage is overflowing in the corridor on Floor 1,Infrastructure,Academic & Teaching,Aryabhatt Bhawan III,Floor 1,CL3,Tuesday,14,2026-02-02T14:49:00+05:30,5,Low,87.0,35,1,Verified,4.85,0
CL-10450,ANON-0233,two ceiling fans are not working in CS1,Electrical,Hostels,A2/1,Floor 3,CS1,Tuesday,16,2026-02-02T16:23:00+05:30,1,Critical,59.0,73,0,Resolved,5.45,0
CL-10451,ANON-0228,spill outside CR425 creates a safety hazard !!!! beside the canteen queue,Other,Hostels,Washrooms,Floor 3,CR425,Tuesday,14,2026-02-02T14:34:00+05:30,1,Critical,78.0,50,0,Open,6.15,0
CL-10452,ANON-0482,projector in CR425 switches off after ten minutes,Infrastructure,Labs & Research,CL3,Floor 2,CR425,Monday,12,2026-02-02T12:25:00+05:30,1,Critical,66.0,20,0,Open,5.37,1
CL-10453,ANON-0453,projector in CR425 switches off after ten minutes,Infrastructure,Academic & Teaching,A2/2,Floor 2,CR425,Thursday,9,2026-02-02T09:16:00+05:30,3,Medium,55.0,50,1,Verified,6.18,0
CL-10454,ANON-0119,lights flicker repeatedly inside FF6,Electrical,Hostels,CL22,Floor 2,FF6,Thursday,14,2026-02-02T14:13:00+05:30,1,Critical,74.0,83,0,Resolved,6.13,0
CL-10455,ANON-0453,network authentication fails for students around CL15 and the room is overcrowded,Network,Library & Study,CL15,Floor 4,CL3,Tuesday,12,2026-02-02T12:20:00+05:30,1,Critical,82.0,76,0,Resolved,6.07,0
CL-10456,ANON-0096,internet disconnects repeatedly during the lecture in CL22,Network,Library & Study,LRC,Floor 2,CL22,Tuesday,12,2026-02-02T12:27:00+05:30,2,High,44.0,49,0,Verified,4.35,0
CL-10457,ANON-0454,broken writing desk is blocking the aisle in CR425 please fix urgently,Infrastructure,Labs & Research,A2/1,Floor 2,CR425,Tuesday,9,2026-02-02T09:21:00+05:30,3,Medium,64.0,55,1,Verified,4.94,1
CL-10458,ANON-0515,washroom near CR425 has not been cleaned today,Cleanliness,General & Utilities,Washrooms,Floor 2,CR425,Monday,14,2026-02-02T14:23:00+05:30,2,High,38.0,35,0,Verified,4.53,0
CL-10459,ANON-0468,projector in G2 switches off after ten minutes,Infrastructure,Academic & Teaching,A2/2,Ground Floor,G2,Tuesday,18,2026-02-02T18:06:00+05:30,3,Medium,65.0,54,0,Resolved,4.43,0
CL-10460,ANON-0192,food counter is overcrowded between 14:00 and 16:00 and the room is overcrowded,Canteen,Food,Cafeteria / Canteen,Floor 1,TS17,Thursday,14,2026-02-02T14:25:00+05:30,3,Medium,73.0,57,0,Resolved,4.29,0
CL-10461,ANON-0133,food counter is overcrowded between 13:00 and 15:00,Other,Food,Annapurna / Main Mess,Floor 3,CR425,Saturday,13,2026-02-02T13:15:00+05:30,2,High,89.0,54,1,Resolved,5.75,0
CL-10462,ANON-0544,projector hdmi port is loose in G2,Infrastructure,Academic & Teaching,Aryabhatt Bhawan II,Floor 1,G2,Thursday,11,2026-02-02T11:10:00+05:30,1,Critical,57.0,66,1,In Progress,6.98,0
CL-10463,ANON-0163,unclassified campus issue reported around Auditorium,Other,General & Utilities,Auditorium,Ground Floor,CR425,Friday,16,2026-02-02T16:11:00+05:30,2,High,33.0,50,0,Verified,4.26,0
CL-10464,ANON-0316,food counter is overcrowded between 13:00 and 15:00,Canteen,Food,Cafeteria / Canteen,Floor 1,CS1,Tuesday,13,2026-02-03T13:42:00+05:30,2,High,50.0,31,0,Open,4.54,0
CL-10465,ANON-0080,very weak wifi signal on Floor 2 of CL15,Network,Labs & Research,CL15,Floor 2,CL22,Thursday,12,2026-02-03T12:21:00+05:30,3,Medium,78.0,38,0,Open,4.31,1
CL-10466,ANON-0289,spill outside CL3 creates a safety hazard,Cleanliness,General & Utilities,H4 Boys Hostel,Floor 4,CL3,Monday,10,2026-02-03T10:09:00+05:30,2,High,69.0,41,1,Open,6.4,1
CL-10467,ANON-0039,network authentication fails for students around CL15 near a water cooler,Network,Academic & Teaching,CL15,Floor 4,CL15,Monday,9,2026-02-03T09:48:00+05:30,1,Critical,57.0,56,1,In Progress,7.79,0
CL-10468,ANON-0284,LABORATORY EQUIPMENT REPORTS A CALIBRATION ERROR IN CL3   !!!,Lab Equipment,Labs & Research,CL15,Floor 3,CL3,Wednesday,17,2026-02-03T17:49:00+05:30,4,Low,86.0,22,0,Verified,3.01,1
CL-10469,ANON-0542,two ceiling fans are not working in CS1,Electrical,Academic & Teaching,CL22,Ground Floor,CS1,Friday,18,2026-02-03T18:24:00+05:30,4,Low,69.0,75,1,Resolved,4.03,0
CL-10470,ANON-0312,food counter is overcrowded between 12:00 and 14:00 while the wifi is also unstable,Canteen,Food,Cafeteria / Canteen,Floor 3,CS1,Saturday,12,2026-02-03T12:05:00+05:30,2,High,98.0,53,1,Resolved,6.7,0
CL-10471,ANON-0255,projector hdmi port is loose in CL22 please fix urgently,Infrastructure,Academic & Teaching,A2/1,Floor 3,CL22,Monday,16,2026-02-03T16:26:00+05:30,2,High,53.0,61,0,Open,4.45,1
CL-10472,ANON-0003,projector in TS17 switches off after ten minutes,Infrastructure,Labs & Research,A2/2,Floor 4,TS17,Friday,18,2026-02-03T18:06:00+05:30,2,High,78.0,23,0,Open,6.12,1
CL-10473,ANON-0423,wifi becomes extremely slow near TS17 between 10:00 and 12:00 after a power interruption,Network,Library & Study,Aryabhatt Bhawan II,Floor 2,TS17,Wednesday,10,2026-02-03T10:52:00+05:30,4,Low,88.0,43,0,In Progress,4.89,0
CL-10474,ANON-0331,canteen queue is very long at 14:00 with one counter open,Canteen,Food,Annapurna / Main Mess,Floor 1,CS1,Wednesday,14,2026-02-03T14:33:00+05:30,3,Medium,88.0,44,0,Verified,4.07,0
CL-10475,ANON-0530,wifi becomes extremely slow near CL15 between 11:00 and 13:00,Network,Academic & Teaching,CL15,Floor 3,CL15,Wednesday,11,2026-02-03T11:44:00+05:30,1,Critical,100.0,69,1,Open,6.8,0
CL-10476,ANON-0338,waiting time at Cafeteria / Canteen is more than twenty minutes,Canteen,Food,Cafeteria / Canteen,Floor 2,CL22,Friday,14,2026-02-03T14:16:00+05:30,2,High,82.0,42,1,In Progress,7.35,0
CL-10477,ANON-0010,student common area is overcrowded after 16:00,Other,Administration,Parking,Floor 1,TS17,Thursday,16,2026-02-03T16:25:00+05:30,3,Medium,60.0,59,0,Open,3.41,1
CL-10478,ANON-0455,LABORATORY EQUIPMENT REPORTS A CALIBRATION ERROR IN G2   !!!,Lab Equipment,Labs & Research,ECE Labs,Floor 4,G2,Monday,13,2026-02-03T13:58:00+05:30,1,Critical,59.0,21,0,Verified,6.37,0
CL-10479,ANON-0459,lights flicker repeatedly inside FF6,Electrical,Labs & Research,A2/1,Floor 3,FF6,Monday,12,2026-02-03T12:43:00+05:30,2,High,71.0,90,0,In Progress,5.46,0
CL-10480,ANON-0451,internet disconnects repeatedly during the lecture in CL15,Network,Academic & Teaching,LRC,Ground Floor,CL15,Friday,10,2026-02-04T10:24:00+05:30,3,Medium,96.0,40,1,In Progress,5.41,1
CL-10481,ANON-0565,waiting time at Cafeteria / Canteen is more than twenty minutes,Canteen,Food,Cafeteria / Canteen,Floor 2,CL15,Monday,12,2026-02-04T12:25:00+05:30,4,Low,61.0,53,0,Open,3.03,0
CL-10482,ANON-0112,garbage is overflowing in the corridor on Floor 2,Cleanliness,Hostels,Aryabhatt Bhawan III,Floor 2,CL22,Saturday,13,2026-02-04T13:03:00+05:30,1,Critical,34.0,41,0,Resolved,3.96,0
CL-10483,ANON-0157,computer fails to boot during practical class in TS17 students cannot continue class,Lab Equipment,Labs & Research,CL15,Floor 2,TS17,Tuesday,15,2026-02-04T15:49:00+05:30,2,High,51.0,46,1,In Progress,6.16,0
CL-10484,ANON-0239,projector in G2 switches off after ten minutes,Infrastructure,Academic & Teaching,Aryabhatt Bhawan II,Floor 1,G2,Monday,17,2026-02-04T17:27:00+05:30,3,Medium,45.0,58,0,Open,3.79,0
CL-10485,ANON-0042,very weak wifi signal on Floor 1 of CL15,Network,Academic & Teaching,CL15,Floor 1,G2,Tuesday,14,2026-02-04T14:53:00+05:30,2,High,58.0,74,0,Open,4.42,1
CL-10486,ANON-0238,projector hdmi port is loose in CS1 this happens repeatedly,Infrastructure,Academic & Teaching,Aryabhatt Bhawan II,Floor 3,CS1,Wednesday,10,2026-02-04T10:44:00+05:30,4,Low,50.0,53,0,Resolved,4.32,0
CL-10487,ANON-0553,classroom door and several chairs need repair on Floor 2,Infrastructure,Labs & Research,A2/2,Floor 2,CL15,Thursday,15,2026-02-04T15:19:00+05:30,1,Critical,50.0,33,0,Open,5.69,0
CL-10488,ANON-0500,broken writing desk is blocking the aisle in CL22 this happens repeatedly,Infrastructure,Academic & Teaching,A2/2,Floor 4,CL22,Thursday,18,2026-02-04T18:14:00+05:30,2,High,50.0,45,0,Resolved,4.9,0
CL-10489,ANON-0009,signage is missing for CL22 on Ground Floor after a power interruption,Other,General & Utilities,Administration Block,Ground Floor,CL22,Monday,12,2026-02-04T12:21:00+05:30,3,Medium,28.0,44,0,Open,3.56,1
CL-10490,ANON-0528,wifi becomes extremely slow near CR425 between 10:00 and 12:00,Network,Academic & Teaching,CL3,Floor 4,CR425,Saturday,10,2026-02-04T10:32:00+05:30,3,Medium,81.0,53,0,Open,3.93,0
CL-10491,ANON-0144,water point near Girls Hostel is not operational,Water,General & Utilities,Girls Hostel,Floor 2,CS1,Tuesday,11,2026-02-04T11:31:00+05:30,2,High,61.0,62,0,In Progress,5.2,1
CL-10492,ANON-0583,very weak wifi signal on Floor 2 of CL15 this happens repeatedly,Network,Library & Study,CL15,Floor 2,TS17,Friday,10,2026-02-04T10:44:00+05:30,2,High,85.0,60,0,In Progress,5.25,1
CL-10493,ANON-0331,floor near Washrooms is dirty and slippery,Cleanliness,Academic & Teaching,Washrooms,Floor 1,TS17,Friday,8,2026-02-04T08:11:00+05:30,3,Medium,39.0,63,0,Resolved,4.27,0
CL-10494,ANON-0571,network authentication fails for students around Aryabhatt Bhawan II,Network,Academic & Teaching,Aryabhatt Bhawan II,Floor 2,G2,Tuesday,10,2026-02-04T10:11:00+05:30,1,Critical,62.0,54,1,In Progress,7.47,0
CL-10495,ANON-0404,broken writing desk is blocking the aisle in CL3 !!!!,Infrastructure,Labs & Research,A2/2,Ground Floor,CL3,Friday,9,2026-02-04T09:22:00+05:30,3,Medium,25.0,48,0,Resolved,3.91,0
CL-10496,ANON-0050,monitor and keyboard are not detected at workstation in FF6,Lab Equipment,Labs & Research,CL3,Floor 3,FF6,Friday,16,2026-02-05T16:46:00+05:30,4,Low,52.0,51,0,Resolved,3.53,1
CL-10497,ANON-0571,internet disconnects repeatedly during the lecture in G2,Network,Library & Study,CL3,Floor 3,G2,Friday,12,2026-02-05T12:35:00+05:30,3,Medium,93.0,50,0,In Progress,4.84,0
CL-10498,ANON-0275,canteen queue is very long at 13:00 with one counter open,Canteen,Food,Cafeteria / Canteen,Floor 3,CL3,Thursday,13,2026-02-05T13:58:00+05:30,3,Medium,100.0,47,1,Verified,5.53,0
CL-10499,ANON-0300,very weak wifi signal on Floor 1 of CL15 !!!! beside the canteen queue,Network,Library & Study,CL15,Floor 1,G2,Saturday,11,2026-02-05T11:19:00+05:30,3,Medium,91.0,38,0,Escalated,4.71,1
CL-10500,ANON-0446,billing queue reaches the stairwell near Annapurna / Main Mess please fix urgently near a water cooler,Canteen,Food,Annapurna / Main Mess,Floor 1,TS17,Wednesday,14,2026-02-05T14:01:00+05:30,1,Critical,58.0,50,0,Resolved,5.68,0
CL-10501,ANON-0463,internet disconnects repeatedly during the lecture in CL3,Network,Academic & Teaching,Aryabhatt Bhawan II,Floor 1,CL3,Thursday,12,2026-02-05T12:43:00+05:30,1,Critical,70.0,51,0,Open,5.89,0
CL-10502,ANON-0470,washroom near CL3 has not been cleaned today,Cleanliness,Hostels,Washrooms,Floor 4,CL3,Monday,13,2026-02-05T13:43:00+05:30,4,Low,63.0,73,0,Open,3.41,0
CL-10503,ANON-0215,waiting time at Annapurna / Main Mess is more than twenty minutes,Canteen,Food,Annapurna / Main Mess,Ground Floor,CL15,Friday,14,2026-02-05T14:31:00+05:30,1,Critical,63.0,57,0,Open,6.23,1
CL-10504,ANON-0328,food counter is overcrowded between 12:00 and 14:00,Canteen,Food,Annapurna / Main Mess,Ground Floor,CL22,Wednesday,12,2026-02-05T12:29:00+05:30,2,High,50.0,49,0,Open,5.15,0
CL-10505,ANON-0309,wifi becomes extremely slow near CL3 between 11:00 and 13:00 students cannot continue class,Network,Labs & Research,LRC,Floor 2,CL3,Wednesday,11,2026-02-05T11:17:00+05:30,3,Medium,99.0,48,0,Verified,4.7,0
CL-10506,ANON-0415,COMPUTER FAILS TO BOOT DURING PRACTICAL CLASS IN CL22   !!!,Lab Equipment,Labs & Research,CL22,Floor 4,CL22,Monday,14,2026-02-05T14:57:00+05:30,4,Low,49.0,55,0,Open,3.54,0
CL-10507,ANON-0207,food counter is overcrowded between 13:00 and 15:00,Canteen,Food,Annapurna / Main Mess,Ground Floor,CL22,Tuesday,13,2026-02-05T13:04:00+05:30,5,Low,79.0,81,1,Resolved,4.77,0
CL-10508,ANON-0592,washroom near CL22 has not been cleaned today after a power interruption,Cleanliness,General & Utilities,Aryabhatt Bhawan III,Floor 4,CL22,Monday,15,2026-02-05T15:30:00+05:30,4,Low,22.0,62,0,Open,3.71,0
CL-10509,ANON-0331,water point near Water cooler is not operational please fix urgently,Water,Hostels,Water cooler,Ground Floor,CR425,Saturday,18,2026-02-05T18:30:00+05:30,3,Medium,88.0,55,0,Resolved,4.81,0
CL-10510,ANON-0287,computer fails to boot during practical class in CL3,Lab Equipment,Labs & Research,CL15,Floor 1,CL3,Saturday,9,2026-02-05T09:29:00+05:30,2,High,60.0,34,0,In Progress,5.09,1
CL-10511,ANON-0411,wifi becomes extremely slow near TS17 between 10:00 and 12:00,Network,Library & Study,LRC,Floor 3,TS17,Wednesday,10,2026-02-05T10:35:00+05:30,1,Critical,100.0,76,0,In Progress,6.74,0
CL-10512,ANON-0134,classroom door and several chairs need repair on Floor 1,Infrastructure,Academic & Teaching,CL3,Floor 1,CL3,Friday,8,2026-02-06T08:18:00+05:30,2,High,70.0,35,0,Verified,5.29,0
CL-10513,ANON-0122,very weak wifi signal on Floor 1 of Aryabhatt Bhawan II and the room is overcrowded,Network,Academic & Teaching,Aryabhatt Bhawan II,Floor 1,CL15,Saturday,10,2026-02-06T10:24:00+05:30,2,High,82.0,22,0,Resolved,4.78,0
CL-10514,ANON-0125,lights flicker repeatedly inside CL15,Electrical,Hostels,H5 Boys Hostel,Floor 3,CL15,Thursday,12,2026-02-06T12:12:00+05:30,1,Critical,65.0,54,0,In Progress,5.69,1
CL-10515,ANON-0328,broken writing desk is blocking the aisle in CS1,Infrastructure,Labs & Research,Aryabhatt Bhawan II,Floor 4,CS1,Wednesday,10,2026-02-06T10:00:00+05:30,4,Low,31.0,89,0,Resolved,3.89,0
CL-10516,ANON-0481,lights flicker repeatedly inside CL15,Electrical,Academic & Teaching,CL22,Floor 2,CL15,Thursday,12,2026-02-06T12:38:00+05:30,2,High,59.0,66,0,Escalated,4.95,0
CL-10517,ANON-0229,network authentication fails for students around Aryabhatt Bhawan II,Network,Academic & Teaching,Aryabhatt Bhawan II,Floor 4,FF6,Saturday,14,2026-02-06T14:02:00+05:30,3,Medium,100.0,70,1,Resolved,5.87,1
CL-10518,ANON-0377,projector in CL15 switches off after ten minutes !!!! after a power interruption,Infrastructure,Academic & Teaching,CL3,Floor 4,CL15,Thursday,16,2026-02-06T16:22:00+05:30,2,High,44.0,49,0,Resolved,4.15,1
CL-10519,ANON-0240,network authentication fails for students around CL15,Network,Labs & Research,CL15,Ground Floor,FF6,Tuesday,10,2026-02-06T10:05:00+05:30,4,Low,92.0,65,0,Open,4.71,0
CL-10520,ANON-0259,laboratory equipment reports a calibration error in CS1,Lab Equipment,Labs & Research,CL1,Floor 3,CS1,Monday,10,2026-02-06T10:42:00+05:30,4,Low,36.0,34,0,Verified,2.98,0
CL-10521,ANON-0499,classroom door and several chairs need repair on Floor 2,Infrastructure,Academic & Teaching,CL3,Floor 2,CL22,Saturday,13,2026-02-06T13:15:00+05:30,3,Medium,,47,0,Verified,5.18,1
CL-10522,ANON-0483,projector in CR425 switches off after ten minutes students cannot continue class near a water cooler,Infrastructure,Academic & Teaching,A2/1,Floor 4,CR425,Thursday,8,2026-02-06T08:38:00+05:30,1,Critical,22.0,55,0,Open,5.08,0
CL-10523,ANON-0307,broken writing desk is blocking the aisle in CR425,Infrastructure,Labs & Research,A2/2,Ground Floor,CR425,Thursday,9,2026-02-06T09:57:00+05:30,2,High,60.0,74,0,Resolved,3.68,1
CL-10524,ANON-0062,wifi becomes extremely slow near FF6 between 12:00 and 14:00 and the room is overcrowded,Network,Library & Study,CL3,Floor 3,FF6,Friday,12,2026-02-06T12:56:00+05:30,1,Critical,68.0,42,0,Open,5.82,0
CL-10525,ANON-0327,projector hdmi port is loose in CR425,Infrastructure,Labs & Research,Aryabhatt Bhawan II,Floor 4,CR425,Wednesday,15,2026-02-06T15:24:00+05:30,1,Critical,35.0,72,1,Verified,5.87,0
CL-10526,ANON-0109,monitor and keyboard are not detected at workstation in TS17 after a power interruption,Lab Equipment,Labs & Research,CL15,Ground Floor,TS17,Friday,11,2026-02-06T11:55:00+05:30,5,Low,27.0,44,0,Open,1.27,0
CL-10527,ANON-0033,parking congestion blocks the entrance near Administration Block and the room is overcrowded,Other,General & Utilities,Administration Block,Floor 4,CR425,Tuesday,18,2026-02-06T18:46:00+05:30,2,High,85.0,44,0,In Progress,5.57,1
CL-10528,ANON-0197,laboratory equipment reports a calibration error in CL3,Lab Equipment,Labs & Research,CL15,Floor 3,CL3,Thursday,18,2026-02-07T18:26:00+05:30,3,Medium,59.0,54,0,Escalated,4.74,0
CL-10529,ANON-0382,three lab systems freeze during compilation in CS1,Network,Labs & Research,CL22,Floor 4,CS1,Tuesday,16,2026-02-07T16:02:00+05:30,4,Low,28.0,62,1,Open,3.27,0
CL-10530,ANON-0493,washroom near CL15 has not been cleaned today !!!!,Cleanliness,Hostels,Washrooms,Ground Floor,CL15,Tuesday,15,2026-02-07T15:43:00+05:30,4,Low,45.0,20,0,Escalated,2.31,0
CL-10531,ANON-0104,classroom door and several chairs need repair on Floor 4,Network,Labs & Research,A2/2,Floor 4,FF6,Saturday,15,2026-02-07T15:46:00+05:30,2,High,67.0,27,0,Open,4.56,0
CL-10532,ANON-0031,very weak wifi signal on Floor 4 of LRC,Network,Academic & Teaching,LRC,Floor 4,CL3,Saturday,9,2026-02-07T09:05:00+05:30,4,Low,51.0,78,0,In Progress,3.33,0
CL-10533,ANON-0363,low water pressure reported around Swimming Pool !!!!,Water,Hostels,Swimming Pool,Floor 4,TS17,Tuesday,15,2026-02-07T15:13:00+05:30,3,Medium,49.0,63,0,Open,3.57,0
CL-10534,ANON-0003,classroom door and several chairs need repair on Ground Floor beside the canteen queue,Infrastructure,Labs & Research,A2/2,Ground Floor,CL15,Tuesday,8,2026-02-07T08:33:00+05:30,3,Medium,59.0,43,1,Open,3.67,0
CL-10535,ANON-0224,classroom door and several chairs need repair on Ground Floor,Infrastructure,Academic & Teaching,A2/1,Ground Floor,CL3,Wednesday,9,2026-02-07T09:23:00+05:30,4,Low,61.0,41,1,Open,4.27,1
CL-10536,ANON-0372,projector in TS17 switches off after ten minutes,Infrastructure,Academic & Teaching,A2/1,Floor 2,TS17,Wednesday,15,2026-02-07T15:55:00+05:30,2,High,46.0,34,1,Resolved,6.26,1
CL-10537,ANON-0340,very weak wifi signal on Ground Floor of Aryabhatt Bhawan II,Network,Academic & Teaching,Aryabhatt Bhawan II,Ground Floor,CL22,Saturday,14,2026-02-07T14:34:00+05:30,2,High,100.0,42,1,Verified,6.91,0
CL-10538,ANON-0482,three lab systems freeze during compilation in CS1,Lab Equipment,Labs & Research,CL3,Floor 3,CS1,Thursday,9,2026-02-07T09:01:00+05:30,1,Critical,20.0,65,0,Open,5.57,0
CL-10539,ANON-0258,food counter is overcrowded between 13:00 and 15:00,Canteen,Food,Annapurna / Main Mess,Floor 2,CR425,Thursday,13,2026-02-07T13:48:00+05:30,2,High,75.0,52,0,Escalated,4.89,0
CL-10540,ANON-0230,waiting time at Annapurna / Main Mess is more than twenty minutes !!!! after a power interruption,Canteen,Food,Annapurna / Main Mess,Floor 2,FF6,Monday,13,2026-02-07T13:38:00+05:30,1,Critical,70.0,71,0,Resolved,6.34,0
CL-10541,ANON-0178,three lab systems freeze during compilation in CL15,Lab Equipment,Labs & Research,CL15,Ground Floor,CL15,Tuesday,11,2026-02-07T11:04:00+05:30,1,Critical,56.0,52,1,In Progress,6.44,0
CL-10542,ANON-0468,internet disconnects repeatedly during the lecture in G2,Network,Labs & Research,CL3,Floor 4,G2,Saturday,9,2026-02-07T09:19:00+05:30,2,High,54.0,37,0,Open,4.62,1
CL-10543,ANON-0344,very weak wifi signal on Ground Floor of CL3,Network,Library & Study,CL3,Ground Floor,CL15,Saturday,9,2026-02-07T09:48:00+05:30,1,Critical,100.0,65,0,Open,5.8,1
CL-10544,ANON-0212,network authentication fails for students around Aryabhatt Bhawan II,Network,Library & Study,,Floor 4,CR425,Tuesday,10,2026-02-08T10:14:00+05:30,5,Low,63.0,67,0,Escalated,2.72,0
CL-10545,ANON-0290,spill outside CL22 creates a safety hazard,Cleanliness,Hostels,Washrooms,Ground Floor,CL22,Thursday,11,2026-02-08T11:36:00+05:30,3,Medium,60.0,63,0,Escalated,4.25,0
CL-10546,ANON-0346,wifi becomes extremely slow near CL15 between 10:00 and 12:00 while the wifi is also unstable,Network,Academic & Teaching,LRC,Floor 3,CL15,Saturday,10,2026-02-08T10:34:00+05:30,1,Critical,100.0,45,0,Escalated,6.54,1
CL-10547,ANON-0099,food counter is overcrowded between 14:00 and 16:00,Canteen,Food,Annapurna / Main Mess,Floor 1,CL22,Saturday,14,2026-02-08T14:44:00+05:30,2,High,80.0,68,1,Open,5.97,1
CL-10548,ANON-0507,washroom near CR425 has not been cleaned today,Electrical,Academic & Teaching,Aryabhatt Bhawan III,Floor 1,CR425,Friday,12,2026-02-08T12:00:00+05:30,3,Medium,60.0,57,0,Open,3.11,0
CL-10549,ANON-0135,spill outside G2 creates a safety hazard !!!!,Cleanliness,General & Utilities,H4 Boys Hostel,Ground Floor,G2,Thursday,8,2026-02-08T08:06:00+05:30,3,Medium,71.0,86,0,Resolved,3.8,1
CL-10550,ANON-0405,water is leaking into the corridor on Floor 1,Water,Sports & Recreation,Water cooler,Floor 1,FF6,Friday,13,2026-02-08T13:24:00+05:30,1,Critical,47.0,66,0,Verified,5.65,0
CL-10551,ANON-0488,wifi becomes extremely slow near CL3 between 12:00 and 14:00,Network,Library & Study,Aryabhatt Bhawan II,Floor 2,CL3,Thursday,12,2026-02-08T12:08:00+05:30,1,Critical,79.0,58,0,Verified,6.11,0
CL-10552,ANON-0075,very weak wifi signal on Floor 2 of CL3,Network,Academic & Teaching,CL3,Floor 2,CL22,Saturday,10,2026-02-08T10:11:00+05:30,4,Low,48.0,40,1,In Progress,4.99,1
CL-10553,ANON-0300,wifi becomes extremely slow near CR425 between 9:00 and 11:00,Network,Labs & Research,CL3,Ground Floor,CR425,Monday,9,2026-02-08T09:01:00+05:30,1,Critical,70.0,77,0,Resolved,6.28,0
CL-10554,ANON-0495,canteen queue is very long at 14:00 with one counter open,Canteen,Food,Annapurna / Main Mess,Floor 1,CL3,Wednesday,14,2026-02-08T14:57:00+05:30,1,Critical,90.0,50,1,Verified,7.53,0
CL-10555,ANON-0506,projector in CL22 switches off after ten minutes this happens repeatedly,Infrastructure,Labs & Research,CL3,Floor 4,CL22,Saturday,13,2026-02-08T13:07:00+05:30,2,High,74.0,66,1,Resolved,5.6,0
CL-10556,ANON-0497,canteen queue is very long at 14:00 with one counter open near a water cooler,Canteen,Food,Cafeteria / Canteen,Floor 2,G2,Tuesday,14,2026-02-08T14:28:00+05:30,2,High,81.0,43,0,Open,5.19,0
CL-10557,ANON-0475,projector hdmi port is loose in CL22 students cannot continue class,Infrastructure,Academic & Teaching,A2/1,Floor 2,CL22,Saturday,13,2026-02-08T13:40:00+05:30,3,Medium,67.0,39,0,Open,4.93,0
CL-10558,ANON-0408,canteen queue is very long at 14:00 with one counter open,Canteen,Food,Annapurna / Main Mess,Floor 1,FF6,Tuesday,14,2026-02-08T14:47:00+05:30,2,High,54.0,55,1,Verified,6.33,0
CL-10559,ANON-0580,two ceiling fans are not working in CL3,Electrical,Labs & Research,CL22,Floor 4,CL3,Tuesday,13,2026-02-08T13:19:00+05:30,4,Low,80.0,43,0,Open,4.13,0
CL-10560,ANON-0376,three lab systems freeze during compilation in TS17,Lab Equipment,Labs & Research,ECE Labs,Floor 4,TS17,Wednesday,14,2026-02-09T14:33:00+05:30,2,High,46.0,79,0,Verified,4.48,1
CL-10561,ANON-0022,two ceiling fans are not working in CR425 beside the canteen queue,Electrical,Hostels,CL22,Floor 2,CR425,Friday,13,2026-02-09T13:32:00+05:30,3,Medium,67.0,68,0,Open,3.41,0
CL-10562,ANON-0154,spill outside CL22 creates a safety hazard,Cleanliness,Academic & Teaching,H4 Boys Hostel,Floor 3,CL22,Tuesday,9,2026-02-09T09:23:00+05:30,3,Medium,66.0,60,0,Open,3.66,1
CL-10563,ANON-0329,monitor and keyboard are not detected at workstation in CL22,Lab Equipment,Labs & Research,CL22,Floor 1,CL22,Thursday,15,2026-02-09T15:36:00+05:30,1,Critical,20.0,45,0,Resolved,4.72,0
CL-10564,ANON-0208,projector hdmi port is loose in CL3 this happens repeatedly,Infrastructure,Academic & Teaching,Aryabhatt Bhawan II,Floor 3,CL3,Wednesday,9,2026-02-09T09:39:00+05:30,5,Low,62.0,20,1,Open,3.58,0
CL-10565,ANON-0358,wifi becomes extremely slow near CL15 between 10:00 and 12:00,Network,Library & Study,CL3,Floor 2,CL15,Saturday,10,2026-02-09T10:31:00+05:30,1,Critical,45.0,57,0,Resolved,5.6,0
CL-10566,ANON-0587,projector in TS17 switches off after ten minutes,Infrastructure,Labs & Research,CL3,Floor 1,TS17,Thursday,16,2026-02-09T16:59:00+05:30,1,Critical,63.0,53,0,Escalated,6.26,1
CL-10567,ANON-0309,internet disconnects repeatedly during the lecture in CL22,Network,Academic & Teaching,Aryabhatt Bhawan II,Floor 2,CL22,Thursday,14,2026-02-09T14:58:00+05:30,2,High,81.0,79,0,Resolved,5.45,0
CL-10568,ANON-0087,drinking water cooler near CS1 is empty,Water,Sports & Recreation,Water cooler,Floor 4,CS1,Saturday,16,2026-02-09T16:49:00+05:30,3,Medium,5.0,85,1,Resolved,3.87,0
CL-10569,ANON-0022,projector hdmi port is loose in G2,Infrastructure,Labs & Research,Aryabhatt Bhawan II,Ground Floor,G2,Thursday,16,2026-02-09T16:34:00+05:30,3,Medium,78.0,51,0,Resolved,5.67,1
CL-10570,ANON-0314,air conditioner stops cooling after noon on Floor 3 please fix urgently and the room is overcrowded,Electrical,Academic & Teaching,A2/1,Floor 3,G2,Saturday,10,2026-02-09T10:42:00+05:30,2,High,52.0,71,0,Resolved,4.38,0
CL-10571,ANON-0600,internet disconnects repeatedly during the lecture in FF6 !!!!,Network,Library & Study,CL15,Floor 3,FF6,Wednesday,11,2026-02-09T11:41:00+05:30,4,Low,97.0,20,0,Resolved,4.85,1
CL-10572,ANON-0469,wifi becomes extremely slow near CL15 between 11:00 and 13:00,Network,Labs & Research,CL3,Floor 2,CL15,Monday,11,2026-02-09T11:18:00+05:30,2,High,100.0,53,0,In Progress,5.0,0
CL-10573,ANON-0346,very weak wifi signal on Floor 3 of LRC while the wifi is also unstable,Network,Academic & Teaching,LRC,Floor 3,CR425,Wednesday,11,2026-02-09T11:21:00+05:30,2,High,84.0,67,0,Open,5.72,0
CL-10574,ANON-0323,air conditioner stops cooling after noon on Floor 4,Electrical,Labs & Research,H5 Boys Hostel,Floor 4,FF6,Friday,16,2026-02-09T16:10:00+05:30,5,Low,66.0,54,1,Escalated,3.8,1
CL-10575,ANON-0365,internet disconnects repeatedly during the lecture in G2 !!!!,Network,Academic & Teaching,LRC,Floor 4,G2,Monday,11,2026-02-09T11:30:00+05:30,2,High,91.0,59,0,In Progress,4.91,1
CL-10576,ANON-0446,network authentication fails for students around CL15,Network,Labs & Research,CL15,Floor 4,TS17,Monday,11,2026-02-10T11:05:00+05:30,3,Medium,80.0,58,0,Resolved,4.82,0
CL-10577,ANON-0335,network authentication fails for students around CL15,Network,Library & Study,CL15,Floor 4,CL15,Saturday,11,2026-02-10T11:41:00+05:30,2,High,60.0,44,0,Open,5.33,0
CL-10578,ANON-0143,drinking water cooler near CS1 is empty this happens repeatedly,Water,Sports & Recreation,Water cooler,Floor 2,CS1,Wednesday,11,2026-02-10T11:40:00+05:30,3,Medium,66.0,45,1,Verified,5.98,0
CL-10579,ANON-0283,lights flicker repeatedly inside CL22,Electrical,Labs & Research,CL22,Floor 3,CL22,Wednesday,15,2026-02-10T15:07:00+05:30,2,High,57.0,54,1,In Progress,5.47,1
CL-10580,ANON-0213,projector in G2 switches off after ten minutes,Infrastructure,Labs & Research,A2/2,Floor 1,G2,Monday,12,2026-02-10T12:30:00+05:30,1,Critical,27.0,59,1,Resolved,4.98,0
CL-10581,ANON-0553,waiting time at Annapurna / Main Mess is more than twenty minutes please fix urgently,Canteen,Food,Annapurna / Main Mess,Floor 3,TS17,Monday,12,2026-02-10T12:54:00+05:30,4,Low,100.0,70,1,Resolved,4.57,0
CL-10582,ANON-0108,internet disconnects repeatedly during the lecture in CR425 beside the canteen queue,Network,Library & Study,CL15,Floor 4,CR425,Friday,14,2026-02-10T14:58:00+05:30,1,Critical,57.0,42,0,Open,4.31,0
CL-10583,ANON-0032,classroom door and several chairs need repair on Floor 3 students cannot continue class,Infrastructure,Academic & Teaching,A2/1,Floor 3,CL22,Tuesday,12,2026-02-10T12:25:00+05:30,3,Medium,63.0,59,1,Escalated,3.86,0
CL-10584,ANON-0369,air conditioner stops cooling after noon on Floor 4 !!!!,Electrical,Labs & Research,CL22,Floor 4,FF6,Thursday,12,2026-02-10T12:28:00+05:30,3,Medium,24.0,86,0,Resolved,2.39,0
CL-10585,ANON-0156,internet disconnects repeatedly during the lecture in G2 while the wifi is also unstable,Network,Labs & Research,Aryabhatt Bhawan II,Ground Floor,G2,Wednesday,10,2026-02-10T10:32:00+05:30,3,Medium,100.0,75,0,Resolved,4.09,1
CL-10586,ANON-0212,classroom door and several chairs need repair on Floor 3,Infrastructure,Academic & Teaching,A2/1,Floor 3,CL3,Friday,8,2026-02-10T08:00:00+05:30,4,Low,84.0,44,0,Resolved,4.46,0
CL-10587,ANON-0421,projector in CL3 switches off after ten minutes,Infrastructure,Academic & Teaching,A2/2,Floor 3,CL3,Friday,9,2026-02-10T09:05:00+05:30,3,Medium,53.0,52,1,In Progress,5.84,0
CL-10588,ANON-0132,network authentication fails for students around Aryabhatt Bhawan II !!!!,Network,Academic & Teaching,Aryabhatt Bhawan II,Floor 4,CL22,Thursday,11,2026-02-10T11:22:00+05:30,4,Low,52.0,32,1,Resolved,3.25,0
CL-10589,ANON-0300,network authentication fails for students around CL3,Network,Academic & Teaching,CL3,Floor 2,G2,Friday,14,2026-02-10T14:55:00+05:30,3,Medium,73.0,57,1,In Progress,5.41,1
CL-10590,ANON-0428,internet disconnects repeatedly during the lecture in FF6,Network,Academic & Teaching,LRC,Floor 1,FF6,Wednesday,11,2026-02-10T11:26:00+05:30,2,High,77.0,53,1,Resolved,6.36,0
CL-10591,ANON-0483,network authentication fails for students around LRC,Network,Labs & Research,LRC,Floor 2,CL15,Tuesday,10,2026-02-10T10:40:00+05:30,2,High,93.0,57,0,In Progress,6.34,0
CL-10592,ANON-0574,food counter is overcrowded between 13:00 and 15:00,Canteen,Food,Cafeteria / Canteen,Ground Floor,G2,Wednesday,13,2026-02-11T13:09:00+05:30,3,Medium,73.0,82,0,In Progress,3.91,0
CL-10593,ANON-0318,drinking water cooler near CL22 is empty,Water,Hostels,Water cooler,Floor 3,CL22,Thursday,18,2026-02-11T18:41:00+05:30,1,Critical,69.0,96,1,Verified,7.3,1
CL-10594,ANON-0430,parking congestion blocks the entrance near Parking !!!!,Other,Administration,Parking,Floor 2,CL3,Thursday,9,2026-02-11T09:39:00+05:30,2,High,66.0,71,0,In Progress,5.25,0
CL-10595,ANON-0161,floor near H4 Boys Hostel is dirty and slippery,Cleanliness,General & Utilities,H4 Boys Hostel,Floor 2,FF6,Tuesday,17,2026-02-11T17:01:00+05:30,1,Critical,24.0,31,1,In Progress,5.2,0
CL-10596,ANON-0117,billing queue reaches the stairwell near Annapurna / Main Mess,Canteen,Food,Annapurna / Main Mess,Ground Floor,CL3,Friday,13,2026-02-11T13:02:00+05:30,2,High,99.0,40,0,Escalated,5.08,0
CL-10597,ANON-0175,billing queue reaches the stairwell near Cafeteria / Canteen while the wifi is also unstable,Canteen,Food,Cafeteria / Canteen,Floor 4,CR425,Wednesday,12,2026-02-11T12:17:00+05:30,5,Low,93.0,39,0,Open,3.88,0
CL-10598,ANON-0459,very weak wifi signal on Floor 3 of LRC,Network,Academic & Teaching,LRC,Floor 3,TS17,Friday,9,2026-02-11T09:47:00+05:30,3,Medium,79.0,41,0,Verified,3.87,0
CL-10599,ANON-0410,billing queue reaches the stairwell near Annapurna / Main Mess this happens repeatedly,Canteen,Food,Annapurna / Main Mess,Floor 2,FF6,Thursday,12,2026-02-11T12:49:00+05:30,3,Medium,83.0,34,1,In Progress,5.55,0
CL-10600,ANON-0511,spill outside CR425 creates a safety hazard,Cleanliness,Hostels,Aryabhatt Bhawan III,Floor 3,CR425,Wednesday,18,2026-02-11T18:00:00+05:30,2,High,75.0,54,0,Open,4.95,1
CL-10601,ANON-0524,internet disconnects repeatedly during the lecture in FF6,Network,Library & Study,CL3,Ground Floor,FF6,Saturday,10,2026-02-11T10:34:00+05:30,1,Critical,100.0,31,0,In Progress,6.49,0
CL-10602,ANON-0512,projector in FF6 switches off after ten minutes,Infrastructure,Academic & Teaching,A2/2,Floor 1,FF6,Friday,15,2026-02-11T15:16:00+05:30,3,Medium,64.0,62,0,Escalated,4.97,0
CL-10603,ANON-0293,network authentication fails for students around LRC please fix urgently while the wifi is also unstable,Network,Library & Study,LRC,Floor 2,CL22,Wednesday,11,2026-02-11T11:50:00+05:30,3,Medium,100.0,47,1,In Progress,5.54,0
CL-10604,ANON-0477,internet disconnects repeatedly during the lecture in G2,Network,Library & Study,Aryabhatt Bhawan II,Floor 3,G2,Tuesday,14,2026-02-11T14:35:00+05:30,2,High,61.0,63,1,Escalated,5.78,0
CL-10605,ANON-0583,very weak wifi signal on Ground Floor of CL15,Network,Library & Study,CL15,Ground Floor,G2,Monday,9,2026-02-11T09:00:00+05:30,3,Medium,58.0,48,0,Verified,5.11,0
CL-10606,ANON-0111,projector hdmi port is loose in TS17 near a water cooler,Infrastructure,Academic & Teaching,A2/1,Floor 1,TS17,Tuesday,15,2026-02-11T15:22:00+05:30,2,High,44.0,36,0,Resolved,6.03,0
CL-10607,ANON-0021,wifi becomes extremely slow near CR425 between 10:00 and 12:00,Network,Academic & Teaching,LRC,Floor 4,CR425,Wednesday,10,2026-02-11T10:30:00+05:30,2,High,100.0,85,0,Open,4.9,0
CL-10608,ANON-0554,two ceiling fans are not working in CS1,Electrical,Academic & Teaching,A2/1,Floor 4,CS1,Wednesday,11,2026-02-12T11:28:00+05:30,4,Low,32.0,50,1,Open,4.27,0
CL-10609,ANON-0226,floor near H4 Boys Hostel is dirty and slippery,Cleanliness,Academic & Teaching,H4 Boys Hostel,Floor 3,CR425,Monday,8,2026-02-12T08:41:00+05:30,3,Medium,49.0,39,0,Resolved,4.14,1
CL-10610,ANON-0294,air conditioner stops cooling after noon on Ground Floor,Electrical,Academic & Teaching,CL22,Ground Floor,G2,Friday,16,2026-02-12T16:42:00+05:30,3,Medium,69.0,61,0,Resolved,4.71,1
CL-10611,ANON-0476,wifi becomes extremely slow near CL22 between 12:00 and 14:00 students cannot continue class,Network,Academic & Teaching,Aryabhatt Bhawan II,Floor 2,CL22,Tuesday,12,2026-02-12T12:14:00+05:30,1,Critical,70.0,37,1,In Progress,6.46,0
CL-10612,ANON-0074,computer fails to boot during practical class in CL22 students cannot continue class,Lab Equipment,Labs & Research,CL1,Ground Floor,CL22,Friday,13,2026-02-12T13:26:00+05:30,2,High,43.0,35,1,Open,6.32,0
CL-10613,ANON-0211,billing queue reaches the stairwell near Cafeteria / Canteen !!!!,Electrical,Food,Cafeteria / Canteen,Floor 3,CR425,Monday,12,2026-02-12T12:18:00+05:30,5,Low,100.0,37,0,Resolved,3.32,0
CL-10614,ANON-0423,washroom near CL15 has not been cleaned today,Cleanliness,General & Utilities,H4 Boys Hostel,Floor 4,CL15,Monday,18,2026-02-12T18:09:00+05:30,2,High,87.0,39,0,Verified,4.82,1
CL-10615,ANON-0013,spill outside CL15 creates a safety hazard while the wifi is also unstable,Cleanliness,Hostels,Aryabhatt Bhawan III,Ground Floor,CL15,Friday,13,2026-02-12T13:48:00+05:30,2,High,62.0,28,1,Resolved,6.57,0
CL-10616,ANON-0463,projector hdmi port is loose in FF6 after a power interruption,Infrastructure,Academic & Teaching,A2/1,Floor 2,FF6,Thursday,13,2026-02-12T13:47:00+05:30,1,Critical,65.0,67,1,Open,5.91,1
CL-10617,ANON-0077,classroom door and several chairs need repair on Floor 2 !!!!,Infrastructure,Labs & Research,A2/1,Floor 2,CL3,Monday,8,2026-02-12T08:49:00+05:30,1,Critical,47.0,51,0,In Progress,5.54,0
CL-10618,ANON-0368,wifi becomes extremely slow near FF6 between 12:00 and 14:00,Infrastructure,Labs & Research,CL3,Floor 4,FF6,Monday,12,2026-02-12T12:33:00+05:30,3,Medium,92.0,54,0,In Progress,4.04,0
CL-10619,ANON-0433,computer fails to boot during practical class in FF6,Lab Equipment,Labs & Research,CL15,Floor 3,FF6,Friday,8,2026-02-12T08:09:00+05:30,2,High,49.0,68,1,Resolved,6.43,0
CL-10620,ANON-0297,projector hdmi port is loose in G2 please fix urgently,Infrastructure,Labs & Research,Aryabhatt Bhawan II,Floor 1,G2,Friday,8,2026-02-12T08:38:00+05:30,2,High,54.0,26,0,Open,3.82,1
CL-10621,ANON-0231,laboratory equipment reports a calibration error in CL3,Lab Equipment,Labs & Research,CL3,Floor 1,CL3,Saturday,17,2026-02-12T17:16:00+05:30,4,Low,33.0,44,0,Open,3.36,0
CL-10622,ANON-0336,student common area is overcrowded after 15:00 this happens repeatedly while the wifi is also unstable,Other,Administration,Auditorium,Floor 1,CR425,Tuesday,15,2026-02-12T15:35:00+05:30,2,High,35.0,45,1,Resolved,5.88,0
CL-10623,ANON-0339,lights flicker repeatedly inside TS17,Electrical,Academic & Teaching,H5 Boys Hostel,Floor 3,TS17,Friday,10,2026-02-12T10:35:00+05:30,4,Low,48.0,61,0,Open,3.28,1
CL-10624,ANON-0544,waiting time at Annapurna / Main Mess is more than twenty minutes !!!! near a water cooler,Canteen,Food,Annapurna / Main Mess,Floor 2,CS1,Thursday,14,2026-02-13T14:46:00+05:30,5,Low,96.0,67,0,In Progress,3.31,0
CL-10625,ANON-0465,internet disconnects repeatedly during the lecture in TS17,Network,Library & Study,CL15,Floor 2,TS17,Thursday,12,2026-02-13T12:26:00+05:30,4,Low,43.0,75,0,Escalated,3.46,1
CL-10626,ANON-0062,waiting time at Cafeteria / Canteen is more than twenty minutes,Canteen,Food,Cafeteria / Canteen,Floor 3,FF6,Monday,14,2026-02-13T14:12:00+05:30,4,Low,58.0,63,0,Verified,3.95,1
CL-10627,ANON-0193,computer fails to boot during practical class in CS1,Lab Equipment,Labs & Research,CL22,Floor 4,CS1,Thursday,13,2026-02-13T13:38:00+05:30,2,High,56.0,77,0,In Progress,4.95,1
CL-10628,ANON-0381,billing queue reaches the stairwell near Cafeteria / Canteen,Canteen,Food,Cafeteria / Canteen,Floor 3,CL22,Thursday,14,2026-02-13T14:39:00+05:30,5,Low,88.0,34,0,Resolved,3.31,0
CL-10629,ANON-0281,internet disconnects repeatedly during the lecture in CR425,Network,Labs & Research,CL15,Ground Floor,CR425,Tuesday,11,2026-02-13T11:19:00+05:30,4,Low,95.0,43,0,Resolved,4.42,0
CL-10630,ANON-0040,three lab systems freeze during compilation in FF6,Lab Equipment,Labs & Research,CL1,Floor 2,FF6,Thursday,10,2026-02-13T10:51:00+05:30,1,Critical,53.0,44,0,Resolved,5.6,0
CL-10631,ANON-0121,air conditioner stops cooling after noon on Floor 1,Electrical,Hostels,H5 Boys Hostel,Floor 1,CS1,Friday,9,2026-02-13T09:17:00+05:30,3,Medium,54.0,52,0,In Progress,4.69,1
CL-10632,ANON-0191,COMPUTER FAILS TO BOOT DURING PRACTICAL CLASS IN TS17   !!!,Lab Equipment,Labs & Research,ECE Labs,Floor 4,TS17,Tuesday,15,2026-02-13T15:16:00+05:30,4,Low,80.0,72,0,In Progress,4.23,1
CL-10633,ANON-0069,lights flicker repeatedly inside CS1 this happens repeatedly near a water cooler,Electrical,Hostels,A2/1,Floor 4,CS1,Saturday,17,2026-02-13T17:34:00+05:30,4,Low,52.0,87,0,In Progress,2.8,1
CL-10634,ANON-0273,computer fails to boot during practical class in CR425,Lab Equipment,Labs & Research,CL1,Floor 4,CR425,Saturday,16,2026-02-13T16:20:00+05:30,1,Critical,34.0,20,1,In Progress,6.9,0
CL-10635,ANON-0523,water is leaking into the corridor on Floor 2 near a water cooler,Water,General & Utilities,Water cooler,Floor 2,G2,Wednesday,15,2026-02-13T15:43:00+05:30,2,High,46.0,78,0,Resolved,5.32,1
CL-10636,ANON-0160,very weak wifi signal on Floor 2 of CL3 and the room is overcrowded,Network,Library & Study,CL3,Floor 2,CL15,Friday,12,2026-02-13T12:09:00+05:30,4,Low,99.0,46,0,Open,4.71,0
CL-10637,ANON-0153,broken writing desk is blocking the aisle in FF6,Infrastructure,Academic & Teaching,A2/2,Ground Floor,FF6,Friday,10,2026-02-13T10:39:00+05:30,1,Critical,58.0,87,0,Open,5.8,0
CL-10638,ANON-0042,classroom door and several chairs need repair on Ground Floor after a power interruption,Infrastructure,Labs & Research,Aryabhatt Bhawan II,Ground Floor,FF6,Tuesday,18,2026-02-13T18:13:00+05:30,4,Low,76.0,65,0,Open,2.67,0
CL-10639,ANON-0350,waiting time at Cafeteria / Canteen is more than twenty minutes and the room is overcrowded,Electrical,Food,Cafeteria / Canteen,Floor 3,FF6,Thursday,13,2026-02-13T13:53:00+05:30,2,High,90.0,43,1,Verified,6.66,0
CL-10640,ANON-0440,canteen queue is very long at 14:00 with one counter open beside the canteen queue,Canteen,Food,Cafeteria / Canteen,Ground Floor,G2,Friday,14,2026-02-14T14:12:00+05:30,3,Medium,92.0,59,0,Verified,3.91,0
CL-10641,ANON-0327,computer fails to boot during practical class in TS17,Cleanliness,Labs & Research,CL1,Ground Floor,TS17,Wednesday,12,2026-02-14T12:59:00+05:30,1,Critical,22.0,22,1,Escalated,5.01,1
CL-10642,ANON-0045,water is leaking into the corridor on Floor 3,Cleanliness,Hostels,Girls Hostel,Floor 3,CR425,Wednesday,17,2026-02-14T17:40:00+05:30,3,Medium,67.0,56,0,Resolved,5.12,0
CL-10643,ANON-0297,floor near H4 Boys Hostel is dirty and slippery,Cleanliness,General & Utilities,H4 Boys Hostel,Floor 1,CL3,Wednesday,9,2026-02-14T09:14:00+05:30,3,Medium,5.0,47,1,Resolved,4.18,0
CL-10644,ANON-0049,projector hdmi port is loose in FF6,Infrastructure,Labs & Research,Aryabhatt Bhawan II,Floor 2,FF6,Saturday,11,2026-02-14T11:47:00+05:30,2,High,33.0,54,1,Resolved,5.63,0
CL-10645,ANON-0595,food counter is overcrowded between 13:00 and 15:00 after a power interruption,Canteen,Food,Cafeteria / Canteen,Floor 1,G2,Saturday,13,2026-02-14T13:25:00+05:30,3,Medium,60.0,47,0,Resolved,4.4,0
CL-10646,ANON-0262,projector in CL3 switches off after ten minutes while the wifi is also unstable,Infrastructure,Academic & Teaching,Aryabhatt Bhawan II,Floor 4,CL3,Tuesday,16,2026-02-14T16:06:00+05:30,3,Medium,69.0,44,0,Resolved,3.36,0
CL-10647,ANON-0045,washroom near CR425 has not been cleaned today students cannot continue class while the wifi is also unstable,Cleanliness,Academic & Teaching,Aryabhatt Bhawan III,Floor 1,CR425,Tuesday,9,2026-02-14T09:01:00+05:30,4,Low,73.0,49,0,Open,3.84,0
CL-10648,ANON-0196,classroom door and several chairs need repair on Ground Floor please fix urgently,Infrastructure,Academic & Teaching,A2/1,Ground Floor,CL3,Monday,14,2026-02-14T14:52:00+05:30,1,Critical,56.0,56,1,Escalated,6.55,0
CL-10649,ANON-0534,projector in CR425 switches off after ten minutes,Infrastructure,Labs & Research,A2/1,Floor 1,CR425,Thursday,13,2026-02-14T13:01:00+05:30,3,Medium,50.0,51,0,Open,4.47,0
CL-10650,ANON-0225,internet disconnects repeatedly during the lecture in CS1,Network,Library & Study,CL15,Floor 1,CS1,Monday,11,2026-02-14T11:31:00+05:30,1,Critical,59.0,39,1,In Progress,6.49,1
CL-10651,ANON-0468,garbage is overflowing in the corridor on Floor 2,Cleanliness,Academic & Teaching,Aryabhatt Bhawan III,Floor 2,FF6,Wednesday,11,2026-02-14T11:33:00+05:30,2,High,29.0,73,0,Resolved,4.12,1
CL-10652,ANON-0168,water point near Girls Hostel is not operational,Water,General & Utilities,,Floor 4,G2,Thursday,12,2026-02-14T12:42:00+05:30,3,Medium,86.0,53,0,In Progress,6.09,1
CL-10653,ANON-0127,two ceiling fans are not working in TS17,Electrical,Academic & Teaching,H5 Boys Hostel,Floor 3,TS17,Saturday,8,2026-02-14T08:37:00+05:30,3,Medium,64.0,65,0,Resolved,3.66,0
CL-10654,ANON-0012,internet disconnects repeatedly during the lecture in CL3 please fix urgently and the room is overcrowded,Other,Library & Study,CL3,Floor 2,CL3,Monday,10,2026-02-14T10:42:00+05:30,3,Medium,97.0,59,0,Open,5.28,0
CL-10655,ANON-0215,internet disconnects repeatedly during the lecture in CL22,Cleanliness,Labs & Research,CL15,Floor 1,CL22,Friday,10,2026-02-14T10:18:00+05:30,2,High,61.0,51,1,Verified,6.03,1
CL-10656,ANON-0520,very weak wifi signal on Floor 3 of Aryabhatt Bhawan II,Network,Labs & Research,Aryabhatt Bhawan II,Floor 3,G2,Monday,10,2026-02-15T10:33:00+05:30,3,Medium,75.0,50,0,In Progress,3.48,0
CL-10657,ANON-0180,very weak wifi signal on Floor 1 of CL3,Network,Library & Study,CL3,Floor 1,TS17,Tuesday,10,2026-02-15T10:27:00+05:30,3,Medium,100.0,46,1,Verified,5.72,1
CL-10658,ANON-0491,waiting time at Cafeteria / Canteen is more than twenty minutes,Canteen,Food,Cafeteria / Canteen,Floor 4,CR425,Friday,14,2026-02-15T14:40:00+05:30,2,High,79.0,81,0,Resolved,5.16,0
CL-10659,ANON-0589,monitor and keyboard are not detected at workstation in CL22,Lab Equipment,Labs & Research,CL3,Floor 1,CL22,Friday,18,2026-02-15T18:21:00+05:30,2,High,56.0,57,0,Resolved,4.94,1
CL-10660,ANON-0232,garbage is overflowing in the corridor on Floor 4,Cleanliness,Hostels,Aryabhatt Bhawan III,Floor 4,FF6,Tuesday,8,2026-02-15T08:26:00+05:30,4,Low,84.0,50,1,Resolved,4.93,0
CL-10661,ANON-0142,three lab systems freeze during compilation in CL22,Lab Equipment,Labs & Research,ECE Labs,Floor 1,CL22,Saturday,8,2026-02-15T08:18:00+05:30,1,Critical,76.0,37,1,Open,7.83,0
CL-10662,ANON-0580,canteen queue is very long at 12:00 with one counter open,Canteen,Food,Cafeteria / Canteen,Floor 4,CL15,Friday,12,2026-02-15T12:49:00+05:30,3,Medium,94.0,58,0,Escalated,5.87,0
CL-10663,ANON-0205,projector hdmi port is loose in G2,Infrastructure,Labs & Research,CL3,Ground Floor,G2,Monday,11,2026-02-15T11:35:00+05:30,2,High,79.0,59,0,Open,5.85,0
CL-10664,ANON-0188,water is leaking into the corridor on Ground Floor,Water,Sports & Recreation,Water cooler,Ground Floor,CR425,Thursday,12,2026-02-15T12:20:00+05:30,2,High,29.0,96,0,Verified,5.22,1
CL-10665,ANON-0125,projector in CS1 switches off after ten minutes,Infrastructure,Academic & Teaching,A2/1,Floor 2,CS1,Wednesday,17,2026-02-15T17:53:00+05:30,2,High,25.0,54,1,Verified,5.04,1
CL-10666,ANON-0576,projector in CL15 switches off after ten minutes,Infrastructure,Labs & Research,A2/2,Floor 3,CL15,Saturday,14,2026-02-15T14:18:00+05:30,3,Medium,41.0,42,0,Verified,4.22,0
CL-10667,ANON-0218,floor near H4 Boys Hostel is dirty and slippery beside the canteen queue,Cleanliness,Hostels,H4 Boys Hostel,Floor 2,TS17,Monday,12,2026-02-15T12:58:00+05:30,2,High,31.0,39,0,Verified,4.31,1
CL-10668,ANON-0148,broken writing desk is blocking the aisle in CL22 students cannot continue class,Infrastructure,Academic & Teaching,A2/2,Floor 1,CL22,Tuesday,14,2026-02-15T14:35:00+05:30,5,Low,57.0,77,1,Resolved,3.58,0
CL-10669,ANON-0584,floor near Aryabhatt Bhawan III is dirty and slippery,Cleanliness,Hostels,Aryabhatt Bhawan III,Floor 2,G2,Wednesday,10,2026-02-15T10:40:00+05:30,2,High,54.0,52,1,Verified,6.35,0
CL-10670,ANON-0118,computer fails to boot during practical class in CL3 please fix urgently beside the canteen queue,Lab Equipment,Labs & Research,CL3,Floor 2,CL3,Tuesday,11,2026-02-15T11:21:00+05:30,2,High,54.0,82,0,Resolved,4.74,0
CL-10671,ANON-0279,internet disconnects repeatedly during the lecture in G2,Network,Library & Study,LRC,Floor 1,G2,Thursday,11,2026-02-15T11:49:00+05:30,4,Low,69.0,51,1,Verified,5.9,0
CL-10672,ANON-0132,canteen queue is very long at 14:00 with one counter open,Canteen,Food,Cafeteria / Canteen,Floor 3,FF6,Saturday,14,2026-02-16T14:36:00+05:30,3,Medium,68.0,54,0,Verified,5.25,1
CL-10673,ANON-0069,INTERNET DISCONNECTS REPEATEDLY DURING THE LECTURE IN TS17   !!!,Network,Labs & Research,Aryabhatt Bhawan II,Floor 1,TS17,Saturday,11,2026-02-16T11:21:00+05:30,3,Medium,73.0,37,0,In Progress,4.09,0
CL-10674,ANON-0485,lights flicker repeatedly inside CS1,Lab Equipment,Hostels,H5 Boys Hostel,Ground Floor,CS1,Friday,16,2026-02-16T16:34:00+05:30,1,Critical,51.0,51,0,Verified,5.64,1
CL-10675,ANON-0287,floor near Aryabhatt Bhawan III is dirty and slippery near a water cooler,Lab Equipment,Hostels,Aryabhatt Bhawan III,Floor 4,FF6,Monday,11,2026-02-16T11:00:00+05:30,4,Low,35.0,50,0,Verified,4.16,0
CL-10676,ANON-0086,CLASSROOM DOOR AND SEVERAL CHAIRS NEED REPAIR ON FLOOR 3   !!!,Infrastructure,Labs & Research,Aryabhatt Bhawan II,Floor 3,CL3,Tuesday,15,2026-02-16T15:13:00+05:30,3,Medium,47.0,68,1,Resolved,5.51,0
CL-10677,ANON-0432,spill outside FF6 creates a safety hazard,Cleanliness,Hostels,H4 Boys Hostel,Floor 1,FF6,Thursday,17,2026-02-16T17:38:00+05:30,3,Medium,60.0,51,1,Open,4.23,0
CL-10678,ANON-0280,very weak wifi signal on Floor 1 of CL3,Network,Library & Study,CL3,Floor 1,CS1,Saturday,14,2026-02-16T14:53:00+05:30,5,Low,88.0,71,0,Resolved,4.52,0
CL-10679,ANON-0403,student common area is overcrowded after 16:00,Other,General & Utilities,Parking,Floor 3,TS17,Friday,16,2026-02-16T16:00:00+05:30,1,Critical,63.0,48,0,In Progress,6.58,1
CL-10680,ANON-0050,classroom door and several chairs need repair on Floor 1,Infrastructure,Labs & Research,CL3,Floor 1,TS17,Monday,17,2026-02-16T17:46:00+05:30,3,Medium,36.0,70,0,Open,3.88,0
CL-10681,ANON-0515,air conditioner stops cooling after noon on Floor 4 please fix urgently,Electrical,Academic & Teaching,A2/1,Floor 4,TS17,Tuesday,15,2026-02-16T15:00:00+05:30,1,Critical,65.0,51,0,Resolved,6.88,0
CL-10682,ANON-0066,very weak wifi signal on Floor 1 of Aryabhatt Bhawan II,Network,Library & Study,Aryabhatt Bhawan II,Floor 1,TS17,Saturday,9,2026-02-16T09:01:00+05:30,5,Low,88.0,52,1,Resolved,4.79,1
CL-10683,ANON-0085,classroom door and several chairs need repair on Floor 1,Infrastructure,Academic & Teaching,A2/1,Floor 1,CL15,Saturday,13,2026-02-16T13:26:00+05:30,2,High,63.0,53,0,Resolved,4.84,0
CL-10684,ANON-0343,garbage is overflowing in the corridor on Floor 4,Cleanliness,Hostels,Washrooms,Floor 4,FF6,Thursday,15,2026-02-16T15:29:00+05:30,4,Low,83.0,73,1,Resolved,4.98,0
CL-10685,ANON-0497,drinking water cooler near FF6 is empty,Water,Hostels,Swimming Pool,Floor 1,FF6,Thursday,15,2026-02-16T15:29:00+05:30,1,Critical,55.0,79,1,Verified,6.02,0
CL-10686,ANON-0061,parking congestion blocks the entrance near Parking !!!! near a water cooler,Other,Sports & Recreation,Parking,Ground Floor,CS1,Tuesday,15,2026-02-16T15:37:00+05:30,2,High,28.0,68,0,Open,4.33,0
CL-10687,ANON-0544,laboratory equipment reports a calibration error in CL22,Electrical,Labs & Research,CL1,Floor 4,CL22,Saturday,14,2026-02-16T14:12:00+05:30,2,High,46.0,65,0,Escalated,4.56,0
CL-10688,ANON-0410,broken writing desk is blocking the aisle in FF6 students cannot continue class,Infrastructure,Labs & Research,A2/2,Floor 2,FF6,Saturday,9,2026-02-17T09:25:00+05:30,3,Medium,48.0,55,0,Open,3.87,1
CL-10689,ANON-0536,internet disconnects repeatedly during the lecture in CL15,Network,Academic & Teaching,LRC,Floor 3,CL15,Friday,11,2026-02-17T11:05:00+05:30,2,High,61.0,66,1,Escalated,6.36,1
CL-10690,ANON-0390,canteen queue is very long at 14:00 with one counter open,Canteen,Food,Cafeteria / Canteen,Ground Floor,TS17,Thursday,14,2026-02-17T14:33:00+05:30,3,Medium,85.0,46,0,Open,5.9,0
CL-10691,ANON-0296,projector in CL15 switches off after ten minutes students cannot continue class,Infrastructure,Labs & Research,Aryabhatt Bhawan II,Ground Floor,CL15,Wednesday,14,2026-02-17T14:15:00+05:30,2,High,16.0,81,0,In Progress,4.24,1
CL-10692,ANON-0105,internet disconnects repeatedly during the lecture in CR425,Network,Labs & Research,CL15,Ground Floor,CR425,Saturday,12,2026-02-17T12:57:00+05:30,1,Critical,,70,0,Open,6.61,0
CL-10693,ANON-0351,canteen queue is very long at 13:00 with one counter open this happens repeatedly,Canteen,Food,Cafeteria / Canteen,Floor 2,CR425,Monday,13,2026-02-17T13:55:00+05:30,1,Critical,58.0,34,0,In Progress,4.11,0
CL-10694,ANON-0526,laboratory equipment reports a calibration error in CL22 please fix urgently,Lab Equipment,Labs & Research,CL22,Floor 1,CL22,Tuesday,16,2026-02-17T16:22:00+05:30,1,Critical,41.0,73,1,Open,6.65,0
CL-10695,ANON-0110,internet disconnects repeatedly during the lecture in CL15,Network,Academic & Teaching,CL3,Floor 1,CL15,Thursday,11,2026-02-17T11:50:00+05:30,3,Medium,,67,1,Verified,5.43,1
CL-10696,ANON-0172,network authentication fails for students around Aryabhatt Bhawan II,Network,Library & Study,Aryabhatt Bhawan II,Floor 4,CL15,Tuesday,12,2026-02-17T12:47:00+05:30,2,High,,41,0,Resolved,6.4,0
CL-10697,ANON-0409,canteen queue is very long at 13:00 with one counter open,Canteen,Food,Cafeteria / Canteen,Floor 4,TS17,Wednesday,13,2026-02-17T13:22:00+05:30,2,High,73.0,88,0,Verified,5.08,0
CL-10698,ANON-0012,low water pressure reported around Water cooler please fix urgently,Water,General & Utilities,Water cooler,Ground Floor,CR425,Tuesday,8,2026-02-17T08:12:00+05:30,3,Medium,39.0,59,0,Resolved,3.12,0
CL-10699,ANON-0329,water is leaking into the corridor on Ground Floor,Water,General & Utilities,Swimming Pool,Ground Floor,CL15,Friday,8,2026-02-17T08:34:00+05:30,2,High,62.0,63,0,Open,5.19,0
CL-10700,ANON-0534,food counter is overcrowded between 14:00 and 16:00,Canteen,Food,Cafeteria / Canteen,Floor 3,CS1,Friday,14,2026-02-17T14:31:00+05:30,1,Critical,89.0,64,0,Resolved,7.49,0
CL-10701,ANON-0256,classroom door and several chairs need repair on Ground Floor,Infrastructure,Academic & Teaching,A2/2,Ground Floor,CS1,Monday,13,2026-02-17T13:24:00+05:30,4,Low,55.0,62,0,Resolved,4.02,0
CL-10702,ANON-0559,low water pressure reported around Water cooler,Water,Hostels,Water cooler,Floor 1,CL15,Friday,8,2026-02-17T08:01:00+05:30,4,Low,47.0,48,0,Resolved,3.11,0
CL-10703,ANON-0504,broken writing desk is blocking the aisle in CL22,Infrastructure,Labs & Research,CL3,Ground Floor,CL22,Saturday,16,2026-02-17T16:04:00+05:30,4,Low,65.0,46,0,Resolved,2.41,0
CL-10704,ANON-0475,billing queue reaches the stairwell near Cafeteria / Canteen,Canteen,Food,Cafeteria / Canteen,Floor 2,FF6,Thursday,13,2026-02-18T13:47:00+05:30,3,Medium,61.0,61,0,In Progress,3.94,1
CL-10705,ANON-0151,network authentication fails for students around CL15,Network,Library & Study,CL15,Floor 4,CL15,Saturday,12,2026-02-18T12:58:00+05:30,4,Low,76.0,36,0,Verified,3.5,1
CL-10706,ANON-0091,three lab systems freeze during compilation in G2,Lab Equipment,Labs & Research,ECE Labs,Floor 2,G2,Saturday,14,2026-02-18T14:41:00+05:30,2,High,37.0,20,1,Open,4.37,0
CL-10707,ANON-0110,very weak wifi signal on Floor 4 of CL15,Network,Labs & Research,CL15,Floor 4,G2,Monday,12,2026-02-18T12:38:00+05:30,1,Critical,56.0,20,0,Resolved,6.72,0
CL-10708,ANON-0151,canteen queue is very long at 12:00 with one counter open !!!!,Canteen,Food,Annapurna / Main Mess,Floor 1,G2,Saturday,12,2026-02-18T12:00:00+05:30,3,Medium,91.0,71,0,Resolved,5.53,1
CL-10709,ANON-0042,internet disconnects repeatedly during the lecture in G2,Network,Academic & Teaching,Aryabhatt Bhawan II,Floor 3,G2,Monday,14,2026-02-18T14:18:00+05:30,4,Low,87.0,45,0,In Progress,4.64,0
CL-10710,ANON-0341,waiting time at Cafeteria / Canteen is more than twenty minutes near a water cooler,Canteen,Food,Cafeteria / Canteen,Floor 2,TS17,Wednesday,14,2026-02-18T14:12:00+05:30,4,Low,70.0,74,0,Verified,4.15,1
CL-10711,ANON-0051,network authentication fails for students around CL15 while the wifi is also unstable,Network,Labs & Research,CL15,Floor 2,CL15,Thursday,12,2026-02-18T12:51:00+05:30,2,High,75.0,43,0,Verified,4.33,1
CL-10712,ANON-0109,wifi becomes extremely slow near CS1 between 9:00 and 11:00 students cannot continue class,Network,Library & Study,CL15,Floor 4,CS1,Monday,9,2026-02-18T09:26:00+05:30,4,Low,63.0,35,0,Resolved,3.42,1
CL-10713,ANON-0381,classroom door and several chairs need repair on Ground Floor,Infrastructure,Academic & Teaching,A2/1,Ground Floor,TS17,Wednesday,12,2026-02-18T12:11:00+05:30,4,Low,41.0,66,1,In Progress,4.66,1
CL-10714,ANON-0520,classroom door and several chairs need repair on Floor 2 while the wifi is also unstable,Infrastructure,Labs & Research,A2/2,Floor 2,CL15,Tuesday,17,2026-02-18T17:18:00+05:30,3,Medium,19.0,36,0,Resolved,4.1,1
CL-10715,ANON-0145,internet disconnects repeatedly during the lecture in CL3,Network,Academic & Teaching,Aryabhatt Bhawan II,Floor 3,CL3,Saturday,14,2026-02-18T14:26:00+05:30,1,Critical,100.0,59,0,In Progress,6.03,0
CL-10716,ANON-0456,projector hdmi port is loose in TS17,Infrastructure,Labs & Research,CL3,Floor 3,TS17,Monday,16,2026-02-18T16:20:00+05:30,2,High,54.0,51,0,Open,5.32,0
CL-10717,ANON-0291,very weak wifi signal on Floor 3 of CL15,Network,Academic & Teaching,CL15,Floor 3,CL3,Saturday,11,2026-02-18T11:49:00+05:30,5,Low,78.0,55,1,Escalated,4.24,0
CL-10718,ANON-0175,washroom near CL22 has not been cleaned today,Cleanliness,Academic & Teaching,Aryabhatt Bhawan III,Floor 2,CL22,Friday,13,2026-02-18T13:38:00+05:30,3,Medium,66.0,75,0,Resolved,4.61,0
CL-10719,ANON-0554,washroom near CL22 has not been cleaned today students cannot continue class,Cleanliness,Academic & Teaching,Aryabhatt Bhawan III,Floor 3,CL22,Tuesday,8,2026-02-18T08:30:00+05:30,3,Medium,99.0,51,1,In Progress,5.2,1
CL-10720,ANON-0474,billing queue reaches the stairwell near Cafeteria / Canteen,Canteen,Food,Cafeteria / Canteen,Floor 2,CL22,Wednesday,13,2026-02-19T13:43:00+05:30,3,Medium,68.0,59,0,Open,4.27,0
CL-10721,ANON-0472,classroom door and several chairs need repair on Ground Floor near a water cooler,Infrastructure,Academic & Teaching,CL3,Ground Floor,CS1,Thursday,11,2026-02-19T11:18:00+05:30,5,Low,79.0,37,1,Resolved,4.35,0
CL-10722,ANON-0392,projector hdmi port is loose in CL3 students cannot continue class,Infrastructure,Academic & Teaching,A2/1,Ground Floor,CL3,Wednesday,13,2026-02-19T13:05:00+05:30,2,High,78.0,54,1,Resolved,7.18,0
CL-10723,ANON-0299,very weak wifi signal on Floor 2 of Aryabhatt Bhawan II,Network,Library & Study,Aryabhatt Bhawan II,Floor 2,CL22,Monday,10,2026-02-19T10:12:00+05:30,3,Medium,84.0,57,0,In Progress,5.37,0
CL-10724,ANON-0565,very weak wifi signal on Floor 1 of CL15 please fix urgently,Network,Labs & Research,CL15,Floor 1,CS1,Friday,11,2026-02-19T11:31:00+05:30,2,High,66.0,47,1,Verified,5.74,0
CL-10725,ANON-0039,monitor and keyboard are not detected at workstation in CR425,Lab Equipment,Labs & Research,CL1,Floor 2,CR425,Wednesday,11,2026-02-19T11:46:00+05:30,2,High,,68,0,Escalated,4.72,0
CL-10726,ANON-0562,broken writing desk is blocking the aisle in CL22,Infrastructure,Labs & Research,A2/1,Floor 1,CL22,Saturday,14,2026-02-19T14:06:00+05:30,3,Medium,100.0,43,0,Open,5.77,0
CL-10727,ANON-0119,spill outside CS1 creates a safety hazard and the room is overcrowded,Cleanliness,Academic & Teaching,Aryabhatt Bhawan III,Floor 2,CS1,Monday,12,2026-02-19T12:17:00+05:30,3,Medium,69.0,72,0,Resolved,4.67,0
CL-10728,ANON-0569,projector hdmi port is loose in CL22,Infrastructure,Labs & Research,A2/2,Floor 3,CL22,Wednesday,13,2026-02-19T13:36:00+05:30,1,Critical,38.0,79,1,Verified,6.04,0
CL-10729,ANON-0384,air conditioner stops cooling after noon on Floor 3 while the wifi is also unstable,Electrical,Labs & Research,A2/1,Floor 3,CL3,Thursday,15,2026-02-19T15:39:00+05:30,3,Medium,38.0,73,0,Resolved,4.32,0
CL-10730,ANON-0391,wifi becomes extremely slow near CL3 between 9:00 and 11:00,Network,Library & Study,Aryabhatt Bhawan II,Floor 1,CL3,Saturday,9,2026-02-19T09:45:00+05:30,2,High,84.0,59,1,In Progress,6.91,0
CL-10731,ANON-0584,laboratory equipment reports a calibration error in FF6,Lab Equipment,Labs & Research,CL22,Ground Floor,FF6,Friday,9,2026-02-19T09:15:00+05:30,1,Critical,52.0,66,1,Verified,6.54,1
CL-10732,ANON-0338,PROJECTOR IN G2 SWITCHES OFF AFTER TEN MINUTES THIS HAPPENS REPEATEDLY WHILE THE WIFI IS ALSO UNSTABLE   !!!,Infrastructure,Labs & Research,Aryabhatt Bhawan II,Floor 3,G2,Tuesday,13,2026-02-19T13:19:00+05:30,1,Critical,66.0,47,1,Verified,6.25,0
CL-10733,ANON-0223,floor near H4 Boys Hostel is dirty and slippery,Cleanliness,Academic & Teaching,H4 Boys Hostel,Floor 4,CR425,Wednesday,17,2026-02-19T17:48:00+05:30,2,High,36.0,42,0,In Progress,5.21,0
CL-10734,ANON-0510,waiting time at Cafeteria / Canteen is more than twenty minutes,Canteen,Food,Cafeteria / Canteen,Floor 1,CR425,Thursday,13,2026-02-19T13:57:00+05:30,2,High,100.0,43,0,Resolved,6.29,1
CL-10735,ANON-0156,two ceiling fans are not working in CL3,Other,Labs & Research,A2/1,Floor 4,CL3,Monday,16,2026-02-19T16:36:00+05:30,4,Low,23.0,66,0,Verified,2.72,0
CL-10736,ANON-0063,three lab systems freeze during compilation in G2 this happens repeatedly,Lab Equipment,Labs & Research,CL3,Ground Floor,G2,Friday,16,2026-02-20T16:17:00+05:30,3,Medium,72.0,35,1,Escalated,5.95,0
CL-10737,ANON-0528,three lab systems freeze during compilation in CL22 students cannot continue class,Lab Equipment,Labs & Research,,Floor 4,CL22,Wednesday,10,2026-02-20T10:38:00+05:30,2,High,71.0,66,1,Open,6.49,1
CL-10738,ANON-0277,wifi becomes extremely slow near CL22 between 12:00 and 14:00 !!!!,Network,Academic & Teaching,LRC,Floor 1,CL22,Tuesday,12,2026-02-20T12:31:00+05:30,2,High,100.0,56,0,Resolved,5.85,1
CL-10739,ANON-0262,billing queue reaches the stairwell near Annapurna / Main Mess,Canteen,Food,Annapurna / Main Mess,Floor 1,CL22,Saturday,14,2026-02-20T14:41:00+05:30,4,Low,99.0,60,0,Verified,2.95,0
CL-10740,ANON-0518,broken writing desk is blocking the aisle in CR425 this happens repeatedly,Infrastructure,Labs & Research,A2/2,Floor 4,CR425,Thursday,11,2026-02-20T11:05:00+05:30,4,Low,43.0,27,1,Resolved,4.18,0
CL-10741,ANON-0396,classroom door and several chairs need repair on Ground Floor !!!!,Infrastructure,Labs & Research,CL3,Ground Floor,CS1,Saturday,12,2026-02-20T12:51:00+05:30,3,Medium,64.0,56,1,In Progress,5.41,0
CL-10742,ANON-0508,monitor and keyboard are not detected at workstation in CL22,Lab Equipment,Labs & Research,CL22,Floor 3,CL22,Tuesday,14,2026-02-20T14:56:00+05:30,1,Critical,48.0,80,0,In Progress,5.85,0
CL-10743,ANON-0373,low water pressure reported around Swimming Pool,Water,General & Utilities,Swimming Pool,Floor 3,CS1,Monday,9,2026-02-20T09:20:00+05:30,3,Medium,66.0,87,0,Escalated,3.76,0
CL-10744,ANON-0229,classroom door and several chairs need repair on Floor 4,Infrastructure,Labs & Research,CL3,Floor 4,CL15,Tuesday,12,2026-02-20T12:49:00+05:30,3,Medium,72.0,64,0,Resolved,3.97,1
CL-10745,ANON-0050,monitor and keyboard are not detected at workstation in FF6,Lab Equipment,Labs & Research,CL3,Floor 2,FF6,Saturday,10,2026-02-20T10:57:00+05:30,3,Medium,48.0,32,1,Open,6.79,0
CL-10746,ANON-0575,monitor and keyboard are not detected at workstation in CR425 while the wifi is also unstable,Lab Equipment,Labs & Research,,Floor 4,CR425,Friday,11,2026-02-20T11:20:00+05:30,2,High,79.0,76,1,In Progress,5.94,0
CL-10747,ANON-0396,signage is missing for G2 on Floor 4,Other,Administration,Administration Block,Floor 4,G2,Friday,8,2026-02-20T08:39:00+05:30,2,High,50.0,25,0,Open,4.25,0
CL-10748,ANON-0340,projector hdmi port is loose in CS1,Infrastructure,Labs & Research,Aryabhatt Bhawan II,Floor 1,CS1,Saturday,18,2026-02-20T18:28:00+05:30,3,Medium,44.0,20,0,Resolved,3.72,1
CL-10749,ANON-0586,very weak wifi signal on Ground Floor of CL15,Network,Labs & Research,CL15,Ground Floor,G2,Saturday,10,2026-02-20T10:30:00+05:30,2,High,78.0,46,0,Verified,6.18,0
CL-10750,ANON-0429,monitor and keyboard are not detected at workstation in CR425,Lab Equipment,Labs & Research,ECE Labs,Floor 1,CR425,Saturday,16,2026-02-20T16:52:00+05:30,2,High,62.0,67,0,Verified,5.48,0
CL-10751,ANON-0223,canteen queue is very long at 12:00 with one counter open and the room is overcrowded,Canteen,Food,Annapurna / Main Mess,Floor 4,CL15,Monday,12,2026-02-20T12:18:00+05:30,2,High,100.0,66,0,Open,5.53,0
CL-10752,ANON-0394,washroom near CL15 has not been cleaned today and the room is overcrowded,Cleanliness,General & Utilities,Washrooms,Floor 1,CL15,Thursday,16,2026-02-21T16:26:00+05:30,4,Low,62.0,56,0,Escalated,4.29,0
CL-10753,ANON-0322,network authentication fails for students around CL15,Network,Labs & Research,CL15,Floor 1,CL15,Saturday,10,2026-02-21T10:40:00+05:30,2,High,99.0,57,0,Open,4.81,0
CL-10754,ANON-0151,projector hdmi port is loose in FF6,Infrastructure,Labs & Research,A2/2,Floor 2,FF6,Saturday,8,2026-02-21T08:02:00+05:30,2,High,25.0,58,0,In Progress,4.62,0
CL-10755,ANON-0578,drinking water cooler near G2 is empty,Water,Hostels,Girls Hostel,Floor 1,G2,Wednesday,16,2026-02-21T16:40:00+05:30,3,Medium,52.0,47,0,Escalated,4.85,1
CL-10756,ANON-0061,projector hdmi port is loose in TS17 !!!!,Infrastructure,Academic & Teaching,A2/2,Floor 3,TS17,Monday,15,2026-02-21T15:10:00+05:30,2,High,58.0,59,0,Resolved,5.56,0
CL-10757,ANON-0221,wifi becomes extremely slow near CL15 between 11:00 and 13:00 this happens repeatedly,Network,Labs & Research,CL15,Floor 3,CL15,Tuesday,11,2026-02-21T11:33:00+05:30,2,High,59.0,58,0,In Progress,5.18,0
CL-10758,ANON-0313,garbage is overflowing in the corridor on Floor 1 students cannot continue class beside the canteen queue,Lab Equipment,Hostels,Washrooms,Floor 1,CL3,Saturday,16,2026-02-21T16:38:00+05:30,2,High,46.0,43,0,In Progress,4.94,0
CL-10759,ANON-0149,projector in CS1 switches off after ten minutes while the wifi is also unstable,Infrastructure,Academic & Teaching,CL3,Floor 1,CS1,Saturday,13,2026-02-21T13:38:00+05:30,1,Critical,60.0,52,1,Verified,6.61,1
CL-10760,ANON-0162,three lab systems freeze during compilation in FF6 please fix urgently,Lab Equipment,Labs & Research,CL15,Floor 3,FF6,Friday,12,2026-02-21T12:41:00+05:30,4,Low,37.0,73,1,In Progress,3.62,0
CL-10761,ANON-0389,monitor and keyboard are not detected at workstation in CR425 beside the canteen queue,Lab Equipment,Labs & Research,CL22,Floor 3,CR425,Thursday,16,2026-02-21T16:51:00+05:30,2,High,70.0,36,0,Open,4.74,0
CL-10762,ANON-0566,projector in CS1 switches off after ten minutes beside the canteen queue,Infrastructure,Labs & Research,A2/1,Floor 4,CS1,Friday,18,2026-02-21T18:20:00+05:30,1,Critical,74.0,45,0,Open,5.4,0
CL-10763,ANON-0301,low water pressure reported around Girls Hostel students cannot continue class,Water,Hostels,Girls Hostel,Floor 4,TS17,Thursday,13,2026-02-21T13:42:00+05:30,1,Critical,21.0,87,0,Resolved,4.69,0
CL-10764,ANON-0114,washroom near CS1 has not been cleaned today,Cleanliness,Hostels,Aryabhatt Bhawan III,Floor 1,CS1,Wednesday,17,2026-02-21T17:34:00+05:30,2,High,68.0,89,0,Resolved,5.57,0
CL-10765,ANON-0261,spill outside CL22 creates a safety hazard,Cleanliness,General & Utilities,Washrooms,Ground Floor,CL22,Saturday,8,2026-02-21T08:02:00+05:30,4,Low,23.0,24,0,In Progress,2.67,0
CL-10766,ANON-0349,internet disconnects repeatedly during the lecture in CL15 beside the canteen queue,Network,Library & Study,CL15,Ground Floor,CL15,Wednesday,10,2026-02-21T10:34:00+05:30,2,High,81.0,59,0,In Progress,5.57,0
CL-10767,ANON-0163,very weak wifi signal on Floor 4 of Aryabhatt Bhawan II,Network,Labs & Research,Aryabhatt Bhawan II,Floor 4,CS1,Monday,10,2026-02-21T10:30:00+05:30,2,High,100.0,73,0,Open,4.51,0
CL-10768,ANON-0432,network authentication fails for students around Aryabhatt Bhawan II,Network,Academic & Teaching,Aryabhatt Bhawan II,Floor 4,FF6,Thursday,11,2026-02-22T11:16:00+05:30,3,Medium,55.0,96,0,Resolved,4.78,0
CL-10769,ANON-0232,projector hdmi port is loose in G2,Infrastructure,Academic & Teaching,A2/2,Ground Floor,G2,Thursday,17,2026-02-22T17:46:00+05:30,3,Medium,44.0,67,1,In Progress,5.36,1
CL-10770,ANON-0182,wifi becomes extremely slow near CL22 between 14:00 and 16:00,Network,Academic & Teaching,CL15,Floor 3,CL22,Monday,14,2026-02-22T14:08:00+05:30,2,High,78.0,37,1,Resolved,4.93,0
CL-10771,ANON-0015,broken writing desk is blocking the aisle in FF6,Infrastructure,Labs & Research,Aryabhatt Bhawan II,Floor 2,FF6,Wednesday,12,2026-02-22T12:42:00+05:30,4,Low,62.0,26,0,Verified,3.81,1
CL-10772,ANON-0084,water is leaking into the corridor on Floor 1 after a power interruption,Water,General & Utilities,Swimming Pool,Floor 1,FF6,Saturday,8,2026-02-22T08:10:00+05:30,4,Low,74.0,96,0,In Progress,4.52,0
CL-10773,ANON-0482,network authentication fails for students around CL3,Network,Library & Study,CL3,Floor 4,CS1,Tuesday,10,2026-02-22T10:55:00+05:30,2,High,86.0,61,1,Resolved,7.06,0
CL-10774,ANON-0516,air conditioner stops cooling after noon on Floor 3 near a water cooler,Electrical,Hostels,A2/1,Floor 3,CL3,Saturday,12,2026-02-22T12:59:00+05:30,5,Low,65.0,35,0,Resolved,2.22,1
CL-10775,ANON-0585,laboratory equipment reports a calibration error in CL3,Lab Equipment,Labs & Research,CL15,Ground Floor,CL3,Thursday,13,2026-02-22T13:03:00+05:30,3,Medium,91.0,35,0,Verified,4.88,0
CL-10776,ANON-0345,wifi becomes extremely slow near CS1 between 10:00 and 12:00,Infrastructure,Library & Study,CL15,Ground Floor,CS1,Friday,10,2026-02-22T10:03:00+05:30,3,Medium,95.0,45,1,Open,5.8,0
CL-10777,ANON-0311,wifi becomes extremely slow near CL3 between 10:00 and 12:00 beside the canteen queue,Network,Labs & Research,CL15,Floor 3,CL3,Thursday,10,2026-02-22T10:37:00+05:30,4,Low,67.0,43,0,Verified,3.29,0
CL-10778,ANON-0419,washroom near CL3 has not been cleaned today,Cleanliness,Academic & Teaching,Aryabhatt Bhawan III,Floor 1,CL3,Monday,17,2026-02-22T17:57:00+05:30,2,High,78.0,75,0,In Progress,4.8,0
CL-10779,ANON-0263,spill outside CS1 creates a safety hazard,Cleanliness,Academic & Teaching,Washrooms,Floor 3,CS1,Wednesday,8,2026-02-22T08:51:00+05:30,3,Medium,44.0,75,0,In Progress,3.97,1
CL-10780,ANON-0244,washroom near CL22 has not been cleaned today after a power interruption,Cleanliness,General & Utilities,H4 Boys Hostel,Floor 1,CL22,Thursday,10,2026-02-22T10:11:00+05:30,1,Critical,53.0,27,0,In Progress,5.5,0
CL-10781,ANON-0578,low water pressure reported around Girls Hostel,Network,General & Utilities,Girls Hostel,Ground Floor,CL3,Saturday,16,2026-02-22T16:02:00+05:30,3,Medium,61.0,71,1,Open,5.72,1
CL-10782,ANON-0464,monitor and keyboard are not detected at workstation in TS17,Lab Equipment,Labs & Research,CL1,Ground Floor,TS17,Wednesday,12,2026-02-22T12:53:00+05:30,1,Critical,12.0,43,1,In Progress,6.08,0
CL-10783,ANON-0506,water point near Swimming Pool is not operational,Water,Hostels,Swimming Pool,Floor 2,CL3,Thursday,13,2026-02-22T13:51:00+05:30,2,High,73.0,69,1,In Progress,6.45,0
CL-10784,ANON-0540,student common area is overcrowded after 13:00 after a power interruption,Other,General & Utilities,Auditorium,Floor 3,CR425,Saturday,13,2026-02-23T13:33:00+05:30,2,High,52.0,47,0,In Progress,5.93,0
CL-10785,ANON-0412,broken writing desk is blocking the aisle in FF6 students cannot continue class,Infrastructure,Labs & Research,CL3,Ground Floor,FF6,Friday,16,2026-02-23T16:33:00+05:30,1,Critical,53.0,41,0,Open,6.16,0
CL-10786,ANON-0508,two ceiling fans are not working in G2 !!!!,Electrical,Labs & Research,CL22,Floor 3,G2,Saturday,16,2026-02-23T16:46:00+05:30,2,High,74.0,82,1,Verified,5.66,0
CL-10787,ANON-0123,spill outside CL3 creates a safety hazard,Cleanliness,General & Utilities,Aryabhatt Bhawan III,Floor 2,CL3,Wednesday,17,2026-02-23T17:22:00+05:30,4,Low,37.0,36,0,In Progress,2.33,0
CL-10788,ANON-0457,washroom near CL3 has not been cleaned today,Cleanliness,Academic & Teaching,Washrooms,Floor 3,CL3,Tuesday,8,2026-02-23T08:11:00+05:30,1,Critical,67.0,83,0,Resolved,6.14,0
CL-10789,ANON-0024,broken writing desk is blocking the aisle in CR425 after a power interruption,Infrastructure,Labs & Research,CL3,Floor 3,CR425,Wednesday,16,2026-02-23T16:16:00+05:30,2,High,44.0,67,1,Verified,4.23,0
CL-10790,ANON-0407,wifi becomes extremely slow near CR425 between 12:00 and 14:00,Cleanliness,Library & Study,CL15,Ground Floor,CR425,Saturday,12,2026-02-23T12:01:00+05:30,4,Low,89.0,39,0,In Progress,4.38,0
CL-10791,ANON-0322,laboratory equipment reports a calibration error in CL3 after a power interruption,Lab Equipment,Labs & Research,CL1,Floor 2,CL3,Monday,10,2026-02-23T10:42:00+05:30,2,High,54.0,71,0,Open,5.21,0
CL-10792,ANON-0247,projector in CS1 switches off after ten minutes while the wifi is also unstable,Infrastructure,Labs & Research,Aryabhatt Bhawan II,Floor 4,CS1,Thursday,9,2026-02-23T09:21:00+05:30,1,Critical,49.0,41,0,Verified,6.1,0
CL-10793,ANON-0076,network authentication fails for students around Aryabhatt Bhawan II,Network,Library & Study,Aryabhatt Bhawan II,Floor 2,CL22,Friday,12,2026-02-23T12:01:00+05:30,1,Critical,75.0,57,0,In Progress,6.37,0
CL-10794,ANON-0527,billing queue reaches the stairwell near Cafeteria / Canteen,Canteen,Food,Cafeteria / Canteen,Floor 2,FF6,Thursday,13,2026-02-23T13:27:00+05:30,2,High,100.0,50,0,Open,5.51,0
CL-10795,ANON-0597,canteen queue is very long at 13:00 with one counter open please fix urgently,Canteen,Food,Annapurna / Main Mess,Floor 3,CS1,Tuesday,13,2026-02-23T13:17:00+05:30,3,Medium,66.0,61,0,In Progress,4.3,0
CL-10796,ANON-0536,water is leaking into the corridor on Floor 1 students cannot continue class,Water,Hostels,Swimming Pool,Floor 1,CL22,Saturday,13,2026-02-23T13:53:00+05:30,3,Medium,63.0,75,0,Resolved,3.94,1
CL-10797,ANON-0488,broken writing desk is blocking the aisle in FF6,Infrastructure,Labs & Research,A2/1,Floor 1,FF6,Monday,9,2026-02-23T09:48:00+05:30,3,Medium,54.0,66,0,Open,4.4,0
CL-10798,ANON-0211,drinking water cooler near CS1 is empty,Water,Hostels,Girls Hostel,Ground Floor,CS1,Saturday,10,2026-02-23T10:28:00+05:30,1,Critical,72.0,65,1,Verified,7.37,0
CL-10799,ANON-0393,projector in TS17 switches off after ten minutes,Infrastructure,Labs & Research,A2/2,Ground Floor,TS17,Tuesday,17,2026-02-23T17:56:00+05:30,4,Low,68.0,54,0,Open,4.54,0
CL-10800,ANON-0200,waiting time at Annapurna / Main Mess is more than twenty minutes,Canteen,Food,Annapurna / Main Mess,Floor 2,G2,Monday,13,2026-02-24T13:45:00+05:30,2,High,61.0,34,0,In Progress,5.34,0
CL-10801,ANON-0555,classroom door and several chairs need repair on Floor 2 and the room is overcrowded,Infrastructure,Academic & Teaching,CL3,Floor 2,CR425,Tuesday,10,2026-02-24T10:40:00+05:30,1,Critical,50.0,64,0,Open,5.8,1
CL-10802,ANON-0596,internet disconnects repeatedly during the lecture in FF6,Network,Academic & Teaching,CL15,Floor 2,FF6,Saturday,12,2026-02-24T12:27:00+05:30,1,Critical,48.0,58,1,Open,6.16,0
CL-10803,ANON-0388,food counter is overcrowded between 13:00 and 15:00 please fix urgently,Canteen,Food,Cafeteria / Canteen,Ground Floor,CS1,Thursday,13,2026-02-24T13:36:00+05:30,1,Critical,85.0,36,0,Open,6.49,0
CL-10804,ANON-0386,computer fails to boot during practical class in CL15 students cannot continue class,Lab Equipment,Labs & Research,CL22,Floor 3,CL15,Friday,18,2026-02-24T18:52:00+05:30,1,Critical,48.0,60,0,Verified,5.61,1
CL-10805,ANON-0367,two ceiling fans are not working in CL22,Electrical,Hostels,A2/1,Floor 4,CL22,Wednesday,11,2026-02-24T11:34:00+05:30,4,Low,45.0,45,0,Escalated,2.66,1
CL-10806,ANON-0215,MONITOR AND KEYBOARD ARE NOT DETECTED AT WORKSTATION IN CL15   !!!,Lab Equipment,Labs & Research,CL3,Floor 4,CL15,Tuesday,14,2026-02-24T14:51:00+05:30,2,High,59.0,28,1,In Progress,5.38,0
CL-10807,ANON-0068,projector hdmi port is loose in CS1,Infrastructure,Labs & Research,CL3,Floor 1,CS1,Monday,18,2026-02-24T18:34:00+05:30,3,Medium,73.0,57,1,Verified,6.14,1
CL-10808,ANON-0041,very weak wifi signal on Ground Floor of CL15,Network,Academic & Teaching,CL15,Ground Floor,CS1,Friday,9,2026-02-24T09:42:00+05:30,2,High,92.0,48,0,In Progress,4.41,0
CL-10809,ANON-0319,broken writing desk is blocking the aisle in G2 near a water cooler,Infrastructure,Labs & Research,A2/2,Ground Floor,G2,Tuesday,14,2026-02-24T14:52:00+05:30,3,Medium,50.0,75,0,Open,4.43,1
CL-10810,ANON-0522,billing queue reaches the stairwell near Annapurna / Main Mess,Canteen,Food,Annapurna / Main Mess,Floor 4,TS17,Saturday,13,2026-02-24T13:34:00+05:30,4,Low,94.0,20,0,Verified,4.05,0
CL-10811,ANON-0078,washroom near CL3 has not been cleaned today,Cleanliness,General & Utilities,H4 Boys Hostel,Ground Floor,CL3,Thursday,13,2026-02-24T13:23:00+05:30,5,Low,32.0,85,1,In Progress,3.79,0
CL-10812,ANON-0135,wifi becomes extremely slow near CL3 between 12:00 and 14:00,Network,Library & Study,CL3,Floor 3,CL3,Thursday,12,2026-02-24T12:06:00+05:30,3,Medium,91.0,37,0,In Progress,4.04,0
CL-10813,ANON-0508,internet disconnects repeatedly during the lecture in CL3 and the room is overcrowded,Network,Library & Study,CL3,Floor 3,CL3,Thursday,14,2026-02-24T14:24:00+05:30,1,Critical,92.0,36,0,In Progress,5.89,0
CL-10814,ANON-0246,canteen queue is very long at 13:00 with one counter open,Canteen,Food,Annapurna / Main Mess,Floor 1,CR425,Thursday,13,2026-02-24T13:35:00+05:30,5,Low,98.0,48,0,Open,3.0,1
CL-10815,ANON-0278,water is leaking into the corridor on Floor 3,Water,Sports & Recreation,Girls Hostel,Floor 3,CL15,Tuesday,17,2026-02-24T17:18:00+05:30,3,Medium,49.0,74,0,Verified,3.96,0
CL-10816,ANON-0015,internet disconnects repeatedly during the lecture in FF6 after a power interruption,Network,Library & Study,CL3,Floor 1,FF6,Saturday,10,2026-02-25T10:28:00+05:30,3,Medium,67.0,32,1,Resolved,6.21,0
CL-10817,ANON-0188,water is leaking into the corridor on Floor 2,Water,General & Utilities,Water cooler,Floor 2,TS17,Friday,16,2026-02-25T16:28:00+05:30,2,High,49.0,77,0,Open,4.84,0
CL-10818,ANON-0255,two ceiling fans are not working in CL22 near a water cooler,Electrical,Academic & Teaching,H5 Boys Hostel,Ground Floor,CL22,Thursday,11,2026-02-25T11:52:00+05:30,4,Low,36.0,88,0,Resolved,3.3,1
CL-10819,ANON-0114,air conditioner stops cooling after noon on Floor 4,Electrical,Hostels,H5 Boys Hostel,Floor 4,TS17,Thursday,11,2026-02-25T11:46:00+05:30,3,Medium,40.0,81,0,Resolved,5.28,1
CL-10820,ANON-0128,network authentication fails for students around CL15,Network,Labs & Research,CL15,Ground Floor,FF6,Tuesday,9,2026-02-25T09:03:00+05:30,2,High,56.0,66,0,Resolved,5.39,0
CL-10821,ANON-0411,network authentication fails for students around CL3 near a water cooler,Network,Library & Study,CL3,Floor 3,FF6,Monday,9,2026-02-25T09:06:00+05:30,4,Low,74.0,65,1,Escalated,4.77,0
CL-10822,ANON-0498,network authentication fails for students around Aryabhatt Bhawan II,Network,Library & Study,Aryabhatt Bhawan II,Floor 1,CL22,Saturday,9,2026-02-25T09:09:00+05:30,2,High,,76,0,In Progress,5.31,0
CL-10823,ANON-0141,washroom near TS17 has not been cleaned today this happens repeatedly,Cleanliness,Academic & Teaching,Aryabhatt Bhawan III,Floor 3,TS17,Saturday,15,2026-02-25T15:40:00+05:30,1,Critical,50.0,64,0,Open,6.04,0
CL-10824,ANON-0358,very weak wifi signal on Floor 1 of LRC !!!!,Other,Library & Study,LRC,Floor 1,CL22,Friday,9,2026-02-25T09:27:00+05:30,1,Critical,55.0,54,0,Verified,5.57,1
CL-10825,ANON-0541,garbage is overflowing in the corridor on Floor 3,Cleanliness,Academic & Teaching,,Floor 3,CS1,Monday,11,2026-02-25T11:17:00+05:30,1,Critical,71.0,70,0,Escalated,5.71,0
CL-10826,ANON-0298,floor near Washrooms is dirty and slippery !!!!,Cleanliness,General & Utilities,Washrooms,Floor 4,G2,Saturday,8,2026-02-25T08:38:00+05:30,3,Medium,36.0,45,0,Open,3.64,0
CL-10827,ANON-0167,student common area is overcrowded after 17:00,Other,Sports & Recreation,Main Gate,Floor 4,TS17,Thursday,17,2026-02-25T17:19:00+05:30,2,High,64.0,87,1,Verified,7.42,0
CL-10828,ANON-0491,projector in CL3 switches off after ten minutes,Infrastructure,Labs & Research,Aryabhatt Bhawan II,Floor 4,CL3,Wednesday,18,2026-02-25T18:00:00+05:30,2,High,33.0,35,0,In Progress,4.37,1
CL-10829,ANON-0489,monitor and keyboard are not detected at workstation in TS17,Lab Equipment,Labs & Research,CL15,Floor 1,TS17,Tuesday,17,2026-02-25T17:26:00+05:30,3,Medium,52.0,79,1,Resolved,5.64,0
CL-10830,ANON-0052,air conditioner stops cooling after noon on Floor 2,Electrical,Hostels,A2/1,Floor 2,G2,Tuesday,11,2026-02-25T11:06:00+05:30,3,Medium,25.0,57,1,In Progress,5.41,0
CL-10831,ANON-0480,power socket near the desk is unsafe in FF6,Electrical,Academic & Teaching,CL22,Floor 4,FF6,Friday,8,2026-02-25T08:58:00+05:30,3,Medium,53.0,79,0,Resolved,3.77,1
CL-10832,ANON-0440,WAITING TIME AT ANNAPURNA / MAIN MESS IS MORE THAN TWENTY MINUTES BESIDE THE CANTEEN QUEUE   !!!,Canteen,Food,Annapurna / Main Mess,Floor 3,FF6,Wednesday,12,2026-02-26T12:01:00+05:30,2,High,100.0,76,0,Verified,6.75,0
CL-10833,ANON-0142,projector in FF6 switches off after ten minutes,Infrastructure,Academic & Teaching,CL3,Floor 1,FF6,Saturday,17,2026-02-26T17:03:00+05:30,2,High,39.0,68,1,Open,4.52,0
CL-10834,ANON-0283,WATER POINT NEAR SWIMMING POOL IS NOT OPERATIONAL   !!!,Water,Sports & Recreation,Swimming Pool,Ground Floor,G2,Monday,15,2026-02-26T15:16:00+05:30,5,Low,70.0,90,1,Open,5.04,0
CL-10835,ANON-0280,internet disconnects repeatedly during the lecture in TS17 beside the canteen queue,Network,Academic & Teaching,Aryabhatt Bhawan II,Floor 4,TS17,Wednesday,9,2026-02-26T09:00:00+05:30,1,Critical,94.0,47,1,Resolved,7.62,1
CL-10836,ANON-0362,spill outside CL15 creates a safety hazard,Infrastructure,General & Utilities,Washrooms,Floor 2,CL15,Monday,8,2026-02-26T08:11:00+05:30,3,Medium,69.0,76,0,In Progress,4.46,1
CL-10837,ANON-0339,projector in FF6 switches off after ten minutes,Infrastructure,Academic & Teaching,CL3,Floor 3,FF6,Wednesday,15,2026-02-26T15:58:00+05:30,3,Medium,27.0,57,0,Verified,4.78,1
CL-10838,ANON-0496,spill outside CL22 creates a safety hazard,Cleanliness,Academic & Teaching,Washrooms,Floor 1,CL22,Thursday,13,2026-02-26T13:14:00+05:30,1,Critical,26.0,54,0,Resolved,4.79,0
CL-10839,ANON-0173,wifi becomes extremely slow near CS1 between 11:00 and 13:00 students cannot continue class and the room is overcrowded,Infrastructure,Academic & Teaching,LRC,Ground Floor,CS1,Saturday,11,2026-02-26T11:01:00+05:30,1,Critical,43.0,23,0,Verified,5.93,0
CL-10840,ANON-0514,garbage is overflowing in the corridor on Floor 4,Cleanliness,Academic & Teaching,Washrooms,Floor 4,TS17,Thursday,12,2026-02-26T12:15:00+05:30,2,High,49.0,55,1,In Progress,6.24,0
CL-10841,ANON-0485,projector in CL3 switches off after ten minutes,Infrastructure,Academic & Teaching,A2/2,Floor 4,CL3,Saturday,10,2026-02-26T10:30:00+05:30,1,Critical,85.0,76,0,Verified,5.41,0
CL-10842,ANON-0363,three lab systems freeze during compilation in TS17,Lab Equipment,Labs & Research,CL22,Floor 3,TS17,Thursday,16,2026-02-26T16:42:00+05:30,3,Medium,64.0,30,0,Open,3.78,0
CL-10843,ANON-0313,wifi becomes extremely slow near CS1 between 10:00 and 12:00,Network,Labs & Research,Aryabhatt Bhawan II,Ground Floor,CS1,Monday,10,2026-02-26T10:13:00+05:30,3,Medium,59.0,64,0,Resolved,4.25,0
CL-10844,ANON-0442,classroom door and several chairs need repair on Floor 2 students cannot continue class,Infrastructure,Academic & Teaching,A2/1,Floor 2,CL22,Tuesday,9,2026-02-26T09:38:00+05:30,2,High,75.0,77,0,In Progress,5.59,0
CL-10845,ANON-0286,food counter is overcrowded between 14:00 and 16:00 !!!! after a power interruption,Canteen,Food,Annapurna / Main Mess,Floor 2,CS1,Monday,14,2026-02-26T14:19:00+05:30,5,Low,,74,0,Resolved,3.59,1
CL-10846,ANON-0489,classroom door and several chairs need repair on Floor 3,Infrastructure,Labs & Research,A2/2,Floor 3,G2,Friday,16,2026-02-26T16:11:00+05:30,5,Low,73.0,43,0,Open,3.1,0
CL-10847,ANON-0424,broken writing desk is blocking the aisle in G2 this happens repeatedly,Infrastructure,Academic & Teaching,Aryabhatt Bhawan II,Ground Floor,G2,Wednesday,11,2026-02-26T11:28:00+05:30,5,Low,86.0,26,0,Open,3.38,1
CL-10848,ANON-0363,two ceiling fans are not working in CS1,Electrical,Hostels,H5 Boys Hostel,Ground Floor,CS1,Thursday,9,2026-02-27T09:03:00+05:30,3,Medium,53.0,96,0,Escalated,4.41,1
CL-10849,ANON-0462,canteen queue is very long at 13:00 with one counter open,Canteen,Food,Annapurna / Main Mess,Floor 2,CL3,Wednesday,13,2026-02-27T13:50:00+05:30,2,High,80.0,54,0,Resolved,4.74,0
CL-10850,ANON-0063,air conditioner stops cooling after noon on Floor 1,Electrical,Labs & Research,CL22,Floor 1,CL3,Friday,13,2026-02-27T13:37:00+05:30,3,Medium,53.0,57,1,Verified,5.24,0
CL-10851,ANON-0596,garbage is overflowing in the corridor on Floor 4,Cleanliness,Academic & Teaching,Washrooms,Floor 4,CL3,Monday,16,2026-02-27T16:43:00+05:30,3,Medium,30.0,26,1,Escalated,5.46,0
CL-10852,ANON-0333,garbage is overflowing in the corridor on Ground Floor,Lab Equipment,General & Utilities,H4 Boys Hostel,Ground Floor,TS17,Tuesday,12,2026-02-27T12:24:00+05:30,4,Low,88.0,39,0,In Progress,4.08,0
CL-10853,ANON-0273,air conditioner stops cooling after noon on Ground Floor please fix urgently while the wifi is also unstable,Electrical,Academic & Teaching,A2/1,Ground Floor,CS1,Friday,16,2026-02-27T16:42:00+05:30,4,Low,32.0,64,1,Resolved,5.28,1
CL-10854,ANON-0004,network authentication fails for students around CL3 and the room is overcrowded,Network,Academic & Teaching,CL3,Floor 4,CS1,Monday,12,2026-02-27T12:01:00+05:30,1,Critical,80.0,43,1,Open,6.22,0
CL-10855,ANON-0391,air conditioner stops cooling after noon on Floor 1,Electrical,Academic & Teaching,H5 Boys Hostel,Floor 1,CS1,Monday,9,2026-02-27T09:50:00+05:30,2,High,20.0,20,1,Open,6.03,0
CL-10856,ANON-0087,broken writing desk is blocking the aisle in CL3,Infrastructure,Labs & Research,A2/1,Floor 2,CL3,Thursday,18,2026-02-27T18:18:00+05:30,3,Medium,86.0,54,0,Resolved,4.86,0
CL-10857,ANON-0194,laboratory equipment reports a calibration error in CL22,Lab Equipment,Labs & Research,ECE Labs,Floor 1,CL22,Thursday,13,2026-02-27T13:08:00+05:30,5,Low,63.0,57,0,Resolved,3.74,0
CL-10858,ANON-0384,network authentication fails for students around CL3,Network,Library & Study,CL3,Floor 4,CS1,Friday,10,2026-02-27T10:55:00+05:30,4,Low,69.0,76,0,Open,2.65,0
CL-10859,ANON-0565,broken writing desk is blocking the aisle in G2 after a power interruption,Infrastructure,Labs & Research,A2/1,Floor 3,G2,Tuesday,12,2026-02-27T12:18:00+05:30,2,High,53.0,52,1,In Progress,5.71,0
CL-10860,ANON-0072,classroom door and several chairs need repair on Floor 3,Infrastructure,Labs & Research,CL3,Floor 3,FF6,Saturday,16,2026-02-27T16:16:00+05:30,4,Low,35.0,82,0,In Progress,2.93,0
CL-10861,ANON-0558,canteen queue is very long at 13:00 with one counter open,Canteen,Food,Annapurna / Main Mess,Floor 4,G2,Tuesday,13,2026-02-27T13:59:00+05:30,3,Medium,94.0,47,1,Resolved,5.86,1
CL-10862,ANON-0532,very weak wifi signal on Floor 1 of Aryabhatt Bhawan II,Network,Library & Study,Aryabhatt Bhawan II,Floor 1,CR425,Saturday,9,2026-02-27T09:40:00+05:30,1,Critical,54.0,21,1,Resolved,7.09,0
CL-10863,ANON-0590,waiting time at Cafeteria / Canteen is more than twenty minutes,Canteen,Food,Cafeteria / Canteen,Floor 1,TS17,Friday,12,2026-02-27T12:33:00+05:30,4,Low,100.0,41,1,In Progress,4.83,1
CL-10864,ANON-0038,canteen queue is very long at 14:00 with one counter open this happens repeatedly while the wifi is also unstable,Canteen,Food,Annapurna / Main Mess,Floor 2,TS17,Monday,14,2026-02-28T14:51:00+05:30,2,High,58.0,45,0,Resolved,4.33,1
CL-10865,ANON-0111,canteen queue is very long at 14:00 with one counter open,Canteen,Food,Cafeteria / Canteen,Floor 3,TS17,Monday,14,2026-02-28T14:52:00+05:30,5,Low,78.0,69,1,In Progress,5.49,1
CL-10866,ANON-0168,computer fails to boot during practical class in CL3,Lab Equipment,Labs & Research,CL15,Floor 2,CL3,Saturday,14,2026-02-28T14:20:00+05:30,4,Low,57.0,38,0,Open,3.62,0
CL-10867,ANON-0058,very weak wifi signal on Floor 2 of Aryabhatt Bhawan II,Network,Labs & Research,Aryabhatt Bhawan II,Floor 2,CL15,Thursday,9,2026-02-28T09:15:00+05:30,4,Low,,70,0,Open,4.27,0
CL-10868,ANON-0103,garbage is overflowing in the corridor on Floor 2 !!!!,Cleanliness,Hostels,H4 Boys Hostel,Floor 2,CL15,Monday,15,2026-02-28T15:23:00+05:30,3,Medium,55.0,76,0,Resolved,4.05,0
CL-10869,ANON-0187,projector in CL22 switches off after ten minutes,Infrastructure,Academic & Teaching,A2/1,Floor 1,CL22,Thursday,16,2026-02-28T16:23:00+05:30,3,Medium,48.0,46,0,Open,3.09,0
CL-10870,ANON-0487,garbage is overflowing in the corridor on Ground Floor,Cleanliness,Academic & Teaching,H4 Boys Hostel,Ground Floor,CS1,Thursday,14,2026-02-28T14:13:00+05:30,3,Medium,28.0,66,0,In Progress,4.08,0
CL-10871,ANON-0249,classroom door and several chairs need repair on Floor 1,Infrastructure,Academic & Teaching,CL3,Floor 1,G2,Wednesday,10,2026-02-28T10:26:00+05:30,1,Critical,48.0,36,1,In Progress,6.85,1
CL-10872,ANON-0382,water is leaking into the corridor on Ground Floor,Network,Sports & Recreation,Girls Hostel,Ground Floor,CR425,Thursday,12,2026-02-28T12:05:00+05:30,4,Low,75.0,87,0,Open,3.36,0
CL-10873,ANON-0145,water point near Water cooler is not operational,Water,General & Utilities,Water cooler,Ground Floor,CS1,Friday,13,2026-02-28T13:47:00+05:30,3,Medium,35.0,85,0,In Progress,3.78,0
CL-10874,ANON-0056,computer fails to boot during practical class in CL15,Lab Equipment,Labs & Research,CL1,Floor 2,CL15,Friday,10,2026-02-28T10:21:00+05:30,3,Medium,78.0,38,0,Resolved,4.45,0
CL-10875,ANON-0385,projector hdmi port is loose in FF6 please fix urgently near a water cooler,Infrastructure,Labs & Research,A2/2,Ground Floor,FF6,Saturday,18,2026-02-28T18:22:00+05:30,2,High,73.0,31,1,Verified,7.76,0
CL-10876,ANON-0084,internet disconnects repeatedly during the lecture in CL15,Network,Labs & Research,Aryabhatt Bhawan II,Ground Floor,CL15,Monday,9,2026-02-28T09:02:00+05:30,3,Medium,33.0,71,1,Open,4.68,0
CL-10877,ANON-0502,broken writing desk is blocking the aisle in CS1,Infrastructure,Academic & Teaching,A2/1,Floor 2,CS1,Friday,14,2026-02-28T14:05:00+05:30,3,Medium,61.0,24,1,Escalated,4.52,1
CL-10878,ANON-0160,two ceiling fans are not working in CR425 !!!!,Electrical,Hostels,CL22,Floor 1,CR425,Thursday,18,2026-02-28T18:32:00+05:30,2,High,70.0,71,0,Open,4.67,0
CL-10879,ANON-0082,laboratory equipment reports a calibration error in CS1 this happens repeatedly,Lab Equipment,Labs & Research,CL1,Floor 4,CS1,Thursday,12,2026-02-28T12:10:00+05:30,3,Medium,64.0,41,0,Resolved,4.64,0
CL-10880,ANON-0524,very weak wifi signal on Floor 1 of CL3 and the room is overcrowded,Network,Academic & Teaching,CL3,Floor 1,FF6,Monday,14,2026-03-01T14:18:00+05:30,5,Low,48.0,66,0,In Progress,3.75,0
CL-10881,ANON-0229,wifi becomes extremely slow near FF6 between 12:00 and 14:00 students cannot continue class beside the canteen queue,Infrastructure,Academic & Teaching,CL3,Ground Floor,FF6,Monday,12,2026-03-01T12:18:00+05:30,1,Critical,100.0,73,1,Resolved,8.09,1
CL-10882,ANON-0581,two ceiling fans are not working in CL15,Electrical,Hostels,CL22,Floor 4,CL15,Saturday,13,2026-03-01T13:02:00+05:30,5,Low,47.0,65,1,Resolved,3.8,0
CL-10883,ANON-0464,power socket near the desk is unsafe in CR425,Electrical,Hostels,A2/1,Floor 2,CR425,Friday,9,2026-03-01T09:01:00+05:30,3,Medium,37.0,58,1,Resolved,5.6,1
CL-10884,ANON-0083,waiting time at Cafeteria / Canteen is more than twenty minutes students cannot continue class,Canteen,Food,Cafeteria / Canteen,Floor 3,CR425,Friday,13,2026-03-01T13:33:00+05:30,3,Medium,96.0,60,0,Verified,5.64,0
CL-10885,ANON-0438,internet disconnects repeatedly during the lecture in TS17,Network,Library & Study,LRC,Ground Floor,TS17,Tuesday,14,2026-03-01T14:35:00+05:30,4,Low,17.0,47,0,In Progress,2.31,0
CL-10886,ANON-0037,garbage is overflowing in the corridor on Floor 4,Cleanliness,Hostels,H4 Boys Hostel,Floor 4,CL3,Monday,13,2026-03-01T13:46:00+05:30,3,Medium,54.0,29,0,Resolved,4.92,0
CL-10887,ANON-0150,air conditioner stops cooling after noon on Floor 3,Electrical,Labs & Research,H5 Boys Hostel,Floor 3,TS17,Saturday,9,2026-03-01T09:40:00+05:30,4,Low,77.0,60,0,Resolved,3.79,0
CL-10888,ANON-0379,power socket near the desk is unsafe in TS17 after a power interruption,Other,Labs & Research,CL22,Floor 4,TS17,Friday,14,2026-03-01T14:11:00+05:30,1,Critical,23.0,66,0,Open,4.52,0
CL-10889,ANON-0453,monitor and keyboard are not detected at workstation in CS1 this happens repeatedly,Lab Equipment,Labs & Research,,Floor 2,CS1,Monday,16,2026-03-01T16:23:00+05:30,3,Medium,85.0,55,0,Open,4.57,0
CL-10890,ANON-0194,WATER POINT NEAR GIRLS HOSTEL IS NOT OPERATIONAL   !!!,Water,General & Utilities,Girls Hostel,Ground Floor,TS17,Wednesday,18,2026-03-01T18:18:00+05:30,4,Low,72.0,24,0,Open,3.81,1
CL-10891,ANON-0040,wifi becomes extremely slow near G2 between 9:00 and 11:00 !!!!,Network,Library & Study,LRC,Floor 4,G2,Thursday,9,2026-03-01T09:25:00+05:30,1,Critical,70.0,55,1,Resolved,6.45,0
CL-10892,ANON-0264,spill outside CL22 creates a safety hazard beside the canteen queue,Cleanliness,General & Utilities,Aryabhatt Bhawan III,Floor 2,CL22,Wednesday,14,2026-03-01T14:59:00+05:30,2,High,39.0,40,0,In Progress,5.38,0
CL-10893,ANON-0201,wifi becomes extremely slow near G2 between 11:00 and 13:00 !!!! while the wifi is also unstable,Network,Academic & Teaching,CL15,Floor 3,G2,Tuesday,11,2026-03-01T11:38:00+05:30,3,Medium,87.0,56,0,In Progress,4.21,1
CL-10894,ANON-0262,projector hdmi port is loose in TS17,Infrastructure,Labs & Research,A2/2,Floor 2,TS17,Saturday,15,2026-03-01T15:49:00+05:30,3,Medium,50.0,63,1,Open,4.72,0
CL-10895,ANON-0174,very weak wifi signal on Floor 2 of CL15 students cannot continue class after a power interruption,Infrastructure,Library & Study,CL15,Floor 2,CL15,Monday,14,2026-03-01T14:30:00+05:30,3,Medium,66.0,46,1,Verified,4.29,0
CL-10896,ANON-0411,food counter is overcrowded between 13:00 and 15:00 please fix urgently,Canteen,Food,Annapurna / Main Mess,Ground Floor,CR425,Monday,13,2026-03-02T13:46:00+05:30,4,Low,55.0,60,0,Open,2.93,0
CL-10897,ANON-0559,floor near Washrooms is dirty and slippery while the wifi is also unstable,Network,Hostels,Washrooms,Floor 3,CL3,Thursday,10,2026-03-02T10:29:00+05:30,4,Low,39.0,38,0,Resolved,2.59,0
CL-10898,ANON-0099,air conditioner stops cooling after noon on Floor 2,Electrical,Academic & Teaching,A2/1,Floor 2,CL3,Friday,12,2026-03-02T12:48:00+05:30,2,High,62.0,76,0,In Progress,5.49,1
CL-10899,ANON-0552,network authentication fails for students around CL3,Network,Academic & Teaching,CL3,Floor 4,FF6,Friday,11,2026-03-02T11:22:00+05:30,2,High,100.0,75,1,Open,7.44,0
CL-10900,ANON-0150,unclassified campus issue reported around Administration Block,Other,General & Utilities,Administration Block,Floor 4,CL3,Saturday,13,2026-03-02T13:58:00+05:30,5,Low,65.0,70,1,Resolved,3.65,1
CL-10901,ANON-0243,internet disconnects repeatedly during the lecture in CR425,Network,Labs & Research,Aryabhatt Bhawan II,Ground Floor,CR425,Wednesday,10,2026-03-02T10:52:00+05:30,4,Low,57.0,53,0,Resolved,3.18,1
CL-10902,ANON-0589,classroom door and several chairs need repair on Floor 2,Infrastructure,Labs & Research,A2/1,Floor 2,CR425,Monday,13,2026-03-02T13:13:00+05:30,4,Low,60.0,37,1,Resolved,4.41,1
CL-10903,ANON-0476,drinking water cooler near CL15 is empty,Water,Sports & Recreation,Swimming Pool,Floor 3,CL15,Saturday,8,2026-03-02T08:24:00+05:30,5,Low,22.0,55,0,In Progress,2.67,0
CL-10904,ANON-0283,projector hdmi port is loose in CL22,Infrastructure,Labs & Research,A2/1,Floor 4,CL22,Friday,9,2026-03-02T09:30:00+05:30,2,High,66.0,79,0,Open,5.96,1
CL-10905,ANON-0125,floor near Washrooms is dirty and slippery,Cleanliness,Academic & Teaching,Washrooms,Floor 4,TS17,Wednesday,18,2026-03-02T18:21:00+05:30,3,Medium,41.0,61,0,In Progress,3.09,1
CL-10906,ANON-0458,network authentication fails for students around CL15,Network,Labs & Research,CL15,Floor 4,G2,Thursday,14,2026-03-02T14:08:00+05:30,2,High,70.0,73,0,Resolved,5.71,1
CL-10907,ANON-0411,internet disconnects repeatedly during the lecture in TS17,Network,Academic & Teaching,CL3,Floor 2,TS17,Wednesday,10,2026-03-02T10:28:00+05:30,3,Medium,100.0,45,1,Open,6.43,1
CL-10908,ANON-0014,floor near Washrooms is dirty and slippery,Cleanliness,Academic & Teaching,Washrooms,Floor 2,CL15,Saturday,8,2026-03-02T08:45:00+05:30,3,Medium,54.0,64,0,Verified,4.21,1
CL-10909,ANON-0316,network authentication fails for students around Aryabhatt Bhawan II !!!!,Network,Library & Study,Aryabhatt Bhawan II,Floor 1,CL3,Saturday,10,2026-03-02T10:55:00+05:30,4,Low,77.0,65,0,Resolved,3.95,0
CL-10910,ANON-0442,broken writing desk is blocking the aisle in TS17,Infrastructure,Academic & Teaching,Aryabhatt Bhawan II,Floor 3,TS17,Monday,12,2026-03-02T12:13:00+05:30,2,High,45.0,33,1,Open,4.86,1
CL-10911,ANON-0572,waiting time at Cafeteria / Canteen is more than twenty minutes,Canteen,Food,Cafeteria / Canteen,Floor 4,CL22,Wednesday,13,2026-03-02T13:28:00+05:30,3,Medium,59.0,55,0,Verified,4.3,0
CL-10912,ANON-0431,air conditioner stops cooling after noon on Floor 1 after a power interruption,Electrical,Academic & Teaching,A2/1,Floor 1,TS17,Monday,13,2026-03-03T13:09:00+05:30,3,Medium,68.0,52,1,Open,5.66,0
CL-10913,ANON-0552,power socket near the desk is unsafe in G2,Electrical,Labs & Research,CL22,Floor 4,G2,Wednesday,17,2026-03-03T17:53:00+05:30,4,Low,59.0,62,0,In Progress,3.68,1
CL-10914,ANON-0561,food counter is overcrowded between 13:00 and 15:00,Canteen,Food,Annapurna / Main Mess,Floor 1,TS17,Monday,13,2026-03-03T13:48:00+05:30,3,Medium,100.0,44,0,Verified,5.11,1
CL-10915,ANON-0386,computer fails to boot during practical class in CR425 please fix urgently after a power interruption,Lab Equipment,Labs & Research,CL22,Floor 4,CR425,Wednesday,15,2026-03-03T15:31:00+05:30,1,Critical,66.0,44,1,Open,7.41,0
CL-10916,ANON-0357,very weak wifi signal on Ground Floor of LRC,Network,Academic & Teaching,LRC,Ground Floor,TS17,Friday,12,2026-03-03T12:14:00+05:30,2,High,66.0,20,0,In Progress,5.05,1
CL-10917,ANON-0321,three lab systems freeze during compilation in CL22,Lab Equipment,Labs & Research,CL1,Floor 3,CL22,Monday,12,2026-03-03T12:10:00+05:30,2,High,61.0,31,0,Resolved,3.84,1
CL-10918,ANON-0587,food counter is overcrowded between 14:00 and 16:00 !!!! near a water cooler,Canteen,Food,Cafeteria / Canteen,Floor 1,CR425,Tuesday,14,2026-03-03T14:10:00+05:30,1,Critical,80.0,48,0,Escalated,6.74,0
CL-10919,ANON-0435,drinking water cooler near CS1 is empty,Water,Hostels,Swimming Pool,Floor 4,CS1,Friday,9,2026-03-03T09:15:00+05:30,2,High,48.0,64,1,Open,5.96,0
CL-10920,ANON-0205,projector in CL3 switches off after ten minutes,Infrastructure,Labs & Research,CL3,Floor 4,CL3,Thursday,11,2026-03-03T11:02:00+05:30,4,Low,53.0,30,0,In Progress,3.54,1
CL-10921,ANON-0398,wifi becomes extremely slow near CS1 between 14:00 and 16:00,Network,Labs & Research,Aryabhatt Bhawan II,Floor 4,CS1,Friday,14,2026-03-03T14:39:00+05:30,3,Medium,58.0,53,0,Verified,4.51,0
CL-10922,ANON-0582,garbage is overflowing in the corridor on Floor 2 students cannot continue class,Cleanliness,Hostels,H4 Boys Hostel,Floor 2,CL15,Thursday,8,2026-03-03T08:48:00+05:30,5,Low,44.0,55,0,Resolved,1.4,0
CL-10923,ANON-0070,wifi becomes extremely slow near FF6 between 10:00 and 12:00,Network,Labs & Research,CL15,Floor 3,FF6,Thursday,10,2026-03-03T10:38:00+05:30,3,Medium,87.0,46,1,Verified,5.96,0
CL-10924,ANON-0201,network authentication fails for students around CL15 !!!! near a water cooler,Network,Academic & Teaching,CL15,Floor 4,CL3,Wednesday,11,2026-03-03T11:02:00+05:30,3,Medium,69.0,69,1,Verified,6.21,0
CL-10925,ANON-0580,laboratory equipment reports a calibration error in CL3,Lab Equipment,Labs & Research,CL15,Floor 3,CL3,Friday,17,2026-03-03T17:51:00+05:30,1,Critical,41.0,40,0,Resolved,5.01,0
CL-10926,ANON-0144,lights flicker repeatedly inside CR425 near a water cooler,Electrical,Labs & Research,CL22,Floor 2,CR425,Wednesday,9,2026-03-03T09:00:00+05:30,1,Critical,46.0,42,0,Resolved,4.85,0
CL-10927,ANON-0227,two ceiling fans are not working in CL15,Electrical,Labs & Research,H5 Boys Hostel,Floor 2,CL15,Friday,14,2026-03-03T14:23:00+05:30,2,High,46.0,82,1,Verified,5.2,1
CL-10928,ANON-0241,water is leaking into the corridor on Floor 1 beside the canteen queue,Water,Hostels,Water cooler,Floor 1,FF6,Monday,14,2026-03-04T14:41:00+05:30,4,Low,58.0,42,0,Open,4.0,1
CL-10929,ANON-0449,very weak wifi signal on Floor 1 of CL15,Network,Library & Study,CL15,Floor 1,CR425,Tuesday,11,2026-03-04T11:12:00+05:30,2,High,59.0,77,0,Open,5.06,0
CL-10930,ANON-0145,canteen queue is very long at 12:00 with one counter open,Canteen,Food,,Floor 2,CR425,Thursday,12,2026-03-04T12:52:00+05:30,2,High,62.0,33,0,In Progress,4.7,0
CL-10931,ANON-0218,internet disconnects repeatedly during the lecture in G2 after a power interruption,Network,Labs & Research,CL3,Ground Floor,G2,Friday,10,2026-03-04T10:33:00+05:30,2,High,58.0,48,0,Resolved,4.6,1
CL-10932,ANON-0195,projector in FF6 switches off after ten minutes while the wifi is also unstable,Infrastructure,Academic & Teaching,A2/2,Ground Floor,FF6,Monday,10,2026-03-04T10:48:00+05:30,4,Low,50.0,46,0,In Progress,3.88,1
CL-10933,ANON-0162,wifi becomes extremely slow near CL15 between 14:00 and 16:00,Network,Academic & Teaching,CL15,Floor 2,CL15,Tuesday,14,2026-03-04T14:02:00+05:30,1,Critical,95.0,25,0,In Progress,5.84,0
CL-10934,ANON-0250,water point near Water cooler is not operational,Water,Sports & Recreation,Water cooler,Floor 4,CR425,Thursday,13,2026-03-04T13:40:00+05:30,4,Low,71.0,72,0,Verified,4.05,0
CL-10935,ANON-0247,network authentication fails for students around Aryabhatt Bhawan II,Network,Library & Study,Aryabhatt Bhawan II,Floor 3,G2,Thursday,14,2026-03-04T14:41:00+05:30,2,High,59.0,50,0,Resolved,5.06,1
CL-10936,ANON-0363,water is leaking into the corridor on Ground Floor,Water,General & Utilities,Girls Hostel,Ground Floor,CS1,Thursday,14,2026-03-04T14:31:00+05:30,3,Medium,80.0,82,0,Escalated,4.45,1
CL-10937,ANON-0316,monitor and keyboard are not detected at workstation in G2,Lab Equipment,Labs & Research,CL3,Floor 3,G2,Thursday,8,2026-03-04T08:56:00+05:30,2,High,22.0,20,1,Verified,5.15,0
CL-10938,ANON-0506,broken writing desk is blocking the aisle in CL22 students cannot continue class,Infrastructure,Labs & Research,CL3,Floor 3,CL22,Tuesday,14,2026-03-04T14:54:00+05:30,1,Critical,57.0,68,0,Resolved,5.16,0
CL-10939,ANON-0249,wifi becomes extremely slow near FF6 between 12:00 and 14:00,Network,Labs & Research,LRC,Floor 1,FF6,Wednesday,12,2026-03-04T12:04:00+05:30,3,Medium,94.0,49,1,Resolved,6.24,0
CL-10940,ANON-0290,monitor and keyboard are not detected at workstation in CL3,Lab Equipment,Labs & Research,CL15,Floor 1,CL3,Saturday,16,2026-03-04T16:08:00+05:30,1,Critical,53.0,44,1,Resolved,7.37,0
CL-10941,ANON-0285,wifi becomes extremely slow near FF6 between 12:00 and 14:00 near a water cooler,Network,Labs & Research,Aryabhatt Bhawan II,Floor 1,FF6,Wednesday,12,2026-03-04T12:59:00+05:30,1,Critical,94.0,60,1,Open,6.86,1
CL-10942,ANON-0584,very weak wifi signal on Floor 3 of Aryabhatt Bhawan II while the wifi is also unstable,Network,Library & Study,Aryabhatt Bhawan II,Floor 3,CL3,Wednesday,10,2026-03-04T10:23:00+05:30,3,Medium,82.0,63,0,Resolved,3.28,1
CL-10943,ANON-0015,low water pressure reported around Girls Hostel,Water,Sports & Recreation,Girls Hostel,Floor 1,CL22,Monday,10,2026-03-04T10:57:00+05:30,4,Low,69.0,93,0,Open,3.13,1
CL-10944,ANON-0325,billing queue reaches the stairwell near Annapurna / Main Mess,Canteen,Food,Annapurna / Main Mess,Floor 1,CS1,Friday,13,2026-03-05T13:23:00+05:30,5,Low,65.0,81,0,Open,2.45,1
CL-10945,ANON-0478,food counter is overcrowded between 14:00 and 16:00,Canteen,Food,Annapurna / Main Mess,Floor 2,CL15,Wednesday,14,2026-03-05T14:26:00+05:30,2,High,71.0,20,1,Open,6.14,0
CL-10946,ANON-0500,broken writing desk is blocking the aisle in CL3,Infrastructure,Academic & Teaching,Aryabhatt Bhawan II,Floor 4,CL3,Thursday,18,2026-03-05T18:04:00+05:30,1,Critical,46.0,54,0,Resolved,6.07,0
CL-10947,ANON-0420,student common area is overcrowded after 9:00,Other,Administration,Main Gate,Floor 1,CR425,Saturday,9,2026-03-05T09:51:00+05:30,5,Low,64.0,52,0,Resolved,3.69,0
CL-10948,ANON-0351,floor near Aryabhatt Bhawan III is dirty and slippery and the room is overcrowded,Cleanliness,General & Utilities,Aryabhatt Bhawan III,Floor 2,CL22,Monday,15,2026-03-05T15:34:00+05:30,5,Low,47.0,61,0,Open,2.72,0
CL-10949,ANON-0330,low water pressure reported around Water cooler,Water,General & Utilities,Water cooler,Ground Floor,FF6,Tuesday,15,2026-03-05T15:13:00+05:30,3,Medium,44.0,71,0,Open,4.55,0
CL-10950,ANON-0074,three lab systems freeze during compilation in CS1 please fix urgently,Lab Equipment,Labs & Research,CL15,Floor 3,CS1,Thursday,13,2026-03-05T13:40:00+05:30,3,Medium,41.0,56,1,Open,3.71,0
CL-10951,ANON-0182,network authentication fails for students around CL15,Network,Library & Study,CL15,Floor 2,CR425,Wednesday,10,2026-03-05T10:53:00+05:30,4,Low,88.0,54,0,Resolved,4.29,0
CL-10952,ANON-0149,network authentication fails for students around CL15,Network,Academic & Teaching,CL15,Floor 1,G2,Saturday,9,2026-03-05T09:24:00+05:30,3,Medium,83.0,62,1,Resolved,4.31,1
CL-10953,ANON-0271,drinking water cooler near CL3 is empty,Water,General & Utilities,Water cooler,Floor 2,CL3,Friday,12,2026-03-05T12:18:00+05:30,3,Medium,27.0,57,0,In Progress,4.06,1
CL-10954,ANON-0341,computer fails to boot during practical class in FF6,Lab Equipment,Labs & Research,CL1,Floor 4,FF6,Friday,11,2026-03-05T11:40:00+05:30,3,Medium,38.0,71,1,In Progress,4.37,0
CL-10955,ANON-0278,canteen queue is very long at 12:00 with one counter open,Canteen,Food,Annapurna / Main Mess,Ground Floor,CR425,Saturday,12,2026-03-05T12:36:00+05:30,5,Low,58.0,90,0,Verified,3.22,0
CL-10956,ANON-0145,monitor and keyboard are not detected at workstation in FF6 beside the canteen queue,Lab Equipment,Labs & Research,CL3,Floor 2,FF6,Wednesday,14,2026-03-05T14:18:00+05:30,4,Low,64.0,46,0,Resolved,3.42,0
CL-10957,ANON-0415,projector hdmi port is loose in FF6 while the wifi is also unstable,Infrastructure,Labs & Research,CL3,Floor 4,FF6,Tuesday,12,2026-03-05T12:05:00+05:30,2,High,80.0,57,0,Verified,5.16,0
CL-10958,ANON-0343,power socket near the desk is unsafe in G2,Electrical,Hostels,CL22,Ground Floor,G2,Tuesday,11,2026-03-05T11:13:00+05:30,2,High,56.0,75,0,Verified,5.0,0
CL-10959,ANON-0131,spill outside CL22 creates a safety hazard near a water cooler,Cleanliness,General & Utilities,Aryabhatt Bhawan III,Floor 4,CL22,Thursday,14,2026-03-05T14:10:00+05:30,3,Medium,71.0,45,1,Resolved,5.25,0
CL-10960,ANON-0418,projector hdmi port is loose in TS17,Infrastructure,Labs & Research,Aryabhatt Bhawan II,Ground Floor,TS17,Tuesday,9,2026-03-06T09:40:00+05:30,3,Medium,74.0,52,1,Verified,5.54,0
CL-10961,ANON-0414,low water pressure reported around Girls Hostel,Water,Hostels,Girls Hostel,Floor 1,CL3,Wednesday,9,2026-03-06T09:38:00+05:30,2,High,56.0,72,1,Resolved,6.23,0
CL-10962,ANON-0556,classroom door and several chairs need repair on Floor 1 beside the canteen queue,Infrastructure,Labs & Research,CL3,Floor 1,CL22,Monday,17,2026-03-06T17:38:00+05:30,4,Low,69.0,43,0,Verified,3.3,0
CL-10963,ANON-0112,projector in CL15 switches off after ten minutes after a power interruption,Cleanliness,Labs & Research,A2/2,Floor 3,CL15,Tuesday,14,2026-03-06T14:51:00+05:30,2,High,37.0,47,0,Resolved,4.71,0
CL-10964,ANON-0185,billing queue reaches the stairwell near Cafeteria / Canteen,Canteen,Food,Cafeteria / Canteen,Floor 1,CS1,Wednesday,14,2026-03-06T14:28:00+05:30,3,Medium,74.0,41,0,Open,3.25,1
CL-10965,ANON-0052,wifi becomes extremely slow near FF6 between 10:00 and 12:00 please fix urgently,Network,Academic & Teaching,CL3,Floor 3,FF6,Friday,10,2026-03-06T10:06:00+05:30,5,Low,70.0,64,1,In Progress,4.2,1
CL-10966,ANON-0160,three lab systems freeze during compilation in CL3 near a water cooler,Lab Equipment,Labs & Research,CL22,Floor 3,CL3,Thursday,15,2026-03-06T15:08:00+05:30,1,Critical,64.0,47,1,In Progress,6.75,0
CL-10967,ANON-0306,very weak wifi signal on Floor 3 of Aryabhatt Bhawan II,Network,Labs & Research,Aryabhatt Bhawan II,Floor 3,TS17,Saturday,12,2026-03-06T12:45:00+05:30,5,Low,77.0,68,0,Open,3.25,0
CL-10968,ANON-0082,very weak wifi signal on Floor 4 of Aryabhatt Bhawan II,Network,Library & Study,Aryabhatt Bhawan II,Floor 4,CS1,Wednesday,10,2026-03-06T10:07:00+05:30,3,Medium,93.0,56,1,Resolved,6.28,0
CL-10969,ANON-0328,broken writing desk is blocking the aisle in CL15 this happens repeatedly while the wifi is also unstable,Infrastructure,Labs & Research,A2/1,Floor 2,CL15,Friday,15,2026-03-06T15:26:00+05:30,2,High,56.0,57,1,In Progress,5.69,0
CL-10970,ANON-0360,low water pressure reported around Water cooler,Water,General & Utilities,Water cooler,Floor 3,FF6,Friday,8,2026-03-06T08:40:00+05:30,1,Critical,40.0,72,1,Resolved,7.35,0
CL-10971,ANON-0146,network authentication fails for students around Aryabhatt Bhawan II,Network,Library & Study,Aryabhatt Bhawan II,Floor 1,G2,Saturday,11,2026-03-06T11:45:00+05:30,4,Low,58.0,35,0,Resolved,4.65,0
CL-10972,ANON-0489,water point near Swimming Pool is not operational,Water,Sports & Recreation,Swimming Pool,Floor 4,CL22,Monday,18,2026-03-06T18:57:00+05:30,3,Medium,78.0,60,0,Open,4.17,0
CL-10973,ANON-0370,classroom door and several chairs need repair on Floor 1 after a power interruption,Infrastructure,Academic & Teaching,A2/1,Floor 1,TS17,Friday,15,2026-03-06T15:02:00+05:30,3,Medium,25.0,53,0,Verified,4.13,0
CL-10974,ANON-0087,floor near Aryabhatt Bhawan III is dirty and slippery beside the canteen queue,Cleanliness,General & Utilities,Aryabhatt Bhawan III,Floor 2,FF6,Tuesday,8,2026-03-06T08:26:00+05:30,4,Low,46.0,54,0,Verified,4.45,0
CL-10975,ANON-0003,laboratory equipment reports a calibration error in FF6,Lab Equipment,Labs & Research,CL1,Floor 3,FF6,Saturday,17,2026-03-06T17:17:00+05:30,2,High,55.0,35,0,Resolved,5.14,1
CL-10976,ANON-0542,internet disconnects repeatedly during the lecture in CL3 while the wifi is also unstable,Network,Library & Study,CL3,Floor 1,CL3,Tuesday,10,2026-03-07T10:12:00+05:30,1,Critical,78.0,48,1,In Progress,7.39,0
CL-10977,ANON-0558,network authentication fails for students around CL3,Network,Academic & Teaching,CL3,Floor 1,G2,Friday,10,2026-03-07T10:44:00+05:30,2,High,91.0,44,0,Resolved,5.55,0
CL-10978,ANON-0061,billing queue reaches the stairwell near Annapurna / Main Mess,Canteen,Food,Annapurna / Main Mess,Floor 2,TS17,Wednesday,13,2026-03-07T13:12:00+05:30,1,Critical,78.0,45,0,In Progress,6.4,0
CL-10979,ANON-0241,network authentication fails for students around LRC beside the canteen queue,Network,Academic & Teaching,LRC,Ground Floor,CL3,Saturday,12,2026-03-07T12:48:00+05:30,5,Low,100.0,84,1,In Progress,4.72,0
CL-10980,ANON-0388,garbage is overflowing in the corridor on Floor 4 students cannot continue class,Cleanliness,Hostels,Aryabhatt Bhawan III,Floor 4,CL22,Monday,17,2026-03-07T17:11:00+05:30,5,Low,39.0,73,0,Resolved,2.66,1
CL-10981,ANON-0044,very weak wifi signal on Floor 2 of Aryabhatt Bhawan II,Network,Library & Study,Aryabhatt Bhawan II,Floor 2,CS1,Thursday,14,2026-03-07T14:55:00+05:30,2,High,36.0,53,0,In Progress,4.02,0
CL-10982,ANON-0305,projector in CR425 switches off after ten minutes this happens repeatedly while the wifi is also unstable,Infrastructure,Academic & Teaching,CL3,Floor 3,CR425,Monday,8,2026-03-07T08:10:00+05:30,2,High,42.0,20,0,Verified,4.28,0
CL-10983,ANON-0367,wifi becomes extremely slow near CS1 between 10:00 and 12:00 and the room is overcrowded,Network,Library & Study,LRC,Ground Floor,CS1,Tuesday,10,2026-03-07T10:17:00+05:30,4,Low,77.0,34,1,Verified,5.07,0
CL-10984,ANON-0011,floor near H4 Boys Hostel is dirty and slippery beside the canteen queue,Cleanliness,Academic & Teaching,H4 Boys Hostel,Floor 4,CR425,Thursday,12,2026-03-07T12:27:00+05:30,4,Low,54.0,65,0,Verified,3.56,1
CL-10985,ANON-0373,waiting time at Cafeteria / Canteen is more than twenty minutes,Canteen,Food,Cafeteria / Canteen,Floor 1,TS17,Saturday,13,2026-03-07T13:49:00+05:30,3,Medium,66.0,66,0,Open,4.51,1
CL-10986,ANON-0505,wifi becomes extremely slow near CL3 between 10:00 and 12:00,Network,Labs & Research,CL15,Floor 3,CL3,Friday,10,2026-03-07T10:44:00+05:30,4,Low,93.0,64,0,Open,4.28,1
CL-10987,ANON-0321,three lab systems freeze during compilation in CS1,Lab Equipment,Labs & Research,CL3,Floor 2,CS1,Thursday,8,2026-03-07T08:16:00+05:30,2,High,46.0,55,0,In Progress,3.5,1
CL-10988,ANON-0169,network authentication fails for students around CL15,Network,Labs & Research,CL15,Ground Floor,CL15,Wednesday,9,2026-03-07T09:23:00+05:30,2,High,80.0,58,1,Resolved,6.42,0
CL-10989,ANON-0465,food counter is overcrowded between 13:00 and 15:00 this happens repeatedly,Canteen,Food,Cafeteria / Canteen,Floor 4,CL3,Saturday,13,2026-03-07T13:36:00+05:30,3,Medium,81.0,74,0,Resolved,4.44,0
CL-10990,ANON-0228,internet disconnects repeatedly during the lecture in CL22 !!!!,Network,Library & Study,CL3,Floor 4,CL22,Monday,12,2026-03-07T12:20:00+05:30,2,High,56.0,56,1,Open,5.79,0
CL-10991,ANON-0347,water is leaking into the corridor on Floor 4 this happens repeatedly,Water,General & Utilities,Girls Hostel,Floor 4,CR425,Monday,11,2026-03-07T11:01:00+05:30,3,Medium,62.0,96,0,Resolved,3.9,0
CL-10992,ANON-0041,classroom door and several chairs need repair on Floor 3,Infrastructure,Labs & Research,A2/1,Floor 3,CR425,Monday,9,2026-03-08T09:10:00+05:30,3,Medium,59.0,61,0,Open,5.7,1
CL-10993,ANON-0451,laboratory equipment reports a calibration error in TS17 and the room is overcrowded,Lab Equipment,Labs & Research,CL15,Floor 3,TS17,Tuesday,14,2026-03-08T14:36:00+05:30,4,Low,42.0,91,1,Open,3.79,0
CL-10994,ANON-0231,wifi becomes extremely slow near G2 between 9:00 and 11:00,Network,Library & Study,CL15,Floor 2,G2,Thursday,9,2026-03-08T09:07:00+05:30,2,High,62.0,52,1,Resolved,7.01,0
CL-10995,ANON-0368,air conditioner stops cooling after noon on Ground Floor,Electrical,Hostels,CL22,Ground Floor,FF6,Tuesday,11,2026-03-08T11:32:00+05:30,4,Low,63.0,60,0,In Progress,3.13,0
CL-10996,ANON-0436,projector in G2 switches off after ten minutes,Infrastructure,Academic & Teaching,Aryabhatt Bhawan II,Ground Floor,G2,Wednesday,13,2026-03-08T13:23:00+05:30,5,Low,72.0,65,1,Open,4.06,0
CL-10997,ANON-0390,projector hdmi port is loose in CL22,Infrastructure,Labs & Research,A2/1,Ground Floor,CL22,Monday,15,2026-03-08T15:59:00+05:30,4,Low,27.0,34,0,Resolved,3.5,0
CL-10998,ANON-0351,unclassified campus issue reported around Administration Block,Water,Sports & Recreation,Administration Block,Ground Floor,FF6,Saturday,14,2026-03-08T14:01:00+05:30,3,Medium,36.0,38,0,Resolved,2.99,1
CL-10999,ANON-0194,laboratory equipment reports a calibration error in FF6,Lab Equipment,Labs & Research,ECE Labs,Floor 4,FF6,Thursday,10,2026-03-08T10:30:00+05:30,1,Critical,57.0,20,0,Resolved,6.43,0
CL-11000,ANON-0542,very weak wifi signal on Floor 1 of CL3,Network,Labs & Research,CL3,Floor 1,CL3,Tuesday,10,2026-03-08T10:54:00+05:30,1,Critical,72.0,80,0,Resolved,5.51,1
CL-11001,ANON-0064,projector hdmi port is loose in CL3,Infrastructure,Labs & Research,Aryabhatt Bhawan II,Floor 3,CL3,Saturday,12,2026-03-08T12:27:00+05:30,4,Low,63.0,31,0,Resolved,3.7,0
CL-11002,ANON-0507,signage is missing for TS17 on Floor 4,Other,Administration,Auditorium,Floor 4,TS17,Tuesday,15,2026-03-08T15:21:00+05:30,3,Medium,18.0,67,0,Resolved,3.49,1
CL-11003,ANON-0328,food counter is overcrowded between 14:00 and 16:00,Canteen,Food,Cafeteria / Canteen,Floor 1,CS1,Tuesday,14,2026-03-08T14:41:00+05:30,2,High,76.0,51,0,Verified,4.9,0
CL-11004,ANON-0053,projector in G2 switches off after ten minutes,Infrastructure,Labs & Research,A2/2,Floor 3,G2,Monday,9,2026-03-08T09:04:00+05:30,2,High,33.0,83,1,Escalated,4.69,0
CL-11005,ANON-0272,projector hdmi port is loose in CL15,Infrastructure,Academic & Teaching,A2/1,Floor 3,CL15,Friday,9,2026-03-08T09:41:00+05:30,4,Low,30.0,34,0,Verified,3.74,0
CL-11006,ANON-0347,network authentication fails for students around CL15,Network,Library & Study,CL15,Ground Floor,FF6,Friday,12,2026-03-08T12:30:00+05:30,3,Medium,78.0,67,0,Verified,3.76,0
CL-11007,ANON-0003,garbage is overflowing in the corridor on Floor 4 students cannot continue class,Cleanliness,General & Utilities,Aryabhatt Bhawan III,Floor 4,CL15,Wednesday,15,2026-03-08T15:32:00+05:30,3,Medium,73.0,38,0,Resolved,4.72,0
CL-11008,ANON-0391,projector hdmi port is loose in CR425,Infrastructure,Labs & Research,A2/2,Floor 4,CR425,Monday,10,2026-03-09T10:52:00+05:30,2,High,51.0,52,0,Open,5.17,0
CL-11009,ANON-0529,computer fails to boot during practical class in CL22 while the wifi is also unstable,Lab Equipment,Labs & Research,CL3,Floor 2,CL22,Saturday,17,2026-03-09T17:14:00+05:30,1,Critical,32.0,56,1,Resolved,5.78,1
CL-11010,ANON-0012,water point near Girls Hostel is not operational,Water,Sports & Recreation,Girls Hostel,Floor 1,CL3,Friday,8,2026-03-09T08:27:00+05:30,2,High,54.0,70,0,Open,4.77,1
CL-11011,ANON-0291,water is leaking into the corridor on Floor 4,Water,General & Utilities,Swimming Pool,Floor 4,G2,Saturday,13,2026-03-09T13:48:00+05:30,1,Critical,81.0,96,0,Open,6.14,0
CL-11012,ANON-0105,drinking water cooler near G2 is empty and the room is overcrowded,Water,Hostels,Girls Hostel,Floor 1,G2,Monday,11,2026-03-09T11:44:00+05:30,1,Critical,59.0,85,0,Resolved,6.55,0
CL-11013,ANON-0136,canteen queue is very long at 12:00 with one counter open,Canteen,Food,Annapurna / Main Mess,Floor 1,G2,Thursday,12,2026-03-09T12:22:00+05:30,3,Medium,81.0,68,0,Verified,4.9,1
CL-11014,ANON-0345,network authentication fails for students around Aryabhatt Bhawan II,Network,Library & Study,Aryabhatt Bhawan II,Floor 1,FF6,Thursday,10,2026-03-09T10:40:00+05:30,2,High,95.0,45,1,Verified,5.82,1
CL-11015,ANON-0136,washroom near CL3 has not been cleaned today,Cleanliness,General & Utilities,Aryabhatt Bhawan III,Floor 1,CL3,Tuesday,15,2026-03-09T15:51:00+05:30,3,Medium,48.0,49,1,Open,6.21,1
CL-11016,ANON-0462,power socket near the desk is unsafe in G2 and the room is overcrowded,Electrical,Labs & Research,A2/1,Floor 2,G2,Friday,10,2026-03-09T10:41:00+05:30,2,High,24.0,81,1,Escalated,6.1,1
CL-11017,ANON-0149,computer fails to boot during practical class in CR425 this happens repeatedly,Lab Equipment,Labs & Research,CL22,Ground Floor,CR425,Saturday,14,2026-03-09T14:33:00+05:30,2,High,18.0,41,0,In Progress,4.11,1
CL-11018,ANON-0426,very weak wifi signal on Floor 4 of LRC after a power interruption,Network,Academic & Teaching,LRC,Floor 4,CL3,Thursday,9,2026-03-09T09:55:00+05:30,5,Low,79.0,68,1,Resolved,4.76,0
CL-11019,ANON-0043,projector hdmi port is loose in FF6,Infrastructure,Labs & Research,A2/2,Floor 3,FF6,Monday,17,2026-03-09T17:46:00+05:30,5,Low,73.0,66,0,Open,3.05,1
CL-11020,ANON-0065,waiting time at Annapurna / Main Mess is more than twenty minutes,Canteen,Food,Annapurna / Main Mess,Floor 1,CL15,Saturday,14,2026-03-09T14:08:00+05:30,4,Low,69.0,65,0,Resolved,4.3,0
CL-11021,ANON-0540,spill outside CL22 creates a safety hazard,Cleanliness,General & Utilities,Aryabhatt Bhawan III,Floor 2,CL22,Tuesday,14,2026-03-09T14:53:00+05:30,3,Medium,61.0,80,1,Open,4.73,0
CL-11022,ANON-0083,waiting time at Annapurna / Main Mess is more than twenty minutes,Canteen,Food,Annapurna / Main Mess,Floor 3,TS17,Thursday,14,2026-03-09T14:45:00+05:30,2,High,71.0,53,0,Resolved,5.12,0
CL-11023,ANON-0360,water point near Swimming Pool is not operational,Water,General & Utilities,Swimming Pool,Floor 2,CS1,Wednesday,11,2026-03-09T11:40:00+05:30,1,Critical,36.0,93,0,Resolved,5.27,0
CL-11024,ANON-0171,classroom door and several chairs need repair on Floor 4,Infrastructure,Academic & Teaching,CL3,Floor 4,CL3,Monday,17,2026-03-10T17:45:00+05:30,1,Critical,66.0,63,1,Resolved,6.93,0
CL-11025,ANON-0549,projector in FF6 switches off after ten minutes,Infrastructure,Labs & Research,Aryabhatt Bhawan II,Floor 1,FF6,Monday,13,2026-03-10T13:44:00+05:30,4,Low,91.0,57,0,Verified,2.85,0
CL-11026,ANON-0444,two ceiling fans are not working in G2 after a power interruption,Electrical,Labs & Research,CL22,Floor 3,G2,Friday,18,2026-03-10T18:45:00+05:30,3,Medium,44.0,55,0,In Progress,4.58,1
CL-11027,ANON-0200,laboratory equipment reports a calibration error in CR425,Lab Equipment,Labs & Research,CL1,Ground Floor,CR425,Monday,8,2026-03-10T08:48:00+05:30,2,High,38.0,26,0,Verified,4.18,1
CL-11028,ANON-0213,student common area is overcrowded after 9:00,Other,Sports & Recreation,Auditorium,Ground Floor,CS1,Monday,9,2026-03-10T09:54:00+05:30,4,Low,64.0,45,0,Resolved,3.61,0
CL-11029,ANON-0292,food counter is overcrowded between 13:00 and 15:00 while the wifi is also unstable,Canteen,Food,Annapurna / Main Mess,Floor 2,CL3,Thursday,13,2026-03-10T13:10:00+05:30,3,Medium,99.0,47,0,Resolved,4.37,0
CL-11030,ANON-0166,broken writing desk is blocking the aisle in CL15 after a power interruption,Infrastructure,Labs & Research,CL3,Ground Floor,CL15,Saturday,18,2026-03-10T18:18:00+05:30,3,Medium,49.0,41,0,In Progress,3.87,1
CL-11031,ANON-0405,internet disconnects repeatedly during the lecture in CS1,Network,Library & Study,LRC,Ground Floor,CS1,Thursday,10,2026-03-10T10:12:00+05:30,4,Low,85.0,26,1,Verified,3.97,0
CL-11032,ANON-0183,projector hdmi port is loose in CL3,Infrastructure,Labs & Research,A2/1,Floor 3,CL3,Friday,10,2026-03-10T10:53:00+05:30,3,Medium,52.0,40,0,Open,3.76,0
CL-11033,ANON-0457,wifi becomes extremely slow near G2 between 9:00 and 11:00 !!!! beside the canteen queue,Network,Academic & Teaching,CL3,Ground Floor,G2,Tuesday,9,2026-03-10T09:52:00+05:30,5,Low,83.0,51,0,Verified,3.93,0
CL-11034,ANON-0488,lights flicker repeatedly inside CL22,Electrical,Academic & Teaching,H5 Boys Hostel,Floor 2,CL22,Friday,17,2026-03-10T17:40:00+05:30,1,Critical,43.0,84,1,Open,6.83,0
CL-11035,ANON-0409,network authentication fails for students around CL3 this happens repeatedly,Network,Library & Study,CL3,Floor 3,TS17,Thursday,14,2026-03-10T14:12:00+05:30,2,High,54.0,46,0,In Progress,3.21,1
CL-11036,ANON-0589,projector hdmi port is loose in CL15,Infrastructure,Academic & Teaching,CL3,Ground Floor,CL15,Friday,18,2026-03-10T18:44:00+05:30,2,High,24.0,62,0,Resolved,4.27,0
CL-11037,ANON-0561,projector hdmi port is loose in TS17,Infrastructure,Academic & Teaching,A2/1,Floor 3,TS17,Thursday,17,2026-03-10T17:28:00+05:30,3,Medium,33.0,66,0,Open,5.31,0
CL-11038,ANON-0064,wifi becomes extremely slow near TS17 between 10:00 and 12:00,Water,Academic & Teaching,CL15,Floor 2,TS17,Monday,10,2026-03-10T10:38:00+05:30,2,High,73.0,46,0,Escalated,5.01,0
CL-11039,ANON-0476,internet disconnects repeatedly during the lecture in CL22 !!!! while the wifi is also unstable,Network,Library & Study,CL3,Floor 3,CL22,Monday,11,2026-03-10T11:34:00+05:30,1,Critical,84.0,57,1,Open,6.28,0
CL-11040,ANON-0374,very weak wifi signal on Ground Floor of CL3,Network,Labs & Research,CL3,Ground Floor,FF6,Saturday,10,2026-03-11T10:29:00+05:30,4,Low,100.0,51,0,Verified,4.3,0
CL-11041,ANON-0108,broken writing desk is blocking the aisle in CS1,Infrastructure,Academic & Teaching,CL3,Ground Floor,CS1,Thursday,17,2026-03-11T17:57:00+05:30,2,High,30.0,62,0,Open,4.47,0
CL-11042,ANON-0002,computer fails to boot during practical class in CL15 after a power interruption,Lab Equipment,Labs & Research,CL15,Floor 3,CL15,Saturday,17,2026-03-11T17:52:00+05:30,2,High,54.0,63,0,Open,4.85,1
CL-11043,ANON-0191,drinking water cooler near CR425 is empty,Water,Hostels,Water cooler,Floor 4,CR425,Tuesday,11,2026-03-11T11:32:00+05:30,5,Low,57.0,96,0,In Progress,3.4,0
CL-11044,ANON-0386,two ceiling fans are not working in G2 students cannot continue class,Electrical,Hostels,CL22,Floor 1,G2,Tuesday,13,2026-03-11T13:43:00+05:30,5,Low,51.0,64,0,Escalated,2.86,0
CL-11045,ANON-0022,projector in FF6 switches off after ten minutes students cannot continue class,Infrastructure,Labs & Research,A2/1,Floor 2,FF6,Friday,15,2026-03-11T15:33:00+05:30,3,Medium,38.0,50,0,Resolved,3.22,0
CL-11046,ANON-0050,projector in CR425 switches off after ten minutes,Infrastructure,Academic & Teaching,A2/1,Ground Floor,CR425,Saturday,9,2026-03-11T09:37:00+05:30,4,Low,66.0,47,1,Open,4.59,0
CL-11047,ANON-0058,classroom door and several chairs need repair on Floor 4 while the wifi is also unstable,Infrastructure,Academic & Teaching,CL3,Floor 4,CL15,Thursday,8,2026-03-11T08:37:00+05:30,4,Low,66.0,51,1,Resolved,4.47,0
CL-11048,ANON-0527,low water pressure reported around Swimming Pool,Water,General & Utilities,Swimming Pool,Floor 2,G2,Thursday,16,2026-03-11T16:57:00+05:30,4,Low,26.0,80,0,Escalated,2.66,0
CL-11049,ANON-0005,very weak wifi signal on Ground Floor of LRC,Network,Academic & Teaching,LRC,Ground Floor,G2,Friday,11,2026-03-11T11:46:00+05:30,3,Medium,89.0,70,1,Resolved,5.74,0
CL-11050,ANON-0547,waiting time at Annapurna / Main Mess is more than twenty minutes,Canteen,Food,Annapurna / Main Mess,Floor 3,CL15,Saturday,12,2026-03-11T12:26:00+05:30,1,Critical,65.0,66,0,Resolved,6.47,0
CL-11051,ANON-0118,garbage is overflowing in the corridor on Ground Floor after a power interruption,Cleanliness,General & Utilities,Aryabhatt Bhawan III,Ground Floor,CL3,Thursday,15,2026-03-11T15:20:00+05:30,2,High,50.0,61,1,Resolved,5.51,0
CL-11052,ANON-0248,classroom door and several chairs need repair on Floor 4,Infrastructure,Labs & Research,A2/2,Floor 4,TS17,Thursday,11,2026-03-11T11:45:00+05:30,2,High,22.0,26,0,In Progress,5.07,0
CL-11053,ANON-0004,garbage is overflowing in the corridor on Floor 3,Cleanliness,Hostels,Aryabhatt Bhawan III,Floor 3,CL22,Friday,9,2026-03-11T09:14:00+05:30,5,Low,80.0,64,0,Resolved,3.15,0
CL-11054,ANON-0148,projector hdmi port is loose in CR425 beside the canteen queue,Infrastructure,Academic & Teaching,A2/2,Floor 4,CR425,Friday,13,2026-03-11T13:21:00+05:30,3,Medium,60.0,64,0,Verified,5.19,0
CL-11055,ANON-0064,drinking water cooler near CR425 is empty please fix urgently near a water cooler,Water,General & Utilities,Water cooler,Floor 1,CR425,Tuesday,17,2026-03-11T17:17:00+05:30,1,Critical,58.0,81,0,In Progress,5.5,1
CL-11056,ANON-0571,three lab systems freeze during compilation in CL22,Lab Equipment,Labs & Research,CL3,Floor 1,CL22,Wednesday,10,2026-03-12T10:36:00+05:30,3,Medium,52.0,49,0,Open,3.43,0
CL-11057,ANON-0504,canteen queue is very long at 14:00 with one counter open,Canteen,Food,Cafeteria / Canteen,Floor 4,CL15,Friday,14,2026-03-12T14:36:00+05:30,1,Critical,100.0,79,0,Escalated,5.5,0
CL-11058,ANON-0013,classroom door and several chairs need repair on Floor 3 please fix urgently,Infrastructure,Labs & Research,A2/2,Floor 3,FF6,Tuesday,14,2026-03-12T14:57:00+05:30,1,Critical,93.0,49,0,In Progress,7.1,1
CL-11059,ANON-0489,very weak wifi signal on Floor 1 of Aryabhatt Bhawan II,Network,Labs & Research,Aryabhatt Bhawan II,Floor 1,FF6,Wednesday,10,2026-03-12T10:56:00+05:30,2,High,100.0,38,0,Open,4.39,0
CL-11060,ANON-0158,billing queue reaches the stairwell near Cafeteria / Canteen,Canteen,Food,Cafeteria / Canteen,Floor 1,CL15,Tuesday,13,2026-03-12T13:19:00+05:30,1,Critical,84.0,76,0,Open,5.98,0
CL-11061,ANON-0549,broken writing desk is blocking the aisle in CL3,Infrastructure,Labs & Research,A2/1,Floor 1,CL3,Friday,13,2026-03-12T13:15:00+05:30,4,Low,51.0,51,1,Verified,4.45,1
CL-11062,ANON-0435,spill outside CR425 creates a safety hazard,Cleanliness,Hostels,Aryabhatt Bhawan III,Floor 4,CR425,Saturday,17,2026-03-12T17:41:00+05:30,3,Medium,44.0,65,0,In Progress,4.01,1
CL-11063,ANON-0253,projector hdmi port is loose in TS17 while the wifi is also unstable,Infrastructure,Labs & Research,A2/2,Floor 1,TS17,Saturday,9,2026-03-12T09:12:00+05:30,3,Medium,51.0,56,0,Open,4.13,0
CL-11064,ANON-0243,floor near Aryabhatt Bhawan III is dirty and slippery,Cleanliness,Hostels,Aryabhatt Bhawan III,Floor 1,CS1,Thursday,14,2026-03-12T14:33:00+05:30,5,Low,59.0,53,0,Resolved,3.73,0
CL-11065,ANON-0588,computer fails to boot during practical class in CR425,Network,Labs & Research,CL22,Floor 3,CR425,Thursday,12,2026-03-12T12:26:00+05:30,4,Low,56.0,90,0,Verified,4.42,0
CL-11066,ANON-0514,waiting time at Cafeteria / Canteen is more than twenty minutes,Canteen,Food,Cafeteria / Canteen,Floor 2,TS17,Monday,13,2026-03-12T13:12:00+05:30,2,High,76.0,76,0,In Progress,4.96,1
CL-11067,ANON-0312,WAITING TIME AT ANNAPURNA / MAIN MESS IS MORE THAN TWENTY MINUTES   !!!,Canteen,Food,Annapurna / Main Mess,Floor 4,CL22,Monday,12,2026-03-12T12:49:00+05:30,1,Critical,73.0,51,0,Escalated,6.84,0
CL-11068,ANON-0530,two ceiling fans are not working in CL15,Electrical,Labs & Research,CL22,Ground Floor,CL15,Thursday,14,2026-03-12T14:55:00+05:30,3,Medium,63.0,67,0,Resolved,4.38,0
CL-11069,ANON-0277,broken writing desk is blocking the aisle in FF6 please fix urgently,Other,Academic & Teaching,,Floor 1,FF6,Wednesday,15,2026-03-12T15:16:00+05:30,1,Critical,84.0,56,0,In Progress,6.13,0
CL-11070,ANON-0152,laboratory equipment reports a calibration error in CS1 !!!!,Lab Equipment,Labs & Research,CL22,Ground Floor,CS1,Tuesday,17,2026-03-12T17:18:00+05:30,1,Critical,42.0,42,1,Verified,6.53,0
CL-11071,ANON-0126,network authentication fails for students around Aryabhatt Bhawan II while the wifi is also unstable,Network,Academic & Teaching,Aryabhatt Bhawan II,Ground Floor,CR425,Monday,9,2026-03-12T09:59:00+05:30,3,Medium,75.0,32,0,In Progress,5.12,1
CL-11072,ANON-0143,very weak wifi signal on Floor 2 of CL15 students cannot continue class,Network,Academic & Teaching,CL15,Floor 2,CR425,Tuesday,10,2026-03-13T10:01:00+05:30,2,High,66.0,68,0,In Progress,6.6,0
CL-11073,ANON-0490,canteen queue is very long at 13:00 with one counter open,Canteen,Food,Cafeteria / Canteen,Floor 2,CS1,Monday,13,2026-03-13T13:41:00+05:30,1,Critical,35.0,81,0,Resolved,5.19,0
CL-11074,ANON-0453,waiting time at Cafeteria / Canteen is more than twenty minutes,Canteen,Food,Cafeteria / Canteen,Floor 2,FF6,Friday,13,2026-03-13T13:47:00+05:30,4,Low,83.0,59,0,Open,4.09,0
CL-11075,ANON-0142,projector hdmi port is loose in CS1 after a power interruption,Infrastructure,Labs & Research,CL3,Floor 4,CS1,Friday,8,2026-03-13T08:06:00+05:30,3,Medium,50.0,58,0,In Progress,5.17,0
CL-11076,ANON-0335,very weak wifi signal on Floor 1 of CL3,Network,Academic & Teaching,CL3,Floor 1,CL22,Wednesday,10,2026-03-13T10:05:00+05:30,3,Medium,71.0,41,0,Verified,5.22,1
CL-11077,ANON-0203,low water pressure reported around Girls Hostel,Water,Hostels,Girls Hostel,Ground Floor,CR425,Saturday,18,2026-03-13T18:48:00+05:30,5,Low,37.0,82,0,Open,2.43,0
CL-11078,ANON-0406,low water pressure reported around Girls Hostel after a power interruption,Water,Hostels,Girls Hostel,Floor 2,CS1,Wednesday,17,2026-03-13T17:33:00+05:30,5,Low,71.0,73,0,Resolved,2.92,0
CL-11079,ANON-0066,THREE LAB SYSTEMS FREEZE DURING COMPILATION IN CS1   !!!,Lab Equipment,Labs & Research,CL22,Floor 1,CS1,Monday,10,2026-03-13T10:30:00+05:30,1,Critical,61.0,28,1,Resolved,6.43,1
CL-11080,ANON-0239,water is leaking into the corridor on Floor 1,Water,Sports & Recreation,Swimming Pool,Floor 1,CL22,Friday,15,2026-03-13T15:53:00+05:30,2,High,47.0,67,0,Resolved,4.38,1
CL-11081,ANON-0593,garbage is overflowing in the corridor on Floor 4,Cleanliness,Hostels,Washrooms,Floor 4,CL15,Friday,16,2026-03-13T16:05:00+05:30,3,Medium,47.0,84,1,Open,5.65,0
CL-11082,ANON-0102,internet disconnects repeatedly during the lecture in CR425 while the wifi is also unstable,Network,Academic & Teaching,CL15,Floor 2,CR425,Friday,12,2026-03-13T12:09:00+05:30,1,Critical,69.0,50,1,In Progress,7.77,0
CL-11083,ANON-0240,internet disconnects repeatedly during the lecture in CS1,Network,Library & Study,Aryabhatt Bhawan II,Floor 3,CS1,Wednesday,10,2026-03-13T10:07:00+05:30,4,Low,100.0,34,1,Open,4.78,0
CL-11084,ANON-0085,power socket near the desk is unsafe in CL15 !!!!,Electrical,Hostels,A2/1,Floor 3,CL15,Friday,8,2026-03-13T08:48:00+05:30,3,Medium,56.0,50,1,Resolved,4.77,0
CL-11085,ANON-0259,network authentication fails for students around Aryabhatt Bhawan II,Network,Library & Study,Aryabhatt Bhawan II,Floor 4,CL15,Monday,10,2026-03-13T10:01:00+05:30,1,Critical,49.0,27,1,In Progress,7.04,0
CL-11086,ANON-0118,very weak wifi signal on Floor 3 of LRC,Network,Labs & Research,LRC,Floor 3,CR425,Tuesday,9,2026-03-13T09:32:00+05:30,2,High,82.0,89,0,Escalated,4.9,0
CL-11087,ANON-0402,canteen queue is very long at 14:00 with one counter open,Canteen,Food,Cafeteria / Canteen,Floor 4,CS1,Thursday,14,2026-03-13T14:06:00+05:30,1,Critical,83.0,40,0,Resolved,6.93,0
CL-11088,ANON-0100,low water pressure reported around Water cooler,Water,Sports & Recreation,Water cooler,Floor 4,CL22,Wednesday,11,2026-03-14T11:40:00+05:30,4,Low,66.0,72,1,Resolved,4.76,1
CL-11089,ANON-0097,parking congestion blocks the entrance near Parking,Other,Administration,Parking,Floor 4,CL3,Thursday,14,2026-03-14T14:23:00+05:30,3,Medium,39.0,50,0,Resolved,3.32,0
CL-11090,ANON-0203,internet disconnects repeatedly during the lecture in CS1 and the room is overcrowded,Network,Library & Study,Aryabhatt Bhawan II,Floor 1,CS1,Saturday,12,2026-03-14T12:56:00+05:30,2,High,80.0,63,0,Resolved,5.3,0
CL-11091,ANON-0171,three lab systems freeze during compilation in FF6 while the wifi is also unstable,Lab Equipment,Labs & Research,CL1,Floor 4,FF6,Friday,8,2026-03-14T08:05:00+05:30,4,Low,37.0,39,1,Open,3.91,0
CL-11092,ANON-0136,two ceiling fans are not working in G2 students cannot continue class,Electrical,Academic & Teaching,CL22,Floor 2,G2,Friday,10,2026-03-14T10:05:00+05:30,3,Medium,49.0,88,1,Verified,6.95,0
CL-11093,ANON-0283,student common area is overcrowded after 16:00,Other,Administration,Auditorium,Floor 3,CS1,Monday,16,2026-03-14T16:05:00+05:30,3,Medium,68.0,41,0,In Progress,3.51,0
CL-11094,ANON-0551,spill outside CL15 creates a safety hazard after a power interruption,Cleanliness,Hostels,H4 Boys Hostel,Floor 2,CL15,Friday,11,2026-03-14T11:25:00+05:30,4,Low,76.0,24,0,Escalated,4.0,1
CL-11095,ANON-0137,broken writing desk is blocking the aisle in CS1,Infrastructure,Labs & Research,A2/1,Floor 4,CS1,Tuesday,13,2026-03-14T13:39:00+05:30,3,Medium,64.0,52,0,Open,4.71,0
CL-11096,ANON-0318,canteen queue is very long at 13:00 with one counter open while the wifi is also unstable,Canteen,Food,Cafeteria / Canteen,Floor 3,CL3,Friday,13,2026-03-14T13:34:00+05:30,4,Low,87.0,47,0,Resolved,4.45,0
CL-11097,ANON-0282,laboratory equipment reports a calibration error in FF6,Lab Equipment,Labs & Research,CL15,Floor 2,FF6,Friday,13,2026-03-14T13:07:00+05:30,2,High,67.0,36,1,Verified,7.45,0
CL-11098,ANON-0434,power socket near the desk is unsafe in CL3,Electrical,Academic & Teaching,H5 Boys Hostel,Floor 3,CL3,Wednesday,18,2026-03-14T18:47:00+05:30,2,High,40.0,83,0,Open,4.95,1
CL-11099,ANON-0075,projector in CS1 switches off after ten minutes,Infrastructure,Labs & Research,A2/1,Floor 4,CS1,Thursday,10,2026-03-14T10:54:00+05:30,2,High,76.0,45,0,Verified,6.26,1
CL-11100,ANON-0453,wifi becomes extremely slow near CR425 between 9:00 and 11:00 !!!! beside the canteen queue,Network,Academic & Teaching,LRC,Floor 3,CR425,Monday,9,2026-03-14T09:56:00+05:30,3,Medium,67.0,46,0,Resolved,5.74,0
CL-11101,ANON-0110,waiting time at Cafeteria / Canteen is more than twenty minutes,Canteen,Food,Cafeteria / Canteen,Floor 2,G2,Wednesday,14,2026-03-14T14:50:00+05:30,2,High,91.0,77,0,Escalated,5.89,0
CL-11102,ANON-0582,lights flicker repeatedly inside FF6,Electrical,Hostels,CL22,Floor 2,FF6,Thursday,17,2026-03-14T17:22:00+05:30,1,Critical,46.0,86,0,Resolved,5.59,0
CL-11103,ANON-0522,two ceiling fans are not working in TS17,Electrical,Hostels,H5 Boys Hostel,Ground Floor,TS17,Wednesday,15,2026-03-14T15:47:00+05:30,3,Medium,35.0,63,0,Open,3.77,1
CL-11104,ANON-0595,wifi becomes extremely slow near CR425 between 10:00 and 12:00 this happens repeatedly,Network,Labs & Research,CL15,Ground Floor,CR425,Saturday,10,2026-03-15T10:12:00+05:30,1,Critical,57.0,43,1,Resolved,5.65,0
CL-11105,ANON-0420,wifi becomes extremely slow near CL22 between 12:00 and 14:00,Network,Library & Study,CL15,Floor 4,CL22,Wednesday,12,2026-03-15T12:40:00+05:30,4,Low,79.0,43,0,Verified,2.9,0
CL-11106,ANON-0255,internet disconnects repeatedly during the lecture in CR425 near a water cooler,Network,Library & Study,Aryabhatt Bhawan II,Floor 3,CR425,Thursday,10,2026-03-15T10:10:00+05:30,3,Medium,69.0,56,0,Open,4.59,0
CL-11107,ANON-0547,laboratory equipment reports a calibration error in FF6 near a water cooler,Lab Equipment,Labs & Research,CL1,Floor 1,FF6,Wednesday,15,2026-03-15T15:10:00+05:30,2,High,14.0,31,0,Open,3.37,1
CL-11108,ANON-0310,internet disconnects repeatedly during the lecture in CS1,Network,Library & Study,LRC,Ground Floor,CS1,Tuesday,14,2026-03-15T14:52:00+05:30,2,High,52.0,49,0,In Progress,5.15,1
CL-11109,ANON-0405,internet disconnects repeatedly during the lecture in TS17 and the room is overcrowded,Network,Labs & Research,Aryabhatt Bhawan II,Floor 2,TS17,Thursday,10,2026-03-15T10:07:00+05:30,4,Low,74.0,31,0,Escalated,3.4,0
CL-11110,ANON-0109,food counter is overcrowded between 14:00 and 16:00,Canteen,Food,Annapurna / Main Mess,Floor 4,CS1,Wednesday,14,2026-03-15T14:22:00+05:30,2,High,82.0,63,1,In Progress,6.88,0
CL-11111,ANON-0586,very weak wifi signal on Ground Floor of LRC,Network,Library & Study,LRC,Ground Floor,CL22,Friday,11,2026-03-15T11:05:00+05:30,3,Medium,74.0,39,0,In Progress,4.51,1
CL-11112,ANON-0407,very weak wifi signal on Floor 3 of LRC near a water cooler,Network,Labs & Research,LRC,Floor 3,CS1,Tuesday,12,2026-03-15T12:03:00+05:30,3,Medium,78.0,63,0,Escalated,5.1,0
CL-11113,ANON-0027,projector in CR425 switches off after ten minutes,Infrastructure,Labs & Research,Aryabhatt Bhawan II,Floor 1,CR425,Tuesday,17,2026-03-15T17:55:00+05:30,4,Low,76.0,30,1,Open,4.94,0
CL-11114,ANON-0184,wifi becomes extremely slow near CL3 between 14:00 and 16:00 while the wifi is also unstable,Network,Labs & Research,CL15,Floor 4,CL3,Wednesday,14,2026-03-15T14:07:00+05:30,2,High,90.0,45,0,Open,5.26,1
CL-11115,ANON-0269,projector in CL3 switches off after ten minutes,Infrastructure,Academic & Teaching,A2/1,Floor 2,CL3,Thursday,13,2026-03-15T13:31:00+05:30,4,Low,43.0,35,1,Verified,4.28,0
CL-11116,ANON-0329,garbage is overflowing in the corridor on Floor 3 beside the canteen queue,Cleanliness,Hostels,H4 Boys Hostel,Floor 3,CS1,Thursday,12,2026-03-15T12:01:00+05:30,3,Medium,72.0,44,1,In Progress,6.28,1
CL-11117,ANON-0292,computer fails to boot during practical class in CL3,Lab Equipment,Labs & Research,CL1,Floor 3,CL3,Tuesday,9,2026-03-15T09:01:00+05:30,2,High,64.0,56,0,Resolved,5.84,0
CL-11118,ANON-0138,internet disconnects repeatedly during the lecture in CL22,Other,Library & Study,Aryabhatt Bhawan II,Floor 4,CL22,Wednesday,10,2026-03-15T10:39:00+05:30,3,Medium,55.0,85,1,Resolved,5.04,0
CL-11119,ANON-0547,floor near H4 Boys Hostel is dirty and slippery,Cleanliness,General & Utilities,H4 Boys Hostel,Ground Floor,CR425,Tuesday,8,2026-03-15T08:56:00+05:30,1,Critical,75.0,40,0,Resolved,6.34,0
CL-11120,ANON-0131,projector hdmi port is loose in CL22 !!!!,Infrastructure,Academic & Teaching,CL3,Floor 4,CL22,Wednesday,14,2026-03-16T14:53:00+05:30,2,High,74.0,51,0,Resolved,5.74,1
CL-11121,ANON-0270,projector hdmi port is loose in CL3,Infrastructure,Academic & Teaching,A2/1,Floor 1,CL3,Tuesday,10,2026-03-16T10:07:00+05:30,1,Critical,69.0,46,1,Verified,7.56,1
CL-11122,ANON-0185,broken writing desk is blocking the aisle in FF6,Infrastructure,Academic & Teaching,CL3,Floor 1,FF6,Tuesday,10,2026-03-16T10:39:00+05:30,5,Low,63.0,85,0,Resolved,2.73,1
CL-11123,ANON-0565,power socket near the desk is unsafe in CS1 students cannot continue class,Electrical,Labs & Research,A2/1,Floor 1,CS1,Wednesday,18,2026-03-16T18:53:00+05:30,4,Low,71.0,45,0,Open,4.46,0
CL-11124,ANON-0554,billing queue reaches the stairwell near Cafeteria / Canteen please fix urgently,Canteen,Food,Cafeteria / Canteen,Floor 2,CL3,Saturday,13,2026-03-16T13:44:00+05:30,4,Low,80.0,47,0,Verified,3.75,0
CL-11125,ANON-0249,spill outside CS1 creates a safety hazard near a water cooler,Cleanliness,Hostels,Aryabhatt Bhawan III,Ground Floor,CS1,Saturday,9,2026-03-16T09:21:00+05:30,3,Medium,49.0,64,0,Resolved,4.34,0
CL-11126,ANON-0285,student common area is overcrowded after 9:00,Other,Administration,Main Gate,Floor 4,CL22,Friday,9,2026-03-16T09:08:00+05:30,2,High,48.0,55,0,Escalated,5.11,1
CL-11127,ANON-0059,very weak wifi signal on Floor 4 of LRC,Network,Library & Study,LRC,Floor 4,FF6,Wednesday,10,2026-03-16T10:26:00+05:30,1,Critical,87.0,64,0,Open,6.27,0
CL-11128,ANON-0417,very weak wifi signal on Floor 1 of CL15,Network,Library & Study,CL15,Floor 1,CL22,Saturday,10,2026-03-16T10:30:00+05:30,2,High,86.0,60,0,Open,6.4,0
CL-11129,ANON-0094,network authentication fails for students around CL15,Network,Library & Study,CL15,Floor 2,TS17,Friday,11,2026-03-16T11:28:00+05:30,1,Critical,100.0,83,1,Verified,7.19,1
CL-11130,ANON-0468,garbage is overflowing in the corridor on Floor 4 while the wifi is also unstable,Cleanliness,General & Utilities,H4 Boys Hostel,Floor 4,TS17,Saturday,15,2026-03-16T15:18:00+05:30,2,High,69.0,58,0,Resolved,5.54,0
CL-11131,ANON-0065,projector hdmi port is loose in FF6,Infrastructure,Academic & Teaching,CL3,Floor 2,FF6,Wednesday,8,2026-03-16T08:33:00+05:30,3,Medium,21.0,51,0,In Progress,4.17,1
CL-11132,ANON-0077,washroom near CS1 has not been cleaned today while the wifi is also unstable,Cleanliness,Academic & Teaching,Aryabhatt Bhawan III,Floor 2,CS1,Tuesday,15,2026-03-16T15:31:00+05:30,2,High,48.0,32,0,Resolved,4.89,0
CL-11133,ANON-0380,three lab systems freeze during compilation in TS17 after a power interruption,Lab Equipment,Labs & Research,CL22,Ground Floor,TS17,Tuesday,15,2026-03-16T15:51:00+05:30,1,Critical,49.0,79,0,Resolved,4.77,1
CL-11134,ANON-0165,projector hdmi port is loose in CL15 students cannot continue class,Infrastructure,Academic & Teaching,A2/1,Floor 4,CL15,Thursday,14,2026-03-16T14:44:00+05:30,2,High,62.0,61,0,Resolved,5.24,1
CL-11135,ANON-0513,internet disconnects repeatedly during the lecture in FF6,Network,Labs & Research,Aryabhatt Bhawan II,Ground Floor,FF6,Monday,10,2026-03-16T10:27:00+05:30,5,Low,88.0,52,0,Escalated,3.88,0
CL-11136,ANON-0376,internet disconnects repeatedly during the lecture in TS17,Network,Library & Study,CL3,Floor 4,TS17,Tuesday,11,2026-03-17T11:31:00+05:30,2,High,81.0,70,1,Open,6.51,0
CL-11137,ANON-0481,washroom near CS1 has not been cleaned today,Cleanliness,Academic & Teaching,Aryabhatt Bhawan III,Floor 4,CS1,Wednesday,16,2026-03-17T16:50:00+05:30,5,Low,82.0,35,0,In Progress,3.37,1
CL-11138,ANON-0549,broken writing desk is blocking the aisle in CL3,Infrastructure,Labs & Research,Aryabhatt Bhawan II,Floor 3,CL3,Wednesday,9,2026-03-17T09:40:00+05:30,2,High,45.0,65,1,Verified,5.71,0
CL-11139,ANON-0525,internet disconnects repeatedly during the lecture in CS1,Network,Labs & Research,CL15,Floor 1,CS1,Wednesday,10,2026-03-17T10:25:00+05:30,2,High,57.0,52,1,In Progress,5.87,0
CL-11140,ANON-0256,FLOOR NEAR H4 BOYS HOSTEL IS DIRTY AND SLIPPERY STUDENTS CANNOT CONTINUE CLASS   !!!,Other,General & Utilities,H4 Boys Hostel,Floor 4,G2,Friday,17,2026-03-17T17:30:00+05:30,2,High,75.0,55,1,In Progress,6.4,1
CL-11141,ANON-0377,computer fails to boot during practical class in G2,Lab Equipment,Labs & Research,CL22,Floor 2,G2,Thursday,15,2026-03-17T15:26:00+05:30,2,High,85.0,33,1,Open,6.99,0
CL-11142,ANON-0001,canteen queue is very long at 12:00 with one counter open,Canteen,Food,Annapurna / Main Mess,Floor 4,CR425,Wednesday,12,2026-03-17T12:51:00+05:30,2,High,100.0,60,0,Escalated,5.99,1
CL-11143,ANON-0341,canteen queue is very long at 13:00 with one counter open,Canteen,Food,Annapurna / Main Mess,Floor 1,CR425,Saturday,13,2026-03-17T13:46:00+05:30,1,Critical,75.0,72,0,Open,4.86,1
CL-11144,ANON-0398,unclassified campus issue reported around Main Gate and the room is overcrowded,Other,Sports & Recreation,Main Gate,Ground Floor,CL22,Wednesday,17,2026-03-17T17:47:00+05:30,4,Low,39.0,52,1,Resolved,3.49,0
CL-11145,ANON-0071,wifi becomes extremely slow near CL22 between 11:00 and 13:00,Network,Academic & Teaching,CL3,Ground Floor,CL22,Thursday,11,2026-03-17T11:09:00+05:30,2,High,80.0,46,1,Escalated,6.82,0
CL-11146,ANON-0491,billing queue reaches the stairwell near Cafeteria / Canteen,Canteen,Food,Cafeteria / Canteen,Floor 1,CR425,Monday,14,2026-03-17T14:33:00+05:30,1,Critical,66.0,66,0,Resolved,5.99,0
CL-11147,ANON-0052,laboratory equipment reports a calibration error in CL15,Lab Equipment,Labs & Research,ECE Labs,Floor 4,CL15,Monday,10,2026-03-17T10:17:00+05:30,1,Critical,56.0,24,1,Resolved,6.92,1
CL-11148,ANON-0101,projector in CL22 switches off after ten minutes,Infrastructure,Labs & Research,Aryabhatt Bhawan II,Floor 3,CL22,Monday,14,2026-03-17T14:04:00+05:30,1,Critical,41.0,56,0,Resolved,5.76,0
CL-11149,ANON-0127,classroom door and several chairs need repair on Floor 2,Infrastructure,Labs & Research,A2/2,Floor 2,CL3,Friday,14,2026-03-17T14:03:00+05:30,2,High,27.0,49,1,Open,5.65,1
CL-11150,ANON-0295,water point near Swimming Pool is not operational students cannot continue class,Water,Hostels,Swimming Pool,Floor 4,CL22,Monday,11,2026-03-17T11:04:00+05:30,1,Critical,65.0,51,0,In Progress,5.6,1
CL-11151,ANON-0185,signage is missing for CL22 on Floor 1 after a power interruption,Other,General & Utilities,Administration Block,Floor 1,CL22,Monday,9,2026-03-17T09:15:00+05:30,3,Medium,47.0,22,0,Resolved,4.35,0
CL-11152,ANON-0310,projector in G2 switches off after ten minutes,Infrastructure,Labs & Research,A2/1,Floor 3,G2,Thursday,10,2026-03-18T10:16:00+05:30,2,High,60.0,54,0,Verified,4.72,0
CL-11153,ANON-0189,INTERNET DISCONNECTS REPEATEDLY DURING THE LECTURE IN TS17 AFTER A POWER INTERRUPTION   !!!,Network,Labs & Research,CL15,Floor 2,TS17,Monday,14,2026-03-18T14:13:00+05:30,4,Low,100.0,75,0,In Progress,4.5,1
CL-11154,ANON-0499,classroom door and several chairs need repair on Floor 1 please fix urgently,Infrastructure,Labs & Research,A2/1,Floor 1,CR425,Friday,15,2026-03-18T15:06:00+05:30,4,Low,41.0,58,1,Verified,3.42,1
CL-11155,ANON-0089,unclassified campus issue reported around Auditorium and the room is overcrowded,Other,General & Utilities,Auditorium,Floor 2,FF6,Monday,14,2026-03-18T14:48:00+05:30,4,Low,37.0,70,1,Open,3.72,0
CL-11156,ANON-0438,WAITING TIME AT ANNAPURNA / MAIN MESS IS MORE THAN TWENTY MINUTES   !!!,Canteen,Food,Annapurna / Main Mess,Floor 2,CS1,Wednesday,12,2026-03-18T12:56:00+05:30,2,High,100.0,74,0,Verified,6.11,0
CL-11157,ANON-0330,power socket near the desk is unsafe in CL15,Electrical,Hostels,A2/1,Floor 3,CL15,Tuesday,8,2026-03-18T08:24:00+05:30,2,High,51.0,75,1,Resolved,5.94,0
CL-11158,ANON-0181,waiting time at Annapurna / Main Mess is more than twenty minutes !!!!,Canteen,Food,Annapurna / Main Mess,Floor 1,CR425,Thursday,13,2026-03-18T13:29:00+05:30,1,Critical,100.0,53,0,In Progress,6.26,0
CL-11159,ANON-0236,spill outside FF6 creates a safety hazard after a power interruption,Cleanliness,General & Utilities,H4 Boys Hostel,Ground Floor,FF6,Monday,9,2026-03-18T09:33:00+05:30,2,High,41.0,96,0,In Progress,4.17,1
CL-11160,ANON-0001,food counter is overcrowded between 14:00 and 16:00,Canteen,Food,Annapurna / Main Mess,Floor 2,CR425,Tuesday,14,2026-03-18T14:48:00+05:30,1,Critical,100.0,80,0,In Progress,6.83,1
CL-11161,ANON-0169,projector in G2 switches off after ten minutes,Infrastructure,Academic & Teaching,A2/2,Floor 3,G2,Thursday,13,2026-03-18T13:40:00+05:30,2,High,47.0,49,0,In Progress,4.28,1
CL-11162,ANON-0064,broken writing desk is blocking the aisle in G2 after a power interruption,Infrastructure,Labs & Research,CL3,Floor 1,G2,Saturday,14,2026-03-18T14:44:00+05:30,3,Medium,43.0,42,0,Escalated,3.47,0
CL-11163,ANON-0444,billing queue reaches the stairwell near Cafeteria / Canteen this happens repeatedly,Canteen,Food,Cafeteria / Canteen,Floor 1,FF6,Saturday,12,2026-03-18T12:09:00+05:30,3,Medium,90.0,68,0,Open,4.23,0
CL-11164,ANON-0024,network authentication fails for students around CL3 please fix urgently,Network,Library & Study,CL3,Floor 3,CR425,Friday,10,2026-03-18T10:55:00+05:30,1,Critical,93.0,63,0,Verified,5.47,1
CL-11165,ANON-0429,projector in CL15 switches off after ten minutes beside the canteen queue,Infrastructure,Academic & Teaching,A2/1,Floor 4,CL15,Monday,18,2026-03-18T18:13:00+05:30,4,Low,69.0,47,0,Resolved,3.4,0
CL-11166,ANON-0123,classroom door and several chairs need repair on Floor 1 after a power interruption,Infrastructure,Academic & Teaching,A2/1,Floor 1,CL15,Tuesday,9,2026-03-18T09:22:00+05:30,1,Critical,53.0,96,1,In Progress,6.25,0
CL-11167,ANON-0207,water point near Swimming Pool is not operational !!!!,Water,General & Utilities,Swimming Pool,Floor 3,FF6,Thursday,16,2026-03-18T16:25:00+05:30,4,Low,52.0,77,0,Verified,4.24,0
CL-11168,ANON-0241,low water pressure reported around Water cooler,Water,Sports & Recreation,Water cooler,Floor 2,G2,Tuesday,15,2026-03-19T15:37:00+05:30,3,Medium,39.0,53,1,In Progress,5.75,0
CL-11169,ANON-0299,wifi becomes extremely slow near G2 between 9:00 and 11:00 this happens repeatedly,Network,Academic & Teaching,CL15,Floor 3,G2,Thursday,9,2026-03-19T09:09:00+05:30,2,High,84.0,88,1,Resolved,7.11,1
CL-11170,ANON-0126,drinking water cooler near CS1 is empty beside the canteen queue,Water,Sports & Recreation,Water cooler,Floor 4,CS1,Wednesday,15,2026-03-19T15:53:00+05:30,3,Medium,46.0,80,0,Resolved,3.23,0
CL-11171,ANON-0280,broken writing desk is blocking the aisle in CR425 this happens repeatedly,Infrastructure,Labs & Research,A2/2,Floor 2,CR425,Monday,17,2026-03-19T17:55:00+05:30,4,Low,43.0,23,0,In Progress,3.8,1
CL-11172,ANON-0344,parking congestion blocks the entrance near Auditorium,Lab Equipment,Sports & Recreation,Auditorium,Ground Floor,FF6,Saturday,14,2026-03-19T14:16:00+05:30,1,Critical,65.0,82,0,In Progress,6.58,0
CL-11173,ANON-0427,waiting time at Cafeteria / Canteen is more than twenty minutes,Canteen,Food,Cafeteria / Canteen,Floor 2,CS1,Friday,14,2026-03-19T14:36:00+05:30,2,High,88.0,70,1,Verified,7.48,0
CL-11174,ANON-0590,canteen queue is very long at 13:00 with one counter open,Canteen,Food,Cafeteria / Canteen,Floor 2,TS17,Friday,13,2026-03-19T13:41:00+05:30,4,Low,100.0,62,0,Open,3.38,0
CL-11175,ANON-0408,food counter is overcrowded between 13:00 and 15:00,Canteen,Food,Cafeteria / Canteen,Floor 1,CR425,Saturday,13,2026-03-19T13:52:00+05:30,3,Medium,92.0,77,1,In Progress,6.53,1
CL-11176,ANON-0455,three lab systems freeze during compilation in CR425,Cleanliness,Labs & Research,ECE Labs,Floor 4,CR425,Thursday,13,2026-03-19T13:27:00+05:30,4,Low,57.0,55,0,Verified,3.19,0
CL-11177,ANON-0424,projector in CS1 switches off after ten minutes please fix urgently,Infrastructure,Academic & Teaching,Aryabhatt Bhawan II,Floor 2,CS1,Saturday,11,2026-03-19T11:46:00+05:30,2,High,60.0,62,1,Verified,6.15,0
CL-11178,ANON-0485,two ceiling fans are not working in CL15,Electrical,Academic & Teaching,CL22,Floor 2,CL15,Friday,11,2026-03-19T11:28:00+05:30,2,High,37.0,42,0,Resolved,5.64,1
CL-11179,ANON-0470,projector hdmi port is loose in CL15,Infrastructure,Labs & Research,CL3,Floor 4,CL15,Monday,16,2026-03-19T16:45:00+05:30,3,Medium,39.0,73,1,In Progress,4.86,1
CL-11180,ANON-0493,garbage is overflowing in the corridor on Floor 4,Cleanliness,Academic & Teaching,Aryabhatt Bhawan III,Floor 4,FF6,Tuesday,11,2026-03-19T11:40:00+05:30,1,Critical,44.0,50,0,In Progress,5.49,1
CL-11181,ANON-0134,very weak wifi signal on Floor 2 of CL15 after a power interruption,Network,Library & Study,CL15,Floor 2,FF6,Tuesday,11,2026-03-19T11:48:00+05:30,4,Low,100.0,54,1,In Progress,6.72,0
CL-11182,ANON-0264,internet disconnects repeatedly during the lecture in G2,Network,Academic & Teaching,CL15,Floor 3,G2,Thursday,11,2026-03-19T11:36:00+05:30,4,Low,53.0,50,0,Verified,4.17,0
CL-11183,ANON-0043,classroom door and several chairs need repair on Ground Floor students cannot continue class beside the canteen queue,Infrastructure,Labs & Research,Aryabhatt Bhawan II,Ground Floor,TS17,Saturday,18,2026-03-19T18:02:00+05:30,1,Critical,48.0,62,0,Open,5.68,1
CL-11184,ANON-0444,two ceiling fans are not working in CR425 students cannot continue class while the wifi is also unstable,Electrical,Academic & Teaching,H5 Boys Hostel,Floor 1,CR425,Wednesday,13,2026-03-20T13:06:00+05:30,3,Medium,52.0,62,1,Open,4.82,0
CL-11185,ANON-0244,waiting time at Cafeteria / Canteen is more than twenty minutes this happens repeatedly,Canteen,Food,Cafeteria / Canteen,Floor 2,CL15,Tuesday,13,2026-03-20T13:19:00+05:30,3,Medium,86.0,65,0,Open,4.62,0
CL-11186,ANON-0195,network authentication fails for students around CL3,Network,Labs & Research,CL3,Ground Floor,CL15,Saturday,11,2026-03-20T11:32:00+05:30,4,Low,62.0,58,0,Resolved,3.83,0
CL-11187,ANON-0033,network authentication fails for students around LRC,Network,Academic & Teaching,LRC,Floor 4,FF6,Monday,10,2026-03-20T10:22:00+05:30,3,Medium,82.0,57,0,Open,4.92,0
CL-11188,ANON-0342,garbage is overflowing in the corridor on Floor 1,Cleanliness,General & Utilities,Washrooms,Floor 1,CL3,Thursday,16,2026-03-20T16:31:00+05:30,1,Critical,61.0,41,0,Resolved,5.77,0
CL-11189,ANON-0087,very weak wifi signal on Ground Floor of CL3,Network,Academic & Teaching,CL3,Ground Floor,G2,Friday,9,2026-03-20T09:18:00+05:30,1,Critical,66.0,53,0,In Progress,4.93,1
CL-11190,ANON-0505,wifi becomes extremely slow near CL22 between 12:00 and 14:00 beside the canteen queue,Network,Labs & Research,CL3,Floor 2,CL22,Wednesday,12,2026-03-20T12:52:00+05:30,3,Medium,82.0,73,0,Resolved,5.06,0
CL-11191,ANON-0576,wifi becomes extremely slow near CL15 between 11:00 and 13:00,Network,Labs & Research,Aryabhatt Bhawan II,Floor 1,CL15,Friday,11,2026-03-20T11:58:00+05:30,1,Critical,64.0,64,0,Resolved,5.81,1
CL-11192,ANON-0008,wifi becomes extremely slow near FF6 between 11:00 and 13:00 and the room is overcrowded,Network,Library & Study,LRC,Ground Floor,FF6,Saturday,11,2026-03-20T11:46:00+05:30,2,High,89.0,36,1,Verified,5.59,0
CL-11193,ANON-0132,very weak wifi signal on Floor 1 of Aryabhatt Bhawan II,Network,Academic & Teaching,Aryabhatt Bhawan II,Floor 1,CL3,Thursday,10,2026-03-20T10:28:00+05:30,2,High,77.0,57,0,Resolved,4.17,1
CL-11194,ANON-0447,classroom door and several chairs need repair on Floor 3 this happens repeatedly,Other,Labs & Research,A2/2,Floor 3,CS1,Wednesday,12,2026-03-20T12:19:00+05:30,2,High,49.0,67,1,Resolved,5.8,1
CL-11195,ANON-0152,broken writing desk is blocking the aisle in CR425,Infrastructure,Labs & Research,A2/1,Ground Floor,CR425,Tuesday,14,2026-03-20T14:10:00+05:30,1,Critical,48.0,55,0,Escalated,5.87,1
CL-11196,ANON-0415,projector hdmi port is loose in TS17,Infrastructure,Labs & Research,A2/2,Floor 2,TS17,Tuesday,17,2026-03-20T17:08:00+05:30,1,Critical,61.0,52,1,Verified,6.51,0
CL-11197,ANON-0340,classroom door and several chairs need repair on Floor 2 students cannot continue class,Infrastructure,Labs & Research,CL3,Floor 2,CS1,Monday,11,2026-03-20T11:29:00+05:30,5,Low,68.0,46,1,In Progress,5.39,1
CL-11198,ANON-0330,waiting time at Cafeteria / Canteen is more than twenty minutes,Canteen,Food,Cafeteria / Canteen,Floor 4,TS17,Friday,14,2026-03-20T14:21:00+05:30,3,Medium,100.0,94,1,Resolved,6.54,0
CL-11199,ANON-0529,very weak wifi signal on Floor 3 of CL15,Network,Academic & Teaching,CL15,Floor 3,TS17,Monday,10,2026-03-20T10:38:00+05:30,4,Low,98.0,35,1,Escalated,5.61,0
CL-11200,ANON-0244,broken writing desk is blocking the aisle in CL22 after a power interruption,Infrastructure,Academic & Teaching,A2/1,Floor 4,CL22,Friday,15,2026-03-21T15:16:00+05:30,4,Low,46.0,34,0,Resolved,2.93,0
CL-11201,ANON-0010,laboratory equipment reports a calibration error in CR425,Lab Equipment,Labs & Research,CL3,Floor 2,CR425,Tuesday,10,2026-03-21T10:40:00+05:30,2,High,66.0,60,1,Open,6.87,1
CL-11202,ANON-0124,projector hdmi port is loose in CR425,Infrastructure,Academic & Teaching,CL3,Floor 4,CR425,Friday,9,2026-03-21T09:17:00+05:30,4,Low,89.0,35,1,Escalated,5.56,1
CL-11203,ANON-0077,water is leaking into the corridor on Ground Floor please fix urgently,Water,General & Utilities,Water cooler,Ground Floor,CL15,Friday,15,2026-03-21T15:44:00+05:30,2,High,64.0,60,0,Open,4.45,0
CL-11204,ANON-0269,network authentication fails for students around LRC,Network,Academic & Teaching,LRC,Floor 1,TS17,Monday,11,2026-03-21T11:59:00+05:30,1,Critical,65.0,67,0,In Progress,6.44,0
CL-11205,ANON-0273,spill outside TS17 creates a safety hazard,Cleanliness,Hostels,H4 Boys Hostel,Floor 3,TS17,Tuesday,17,2026-03-21T17:20:00+05:30,3,Medium,56.0,21,0,Resolved,4.4,1
CL-11206,ANON-0352,very weak wifi signal on Floor 1 of CL15,Network,Labs & Research,CL15,Floor 1,TS17,Wednesday,10,2026-03-21T10:55:00+05:30,3,Medium,100.0,20,1,Verified,7.06,0
CL-11207,ANON-0288,projector hdmi port is loose in CR425,Infrastructure,Labs & Research,Aryabhatt Bhawan II,Floor 1,CR425,Thursday,14,2026-03-21T14:59:00+05:30,3,Medium,43.0,64,0,Verified,4.6,0
CL-11208,ANON-0540,low water pressure reported around Water cooler,Water,Sports & Recreation,Water cooler,Floor 1,G2,Thursday,9,2026-03-21T09:09:00+05:30,3,Medium,78.0,44,0,Open,4.99,0
CL-11209,ANON-0129,laboratory equipment reports a calibration error in FF6,Lab Equipment,Labs & Research,ECE Labs,Ground Floor,FF6,Saturday,18,2026-03-21T18:18:00+05:30,2,High,38.0,59,0,Open,4.4,0
CL-11210,ANON-0107,power socket near the desk is unsafe in TS17,Electrical,Academic & Teaching,H5 Boys Hostel,Floor 4,TS17,Monday,9,2026-03-21T09:54:00+05:30,1,Critical,71.0,59,0,Resolved,5.75,1
CL-11211,ANON-0119,water is leaking into the corridor on Floor 2 !!!! while the wifi is also unstable,Cleanliness,Sports & Recreation,Water cooler,Floor 2,CL3,Monday,8,2026-03-21T08:47:00+05:30,1,Critical,82.0,56,0,Verified,6.38,1
CL-11212,ANON-0580,classroom door and several chairs need repair on Floor 3,Infrastructure,Academic & Teaching,CL3,Floor 3,CL22,Wednesday,18,2026-03-21T18:44:00+05:30,2,High,,20,1,Open,6.49,1
CL-11213,ANON-0363,signage is missing for CR425 on Floor 2,Other,General & Utilities,Parking,Floor 2,CR425,Friday,18,2026-03-21T18:53:00+05:30,2,High,74.0,79,0,Open,5.69,1
CL-11214,ANON-0499,power socket near the desk is unsafe in TS17 this happens repeatedly,Electrical,Labs & Research,A2/1,Floor 3,TS17,Monday,10,2026-03-21T10:24:00+05:30,4,Low,80.0,65,1,Verified,4.86,0
CL-11215,ANON-0318,spill outside TS17 creates a safety hazard,Lab Equipment,Hostels,Aryabhatt Bhawan III,Floor 4,TS17,Thursday,8,2026-03-21T08:59:00+05:30,5,Low,72.0,79,1,Open,5.98,0
CL-11216,ANON-0411,water point near Girls Hostel is not operational,Water,Sports & Recreation,Girls Hostel,Floor 3,CL22,Friday,13,2026-03-22T13:10:00+05:30,4,Low,49.0,88,0,In Progress,2.75,0
CL-11217,ANON-0196,lights flicker repeatedly inside CL3 please fix urgently,Electrical,Labs & Research,H5 Boys Hostel,Floor 3,CL3,Monday,18,2026-03-22T18:43:00+05:30,3,Medium,32.0,93,0,Verified,3.12,0
CL-11218,ANON-0380,broken writing desk is blocking the aisle in FF6,Infrastructure,Labs & Research,A2/1,Ground Floor,FF6,Tuesday,8,2026-03-22T08:25:00+05:30,5,Low,52.0,38,1,Verified,2.81,1
CL-11219,ANON-0229,broken writing desk is blocking the aisle in CR425,Infrastructure,Academic & Teaching,A2/1,Floor 2,CR425,Monday,8,2026-03-22T08:38:00+05:30,1,Critical,76.0,38,0,In Progress,4.8,1
CL-11220,ANON-0511,monitor and keyboard are not detected at workstation in FF6,Lab Equipment,Labs & Research,CL22,Floor 2,FF6,Tuesday,12,2026-03-22T12:04:00+05:30,2,High,84.0,38,1,Open,6.1,0
CL-11221,ANON-0239,spill outside CR425 creates a safety hazard,Cleanliness,General & Utilities,H4 Boys Hostel,Floor 1,CR425,Saturday,15,2026-03-22T15:47:00+05:30,2,High,41.0,37,1,Open,5.91,0
CL-11222,ANON-0587,very weak wifi signal on Floor 4 of CL15 students cannot continue class,Network,Academic & Teaching,CL15,Floor 4,G2,Friday,10,2026-03-22T10:54:00+05:30,4,Low,,51,0,Open,3.2,1
CL-11223,ANON-0375,three lab systems freeze during compilation in CL22,Lab Equipment,Labs & Research,CL1,Floor 3,CL22,Tuesday,17,2026-03-22T17:48:00+05:30,4,Low,44.0,45,1,Open,4.31,0
CL-11224,ANON-0053,very weak wifi signal on Floor 2 of CL3,Network,Library & Study,CL3,Floor 2,CR425,Tuesday,10,2026-03-22T10:31:00+05:30,5,Low,89.0,47,1,In Progress,5.03,1
CL-11225,ANON-0332,very weak wifi signal on Floor 4 of LRC !!!!,Network,Academic & Teaching,LRC,Floor 4,CL15,Monday,9,2026-03-22T09:57:00+05:30,3,Medium,100.0,47,1,Open,5.02,1
CL-11226,ANON-0325,network authentication fails for students around Aryabhatt Bhawan II this happens repeatedly,Network,Academic & Teaching,Aryabhatt Bhawan II,Floor 3,FF6,Saturday,9,2026-03-22T09:57:00+05:30,3,Medium,57.0,73,1,Verified,4.39,1
CL-11227,ANON-0402,very weak wifi signal on Floor 1 of CL15,Network,Labs & Research,CL15,Floor 1,CL15,Monday,10,2026-03-22T10:51:00+05:30,3,Medium,96.0,52,0,Verified,5.17,1
CL-11228,ANON-0176,very weak wifi signal on Ground Floor of Aryabhatt Bhawan II,Network,Library & Study,Aryabhatt Bhawan II,Ground Floor,CS1,Monday,9,2026-03-22T09:19:00+05:30,1,Critical,81.0,55,0,Resolved,5.34,1
CL-11229,ANON-0085,canteen queue is very long at 13:00 with one counter open,Lab Equipment,Food,Annapurna / Main Mess,Floor 2,G2,Thursday,13,2026-03-22T13:31:00+05:30,3,Medium,87.0,52,0,Verified,4.63,0
CL-11230,ANON-0531,laboratory equipment reports a calibration error in CL22,Lab Equipment,Labs & Research,CL22,Floor 3,CL22,Tuesday,12,2026-03-22T12:49:00+05:30,3,Medium,41.0,55,1,Resolved,6.07,0
CL-11231,ANON-0012,garbage is overflowing in the corridor on Floor 3,Cleanliness,Academic & Teaching,H4 Boys Hostel,Floor 3,G2,Wednesday,15,2026-03-22T15:03:00+05:30,2,High,47.0,41,0,Open,5.16,0
CL-11232,ANON-0422,internet disconnects repeatedly during the lecture in CR425,Network,Library & Study,Aryabhatt Bhawan II,Floor 2,CR425,Tuesday,11,2026-03-23T11:42:00+05:30,4,Low,65.0,66,1,Verified,4.87,0
CL-11233,ANON-0183,broken writing desk is blocking the aisle in CL22 !!!!,Infrastructure,Labs & Research,A2/2,Floor 3,CL22,Friday,8,2026-03-23T08:52:00+05:30,2,High,61.0,47,0,Escalated,3.79,1
CL-11234,ANON-0169,network authentication fails for students around CL15,Network,Labs & Research,CL15,Floor 4,CL3,Wednesday,11,2026-03-23T11:43:00+05:30,3,Medium,50.0,51,1,In Progress,5.6,0
CL-11235,ANON-0517,low water pressure reported around Water cooler this happens repeatedly,Water,General & Utilities,Water cooler,Floor 4,FF6,Friday,8,2026-03-23T08:00:00+05:30,1,Critical,57.0,53,0,Open,4.71,1
CL-11236,ANON-0005,wifi becomes extremely slow near CL22 between 12:00 and 14:00,Network,Library & Study,Aryabhatt Bhawan II,Floor 3,CL22,Thursday,12,2026-03-23T12:28:00+05:30,3,Medium,80.0,32,0,Open,4.67,0
CL-11237,ANON-0219,internet disconnects repeatedly during the lecture in TS17 !!!!,Network,Academic & Teaching,CL15,Ground Floor,TS17,Friday,9,2026-03-23T09:54:00+05:30,2,High,100.0,75,1,In Progress,6.81,1
CL-11238,ANON-0176,monitor and keyboard are not detected at workstation in G2,Lab Equipment,Labs & Research,ECE Labs,Ground Floor,G2,Saturday,10,2026-03-23T10:15:00+05:30,2,High,37.0,50,1,Verified,5.56,0
CL-11239,ANON-0470,classroom door and several chairs need repair on Floor 3,Lab Equipment,Academic & Teaching,Aryabhatt Bhawan II,Floor 3,CR425,Friday,11,2026-03-23T11:57:00+05:30,2,High,46.0,56,1,Resolved,6.1,0
CL-11240,ANON-0548,network authentication fails for students around CL15,Network,Library & Study,CL15,Ground Floor,G2,Friday,9,2026-03-23T09:29:00+05:30,2,High,67.0,51,0,Resolved,5.0,0
CL-11241,ANON-0133,wifi becomes extremely slow near FF6 between 11:00 and 13:00,Network,Academic & Teaching,LRC,Ground Floor,FF6,Friday,11,2026-03-23T11:04:00+05:30,4,Low,87.0,36,1,In Progress,4.11,1
CL-11242,ANON-0438,projector hdmi port is loose in CL15 beside the canteen queue,Infrastructure,Academic & Teaching,A2/1,Floor 4,CL15,Saturday,17,2026-03-23T17:47:00+05:30,3,Medium,81.0,61,1,Resolved,5.48,0
CL-11243,ANON-0262,internet disconnects repeatedly during the lecture in CL3,Network,Labs & Research,CL15,Floor 4,CL3,Tuesday,12,2026-03-23T12:51:00+05:30,3,Medium,91.0,45,0,Open,5.33,0
CL-11244,ANON-0265,wifi becomes extremely slow near CL22 between 12:00 and 14:00,Network,Library & Study,Aryabhatt Bhawan II,Floor 3,CL22,Thursday,12,2026-03-23T12:22:00+05:30,2,High,91.0,39,1,Resolved,7.35,1
CL-11245,ANON-0041,network authentication fails for students around CL15,Network,Labs & Research,CL15,Floor 1,CL22,Tuesday,11,2026-03-23T11:05:00+05:30,2,High,64.0,50,1,In Progress,5.82,0
CL-11246,ANON-0017,laboratory equipment reports a calibration error in CS1,Lab Equipment,Labs & Research,ECE Labs,Ground Floor,CS1,Tuesday,8,2026-03-23T08:36:00+05:30,3,Medium,48.0,51,1,Open,5.23,0
CL-11247,ANON-0363,wifi becomes extremely slow near TS17 between 11:00 and 13:00 please fix urgently,Network,Labs & Research,CL3,Floor 2,TS17,Friday,11,2026-03-23T11:03:00+05:30,2,High,71.0,63,0,Resolved,4.78,0
CL-11248,ANON-0249,wifi becomes extremely slow near G2 between 9:00 and 11:00,Network,Labs & Research,CL15,Ground Floor,G2,Wednesday,9,2026-03-24T09:45:00+05:30,2,High,88.0,50,0,Escalated,6.39,1
CL-11249,ANON-0392,classroom door and several chairs need repair on Floor 3,Network,Labs & Research,CL3,Floor 3,CR425,Thursday,15,2026-03-24T15:35:00+05:30,3,Medium,47.0,72,1,Verified,4.78,0
CL-11250,ANON-0451,air conditioner stops cooling after noon on Floor 1 and the room is overcrowded,Electrical,Academic & Teaching,H5 Boys Hostel,Floor 1,CL15,Friday,14,2026-03-24T14:17:00+05:30,2,High,97.0,46,0,Resolved,5.85,0
CL-11251,ANON-0079,lights flicker repeatedly inside CS1,Electrical,Academic & Teaching,A2/1,Ground Floor,CS1,Saturday,18,2026-03-24T18:43:00+05:30,3,Medium,49.0,82,0,In Progress,4.17,0
CL-11252,ANON-0085,monitor and keyboard are not detected at workstation in CL3 please fix urgently,Lab Equipment,Labs & Research,CL1,Floor 1,CL3,Saturday,18,2026-03-24T18:06:00+05:30,2,High,62.0,58,1,Open,6.38,0
CL-11253,ANON-0312,food counter is overcrowded between 13:00 and 15:00,Canteen,Food,Cafeteria / Canteen,Ground Floor,FF6,Friday,13,2026-03-24T13:20:00+05:30,5,Low,61.0,67,0,Resolved,2.84,0
CL-11254,ANON-0318,projector in G2 switches off after ten minutes,Infrastructure,Academic & Teaching,Aryabhatt Bhawan II,Floor 1,G2,Friday,12,2026-03-24T12:57:00+05:30,3,Medium,48.0,45,0,Open,4.8,1
CL-11255,ANON-0125,garbage is overflowing in the corridor on Floor 2,Cleanliness,Hostels,H4 Boys Hostel,Floor 2,CL22,Friday,16,2026-03-24T16:25:00+05:30,1,Critical,43.0,69,0,Resolved,4.97,0
CL-11256,ANON-0213,broken writing desk is blocking the aisle in CL22 please fix urgently,Infrastructure,Labs & Research,A2/2,Floor 2,CL22,Thursday,14,2026-03-24T14:46:00+05:30,1,Critical,61.0,61,0,Verified,5.68,0
CL-11257,ANON-0491,spill outside CL15 creates a safety hazard,Cleanliness,Hostels,Aryabhatt Bhawan III,Floor 1,CL15,Tuesday,8,2026-03-24T08:02:00+05:30,3,Medium,61.0,55,0,Resolved,3.7,0
CL-11258,ANON-0563,internet disconnects repeatedly during the lecture in CL3 please fix urgently,Network,Academic & Teaching,Aryabhatt Bhawan II,Floor 4,CL3,Tuesday,14,2026-03-24T14:50:00+05:30,3,Medium,80.0,46,0,Open,4.29,0
CL-11259,ANON-0519,washroom near CS1 has not been cleaned today,Cleanliness,Hostels,Washrooms,Floor 2,CS1,Thursday,10,2026-03-24T10:30:00+05:30,3,Medium,52.0,49,0,Escalated,3.5,1
CL-11260,ANON-0125,food counter is overcrowded between 14:00 and 16:00 near a water cooler,Canteen,Food,Annapurna / Main Mess,Floor 4,CL15,Tuesday,14,2026-03-24T14:09:00+05:30,1,Critical,59.0,51,0,In Progress,6.01,0
CL-11261,ANON-0448,network authentication fails for students around Aryabhatt Bhawan II after a power interruption,Network,Labs & Research,Aryabhatt Bhawan II,Ground Floor,FF6,Thursday,14,2026-03-24T14:50:00+05:30,4,Low,59.0,70,0,In Progress,4.09,1
CL-11262,ANON-0555,three lab systems freeze during compilation in CR425,Lab Equipment,Labs & Research,CL3,Floor 4,CR425,Friday,9,2026-03-24T09:03:00+05:30,2,High,68.0,52,0,In Progress,5.34,0
CL-11263,ANON-0526,two ceiling fans are not working in CR425 please fix urgently,Water,Academic & Teaching,A2/1,Floor 3,CR425,Monday,9,2026-03-24T09:18:00+05:30,1,Critical,38.0,68,0,Resolved,5.88,1
CL-11264,ANON-0413,network authentication fails for students around CL3,Cleanliness,Labs & Research,CL3,Floor 1,CL15,Friday,9,2026-03-25T09:27:00+05:30,3,Medium,52.0,57,0,Open,4.18,0
CL-11265,ANON-0078,classroom door and several chairs need repair on Floor 3,Infrastructure,Labs & Research,CL3,Floor 3,G2,Monday,11,2026-03-25T11:03:00+05:30,4,Low,45.0,65,0,Verified,3.26,0
CL-11266,ANON-0143,spill outside CL22 creates a safety hazard,Cleanliness,Academic & Teaching,H4 Boys Hostel,Floor 1,CL22,Saturday,16,2026-03-25T16:35:00+05:30,2,High,32.0,49,0,In Progress,3.94,0
CL-11267,ANON-0344,air conditioner stops cooling after noon on Floor 4 students cannot continue class and the room is overcrowded,Electrical,Academic & Teaching,H5 Boys Hostel,Floor 4,FF6,Saturday,12,2026-03-25T12:24:00+05:30,3,Medium,75.0,63,1,Verified,6.16,0
CL-11268,ANON-0375,monitor and keyboard are not detected at workstation in CL3 this happens repeatedly,Lab Equipment,Labs & Research,,Ground Floor,CL3,Monday,11,2026-03-25T11:10:00+05:30,2,High,69.0,68,1,In Progress,5.95,0
CL-11269,ANON-0499,internet disconnects repeatedly during the lecture in CR425,Network,Academic & Teaching,CL15,Floor 1,CR425,Wednesday,9,2026-03-25T09:23:00+05:30,3,Medium,79.0,63,0,In Progress,3.52,0
CL-11270,ANON-0127,three lab systems freeze during compilation in CL15 beside the canteen queue,Lab Equipment,Labs & Research,CL22,Floor 1,CL15,Thursday,13,2026-03-25T13:32:00+05:30,2,High,55.0,39,0,Verified,5.33,0
CL-11271,ANON-0584,student common area is overcrowded after 16:00 beside the canteen queue,Other,General & Utilities,Main Gate,Floor 2,TS17,Thursday,16,2026-03-25T16:29:00+05:30,2,High,74.0,77,0,Open,4.67,0
CL-11272,ANON-0174,waiting time at Cafeteria / Canteen is more than twenty minutes this happens repeatedly,Canteen,Food,Cafeteria / Canteen,Floor 3,TS17,Friday,12,2026-03-25T12:18:00+05:30,3,Medium,95.0,83,0,Open,4.21,1
CL-11273,ANON-0299,internet disconnects repeatedly during the lecture in CS1 near a water cooler,Network,Labs & Research,CL15,Floor 3,CS1,Saturday,10,2026-03-25T10:03:00+05:30,2,High,65.0,52,1,Open,5.74,0
CL-11274,ANON-0047,WIFI BECOMES EXTREMELY SLOW NEAR CL3 BETWEEN 12:00 AND 14:00 WHILE THE WIFI IS ALSO UNSTABLE   !!!,Network,Academic & Teaching,LRC,Floor 2,CL3,Thursday,12,2026-03-25T12:24:00+05:30,1,Critical,93.0,66,0,Open,5.68,0
CL-11275,ANON-0388,lights flicker repeatedly inside CR425 while the wifi is also unstable,Electrical,Academic & Teaching,H5 Boys Hostel,Floor 3,CR425,Friday,18,2026-03-25T18:49:00+05:30,3,Medium,56.0,74,0,Escalated,4.88,0
CL-11276,ANON-0311,three lab systems freeze during compilation in CS1,Lab Equipment,Labs & Research,CL3,Ground Floor,CS1,Friday,9,2026-03-25T09:24:00+05:30,4,Low,45.0,56,0,In Progress,2.98,0
CL-11277,ANON-0378,classroom door and several chairs need repair on Ground Floor,Infrastructure,Labs & Research,Aryabhatt Bhawan II,Ground Floor,G2,Friday,16,2026-03-25T16:19:00+05:30,3,Medium,57.0,60,0,Resolved,4.05,1
CL-11278,ANON-0273,projector hdmi port is loose in TS17,Infrastructure,Academic & Teaching,A2/2,Ground Floor,TS17,Tuesday,9,2026-03-25T09:37:00+05:30,2,High,53.0,56,1,Escalated,5.68,0
CL-11279,ANON-0419,garbage is overflowing in the corridor on Ground Floor,Cleanliness,Academic & Teaching,H4 Boys Hostel,Ground Floor,CS1,Thursday,12,2026-03-25T12:01:00+05:30,1,Critical,26.0,39,1,Verified,7.31,0
CL-11280,ANON-0094,drinking water cooler near CS1 is empty,Water,Sports & Recreation,Girls Hostel,Floor 1,CS1,Wednesday,13,2026-03-26T13:07:00+05:30,1,Critical,49.0,49,0,Resolved,4.66,0
CL-11281,ANON-0435,projector in CL22 switches off after ten minutes,Infrastructure,Labs & Research,Aryabhatt Bhawan II,Floor 3,CL22,Tuesday,14,2026-03-26T14:47:00+05:30,2,High,6.0,27,1,Verified,4.9,0
CL-11282,ANON-0447,computer fails to boot during practical class in TS17,Lab Equipment,Labs & Research,CL1,Floor 3,TS17,Friday,14,2026-03-26T14:09:00+05:30,2,High,58.0,57,1,Verified,7.17,0
CL-11283,ANON-0403,waiting time at Cafeteria / Canteen is more than twenty minutes,Canteen,Food,Cafeteria / Canteen,Floor 4,CL15,Thursday,14,2026-03-26T14:48:00+05:30,2,High,100.0,77,0,Resolved,6.69,0
CL-11284,ANON-0572,wifi becomes extremely slow near CS1 between 14:00 and 16:00 students cannot continue class,Network,Labs & Research,Aryabhatt Bhawan II,Floor 4,CS1,Friday,14,2026-03-26T14:39:00+05:30,2,High,52.0,53,0,In Progress,4.31,0
CL-11285,ANON-0169,AIR CONDITIONER STOPS COOLING AFTER NOON ON FLOOR 2 PLEASE FIX URGENTLY   !!!,Electrical,Academic & Teaching,A2/1,Floor 2,CS1,Tuesday,13,2026-03-26T13:05:00+05:30,1,Critical,5.0,62,0,Open,3.77,1
CL-11286,ANON-0353,internet disconnects repeatedly during the lecture in G2 this happens repeatedly,Network,Academic & Teaching,Aryabhatt Bhawan II,Floor 2,G2,Monday,12,2026-03-26T12:54:00+05:30,3,Medium,94.0,33,0,Resolved,5.68,0
CL-11287,ANON-0076,wifi becomes extremely slow near CL22 between 11:00 and 13:00 students cannot continue class,Lab Equipment,Labs & Research,CL3,Floor 1,CL22,Saturday,11,2026-03-26T11:31:00+05:30,5,Low,83.0,59,0,In Progress,2.34,0
CL-11288,ANON-0454,internet disconnects repeatedly during the lecture in CL3,Network,Academic & Teaching,CL15,Ground Floor,CL3,Wednesday,14,2026-03-26T14:44:00+05:30,1,Critical,79.0,69,0,Verified,6.12,1
CL-11289,ANON-0151,very weak wifi signal on Floor 1 of CL15 while the wifi is also unstable,Network,Academic & Teaching,CL15,Floor 1,FF6,Monday,11,2026-03-26T11:55:00+05:30,3,Medium,100.0,38,0,In Progress,5.88,0
CL-11290,ANON-0384,food counter is overcrowded between 14:00 and 16:00,Canteen,Food,Cafeteria / Canteen,Floor 2,TS17,Tuesday,14,2026-03-26T14:51:00+05:30,2,High,45.0,34,0,Verified,5.1,0
CL-11291,ANON-0326,billing queue reaches the stairwell near Cafeteria / Canteen,Canteen,Food,Cafeteria / Canteen,Ground Floor,FF6,Saturday,14,2026-03-26T14:46:00+05:30,2,High,73.0,30,0,Verified,5.14,0
CL-11292,ANON-0009,projector in CL22 switches off after ten minutes while the wifi is also unstable,Infrastructure,Academic & Teaching,Aryabhatt Bhawan II,Ground Floor,CL22,Saturday,13,2026-03-26T13:42:00+05:30,2,High,61.0,60,0,In Progress,4.87,1
CL-11293,ANON-0472,very weak wifi signal on Floor 3 of Aryabhatt Bhawan II,Network,Academic & Teaching,Aryabhatt Bhawan II,Floor 3,CL22,Monday,10,2026-03-26T10:38:00+05:30,1,Critical,61.0,37,1,Resolved,7.06,1
CL-11294,ANON-0013,very weak wifi signal on Floor 2 of CL15,Network,Labs & Research,CL15,Floor 2,CR425,Friday,12,2026-03-26T12:39:00+05:30,3,Medium,64.0,53,0,Open,3.12,0
CL-11295,ANON-0167,water point near Water cooler is not operational,Water,General & Utilities,Water cooler,Floor 1,G2,Tuesday,12,2026-03-26T12:24:00+05:30,3,Medium,43.0,62,0,Open,3.73,0
CL-11296,ANON-0072,wifi becomes extremely slow near G2 between 12:00 and 14:00,Network,Labs & Research,LRC,Floor 3,G2,Monday,12,2026-03-27T12:12:00+05:30,2,High,86.0,37,0,In Progress,5.34,1
CL-11297,ANON-0165,spill outside TS17 creates a safety hazard,Cleanliness,General & Utilities,Washrooms,Floor 1,TS17,Friday,9,2026-03-27T09:43:00+05:30,2,High,90.0,30,0,In Progress,5.33,0
CL-11298,ANON-0174,VERY WEAK WIFI SIGNAL ON FLOOR 1 OF LRC NEAR A WATER COOLER   !!!,Network,Labs & Research,LRC,Floor 1,CS1,Monday,9,2026-03-27T09:49:00+05:30,1,Critical,53.0,55,0,In Progress,4.28,0
CL-11299,ANON-0488,classroom door and several chairs need repair on Floor 1 and the room is overcrowded,Infrastructure,Labs & Research,A2/2,Floor 1,CL3,Thursday,8,2026-03-27T08:26:00+05:30,3,Medium,30.0,49,0,In Progress,3.87,0
CL-11300,ANON-0369,garbage is overflowing in the corridor on Floor 2 after a power interruption,Cleanliness,Academic & Teaching,Washrooms,Floor 2,CS1,Wednesday,9,2026-03-27T09:17:00+05:30,5,Low,49.0,38,0,In Progress,2.7,0
CL-11301,ANON-0462,billing queue reaches the stairwell near Cafeteria / Canteen,Canteen,Food,Cafeteria / Canteen,Floor 1,CL3,Friday,12,2026-03-27T12:08:00+05:30,2,High,93.0,53,0,Open,5.11,0
CL-11302,ANON-0326,power socket near the desk is unsafe in CL15,Electrical,Academic & Teaching,H5 Boys Hostel,Floor 3,CL15,Saturday,12,2026-03-27T12:11:00+05:30,4,Low,28.0,83,0,Resolved,2.69,0
CL-11303,ANON-0403,floor near H4 Boys Hostel is dirty and slippery,Cleanliness,General & Utilities,H4 Boys Hostel,Floor 2,CL3,Thursday,8,2026-03-27T08:05:00+05:30,1,Critical,31.0,60,0,Resolved,4.36,0
CL-11304,ANON-0572,network authentication fails for students around CL15 !!!!,Network,Library & Study,CL15,Floor 1,TS17,Saturday,12,2026-03-27T12:53:00+05:30,1,Critical,98.0,34,0,In Progress,6.25,1
CL-11305,ANON-0411,classroom door and several chairs need repair on Ground Floor,Infrastructure,Labs & Research,Aryabhatt Bhawan II,Ground Floor,CL22,Wednesday,17,2026-03-27T17:25:00+05:30,1,Critical,54.0,62,0,Open,5.71,0
CL-11306,ANON-0596,wifi becomes extremely slow near CS1 between 11:00 and 13:00,Network,Academic & Teaching,LRC,Floor 2,CS1,Tuesday,11,2026-03-27T11:28:00+05:30,3,Medium,62.0,70,1,Verified,5.43,0
CL-11307,ANON-0298,lights flicker repeatedly inside G2,Electrical,Hostels,CL22,Ground Floor,G2,Saturday,14,2026-03-27T14:36:00+05:30,1,Critical,35.0,62,0,In Progress,6.57,0
CL-11308,ANON-0329,classroom door and several chairs need repair on Ground Floor and the room is overcrowded,Infrastructure,Labs & Research,CL3,Ground Floor,CR425,Saturday,8,2026-03-27T08:08:00+05:30,1,Critical,22.0,44,0,Resolved,4.88,0
CL-11309,ANON-0108,LABORATORY EQUIPMENT REPORTS A CALIBRATION ERROR IN CR425   !!!,Lab Equipment,Labs & Research,CL1,Floor 3,CR425,Saturday,12,2026-03-27T12:18:00+05:30,3,Medium,39.0,59,0,Verified,2.52,0
CL-11310,ANON-0154,projector hdmi port is loose in G2,Infrastructure,Labs & Research,CL3,Floor 4,G2,Saturday,16,2026-03-27T16:32:00+05:30,4,Low,61.0,62,1,Open,3.56,0
CL-11311,ANON-0489,broken writing desk is blocking the aisle in CL3,Infrastructure,Labs & Research,A2/1,Floor 3,CL3,Saturday,12,2026-03-27T12:41:00+05:30,3,Medium,69.0,61,1,In Progress,4.5,1
CL-11312,ANON-0574,washroom near CS1 has not been cleaned today,Cleanliness,Hostels,Washrooms,Floor 1,CS1,Thursday,8,2026-03-28T08:49:00+05:30,3,Medium,54.0,43,1,Resolved,5.61,0
CL-11313,ANON-0274,very weak wifi signal on Floor 2 of Aryabhatt Bhawan II please fix urgently,Network,Library & Study,Aryabhatt Bhawan II,Floor 2,TS17,Monday,10,2026-03-28T10:32:00+05:30,4,Low,72.0,29,0,Open,3.47,0
CL-11314,ANON-0528,lights flicker repeatedly inside FF6 after a power interruption,Electrical,Labs & Research,H5 Boys Hostel,Ground Floor,FF6,Saturday,18,2026-03-28T18:44:00+05:30,3,Medium,66.0,76,0,In Progress,3.6,1
CL-11315,ANON-0194,projector hdmi port is loose in G2 this happens repeatedly,Infrastructure,Academic & Teaching,CL3,Floor 4,G2,Monday,8,2026-03-28T08:37:00+05:30,3,Medium,41.0,79,1,In Progress,5.12,0
CL-11316,ANON-0534,wifi becomes extremely slow near G2 between 11:00 and 13:00 please fix urgently near a water cooler,Network,Academic & Teaching,CL15,Floor 4,G2,Tuesday,11,2026-03-28T11:00:00+05:30,2,High,73.0,37,1,Escalated,6.21,1
CL-11317,ANON-0069,air conditioner stops cooling after noon on Floor 1,Electrical,Academic & Teaching,H5 Boys Hostel,Floor 1,CL3,Thursday,11,2026-03-28T11:15:00+05:30,2,High,56.0,86,0,Resolved,4.8,1
CL-11318,ANON-0083,monitor and keyboard are not detected at workstation in FF6,Lab Equipment,Labs & Research,CL22,Floor 2,FF6,Saturday,18,2026-03-28T18:00:00+05:30,5,Low,45.0,47,1,In Progress,3.91,0
CL-11319,ANON-0470,waiting time at Cafeteria / Canteen is more than twenty minutes,Canteen,Food,Cafeteria / Canteen,Floor 2,CL22,Saturday,13,2026-03-28T13:08:00+05:30,2,High,84.0,39,0,Resolved,5.68,1
CL-11320,ANON-0518,laboratory equipment reports a calibration error in CS1 near a water cooler,Lab Equipment,Labs & Research,CL3,Floor 4,CS1,Friday,16,2026-03-28T16:05:00+05:30,5,Low,34.0,66,0,In Progress,1.7,0
CL-11321,ANON-0087,washroom near CS1 has not been cleaned today,Cleanliness,Academic & Teaching,,Floor 3,CS1,Tuesday,16,2026-03-28T16:12:00+05:30,4,Low,80.0,52,0,Resolved,4.29,0
CL-11322,ANON-0072,canteen queue is very long at 14:00 with one counter open,Canteen,Food,Annapurna / Main Mess,Floor 3,CL22,Wednesday,14,2026-03-28T14:28:00+05:30,2,High,75.0,84,0,In Progress,6.5,1
CL-11323,ANON-0394,billing queue reaches the stairwell near Annapurna / Main Mess this happens repeatedly,Canteen,Food,Annapurna / Main Mess,Floor 2,CS1,Thursday,13,2026-03-28T13:45:00+05:30,3,Medium,47.0,67,0,Open,4.48,1
CL-11324,ANON-0468,internet disconnects repeatedly during the lecture in CL15,Network,Library & Study,CL15,Floor 1,CL15,Friday,10,2026-03-28T10:57:00+05:30,3,Medium,55.0,50,1,Resolved,4.54,0
CL-11325,ANON-0567,network authentication fails for students around CL3,Water,Academic & Teaching,CL3,Ground Floor,CS1,Thursday,14,2026-03-28T14:57:00+05:30,3,Medium,53.0,37,0,Open,2.96,0
CL-11326,ANON-0528,air conditioner stops cooling after noon on Floor 4 please fix urgently,Electrical,Academic & Teaching,CL22,Floor 4,CR425,Tuesday,16,2026-03-28T16:10:00+05:30,4,Low,37.0,35,0,Resolved,3.28,1
CL-11327,ANON-0564,washroom near CL15 has not been cleaned today,Cleanliness,Hostels,H4 Boys Hostel,Floor 3,CL15,Friday,18,2026-03-28T18:00:00+05:30,1,Critical,45.0,59,1,Verified,7.13,0
CL-11328,ANON-0576,canteen queue is very long at 13:00 with one counter open,Canteen,Food,Cafeteria / Canteen,Floor 2,TS17,Thursday,13,2026-03-29T13:00:00+05:30,3,Medium,87.0,59,1,Verified,6.31,1
CL-11329,ANON-0066,air conditioner stops cooling after noon on Ground Floor,Electrical,Labs & Research,CL22,Ground Floor,CS1,Friday,17,2026-03-29T17:05:00+05:30,1,Critical,,69,1,In Progress,6.62,0
CL-11330,ANON-0033,very weak wifi signal on Floor 2 of LRC,Network,Labs & Research,LRC,Floor 2,CR425,Wednesday,14,2026-03-29T14:46:00+05:30,2,High,71.0,46,1,Verified,6.17,0
CL-11331,ANON-0326,lights flicker repeatedly inside G2 and the room is overcrowded,Electrical,Hostels,H5 Boys Hostel,Ground Floor,G2,Saturday,12,2026-03-29T12:48:00+05:30,4,Low,71.0,62,0,Escalated,3.95,0
CL-11332,ANON-0053,billing queue reaches the stairwell near Annapurna / Main Mess,Canteen,Food,Annapurna / Main Mess,Ground Floor,CL3,Tuesday,13,2026-03-29T13:56:00+05:30,2,High,100.0,86,0,Open,6.16,1
CL-11333,ANON-0489,broken writing desk is blocking the aisle in CR425,Infrastructure,Labs & Research,A2/1,Ground Floor,CR425,Saturday,18,2026-03-29T18:55:00+05:30,4,Low,67.0,26,0,Verified,2.66,0
CL-11334,ANON-0164,wifi becomes extremely slow near CL15 between 10:00 and 12:00 !!!!,Network,Library & Study,CL15,Floor 2,CL15,Tuesday,10,2026-03-29T10:21:00+05:30,3,Medium,69.0,88,1,Escalated,5.46,0
CL-11335,ANON-0179,monitor and keyboard are not detected at workstation in CL3 after a power interruption,Lab Equipment,Labs & Research,CL1,Floor 4,CL3,Wednesday,15,2026-03-29T15:36:00+05:30,5,Low,57.0,36,0,Verified,3.28,0
CL-11336,ANON-0273,wifi becomes extremely slow near G2 between 10:00 and 12:00,Network,Labs & Research,Aryabhatt Bhawan II,Floor 2,G2,Friday,10,2026-03-29T10:55:00+05:30,3,Medium,100.0,30,1,Verified,5.39,0
CL-11337,ANON-0203,classroom door and several chairs need repair on Floor 4 please fix urgently,Infrastructure,Academic & Teaching,A2/1,Floor 4,TS17,Saturday,9,2026-03-29T09:22:00+05:30,1,Critical,23.0,61,1,In Progress,6.21,1
CL-11338,ANON-0380,network authentication fails for students around Aryabhatt Bhawan II,Network,Library & Study,Aryabhatt Bhawan II,Floor 3,CR425,Monday,9,2026-03-29T09:08:00+05:30,1,Critical,61.0,68,0,Resolved,5.44,0
CL-11339,ANON-0223,projector hdmi port is loose in TS17 after a power interruption,Water,Labs & Research,Aryabhatt Bhawan II,Floor 4,TS17,Wednesday,15,2026-03-29T15:19:00+05:30,1,Critical,78.0,55,0,Resolved,6.36,0
CL-11340,ANON-0195,waiting time at Annapurna / Main Mess is more than twenty minutes this happens repeatedly,Canteen,Food,Annapurna / Main Mess,Floor 3,CS1,Friday,14,2026-03-29T14:54:00+05:30,2,High,85.0,57,0,Verified,4.84,1
CL-11341,ANON-0472,broken writing desk is blocking the aisle in CR425,Infrastructure,Academic & Teaching,A2/1,Floor 2,CR425,Friday,13,2026-03-29T13:15:00+05:30,1,Critical,31.0,68,0,Resolved,5.88,0
CL-11342,ANON-0097,broken writing desk is blocking the aisle in CL3 students cannot continue class,Infrastructure,Academic & Teaching,CL3,Ground Floor,CL3,Saturday,9,2026-03-29T09:49:00+05:30,2,High,18.0,52,0,Open,4.81,1
CL-11343,ANON-0011,broken writing desk is blocking the aisle in G2 while the wifi is also unstable,Infrastructure,Labs & Research,A2/1,Ground Floor,G2,Thursday,11,2026-03-29T11:03:00+05:30,2,High,62.0,44,0,Resolved,5.74,0
CL-11344,ANON-0023,billing queue reaches the stairwell near Annapurna / Main Mess,Canteen,Food,Annapurna / Main Mess,Ground Floor,CL22,Tuesday,12,2026-03-30T12:17:00+05:30,3,Medium,85.0,55,0,Open,5.46,1
CL-11345,ANON-0176,wifi becomes extremely slow near CR425 between 11:00 and 13:00 near a water cooler,Network,Library & Study,Aryabhatt Bhawan II,Floor 3,CR425,Monday,11,2026-03-30T11:32:00+05:30,1,Critical,45.0,40,1,Open,6.47,0
CL-11346,ANON-0303,garbage is overflowing in the corridor on Floor 3,Cleanliness,General & Utilities,H4 Boys Hostel,Floor 3,CR425,Thursday,8,2026-03-30T08:41:00+05:30,5,Low,72.0,51,0,Verified,3.89,1
CL-11347,ANON-0187,classroom door and several chairs need repair on Floor 1 please fix urgently,Infrastructure,Labs & Research,A2/1,Floor 1,FF6,Wednesday,12,2026-03-30T12:16:00+05:30,2,High,19.0,92,1,Resolved,5.05,0
CL-11348,ANON-0403,very weak wifi signal on Floor 3 of Aryabhatt Bhawan II,Network,Library & Study,Aryabhatt Bhawan II,Floor 3,G2,Tuesday,14,2026-03-30T14:48:00+05:30,3,Medium,67.0,62,0,Open,4.67,0
CL-11349,ANON-0188,signage is missing for G2 on Floor 2,Other,Administration,Auditorium,Floor 2,G2,Wednesday,14,2026-03-30T14:33:00+05:30,2,High,36.0,51,0,In Progress,4.31,1
CL-11350,ANON-0102,food counter is overcrowded between 13:00 and 15:00,Canteen,Food,Cafeteria / Canteen,Floor 1,TS17,Monday,13,2026-03-30T13:24:00+05:30,2,High,80.0,75,0,Open,3.37,0
CL-11351,ANON-0133,wifi becomes extremely slow near CL15 between 10:00 and 12:00,Network,Library & Study,CL3,Floor 4,CL15,Monday,10,2026-03-30T10:18:00+05:30,4,Low,75.0,47,1,Open,5.24,0
CL-11352,ANON-0592,very weak wifi signal on Floor 1 of CL3,Network,Labs & Research,CL3,Floor 1,CS1,Monday,11,2026-03-30T11:49:00+05:30,3,Medium,62.0,44,1,Verified,5.43,1
CL-11353,ANON-0585,very weak wifi signal on Floor 4 of LRC,Network,Academic & Teaching,LRC,Floor 4,G2,Tuesday,14,2026-03-30T14:12:00+05:30,2,High,47.0,68,0,Resolved,4.9,0
CL-11354,ANON-0249,internet disconnects repeatedly during the lecture in TS17,Network,Labs & Research,Aryabhatt Bhawan II,Floor 4,TS17,Tuesday,11,2026-03-30T11:50:00+05:30,3,Medium,100.0,66,0,Escalated,5.66,0
CL-11355,ANON-0292,classroom door and several chairs need repair on Floor 4 please fix urgently,Infrastructure,Academic & Teaching,CL3,Floor 4,CL22,Friday,16,2026-03-30T16:20:00+05:30,4,Low,63.0,48,1,Open,4.41,0
CL-11356,ANON-0584,water is leaking into the corridor on Floor 2,Water,Hostels,Swimming Pool,Floor 2,CR425,Wednesday,16,2026-03-30T16:22:00+05:30,1,Critical,40.0,65,0,In Progress,4.66,0
CL-11357,ANON-0079,computer fails to boot during practical class in CL3,Lab Equipment,Labs & Research,CL1,Floor 4,CL3,Wednesday,16,2026-03-30T16:18:00+05:30,2,High,69.0,65,0,Open,5.36,0
CL-11358,ANON-0558,unclassified campus issue reported around Auditorium please fix urgently beside the canteen queue,Other,Administration,Auditorium,Floor 4,FF6,Friday,13,2026-03-30T13:20:00+05:30,4,Low,86.0,65,0,Open,5.22,1
CL-11359,ANON-0199,broken writing desk is blocking the aisle in CS1,Infrastructure,Labs & Research,Aryabhatt Bhawan II,Floor 4,CS1,Friday,16,2026-03-30T16:04:00+05:30,3,Medium,42.0,70,1,Resolved,4.44,1
CL-11360,ANON-0307,wifi becomes extremely slow near CL15 between 9:00 and 11:00,Network,Library & Study,CL3,Floor 4,CL15,Monday,9,2026-03-31T09:43:00+05:30,3,Medium,100.0,41,0,Open,4.1,1
CL-11361,ANON-0123,unclassified campus issue reported around Parking while the wifi is also unstable,Other,Administration,Parking,Floor 1,CR425,Saturday,15,2026-03-31T15:30:00+05:30,4,Low,72.0,85,0,Verified,4.81,0
CL-11362,ANON-0379,network authentication fails for students around LRC,Network,Academic & Teaching,LRC,Floor 1,CL15,Saturday,11,2026-03-31T11:36:00+05:30,3,Medium,70.0,40,1,Escalated,6.12,0
CL-11363,ANON-0037,projector hdmi port is loose in FF6 please fix urgently,Infrastructure,Academic & Teaching,Aryabhatt Bhawan II,Floor 2,FF6,Thursday,18,2026-03-31T18:04:00+05:30,2,High,48.0,23,0,Resolved,4.44,0
CL-11364,ANON-0347,classroom door and several chairs need repair on Floor 2,Infrastructure,Labs & Research,A2/1,Floor 2,TS17,Tuesday,13,2026-03-31T13:40:00+05:30,3,Medium,83.0,39,0,Open,4.05,0
CL-11365,ANON-0195,very weak wifi signal on Floor 2 of LRC,Network,Labs & Research,LRC,Floor 2,TS17,Friday,12,2026-03-31T12:37:00+05:30,2,High,97.0,60,0,Open,5.27,0
CL-11366,ANON-0109,monitor and keyboard are not detected at workstation in TS17,Lab Equipment,Labs & Research,CL1,Floor 4,TS17,Wednesday,14,2026-03-31T14:55:00+05:30,2,High,66.0,41,0,In Progress,6.1,0
CL-11367,ANON-0526,very weak wifi signal on Floor 2 of Aryabhatt Bhawan II,Network,Labs & Research,Aryabhatt Bhawan II,Floor 2,CL22,Saturday,9,2026-03-31T09:15:00+05:30,1,Critical,84.0,53,1,Resolved,7.15,1
CL-11368,ANON-0294,very weak wifi signal on Floor 2 of LRC,Network,Academic & Teaching,LRC,Floor 2,G2,Tuesday,10,2026-03-31T10:08:00+05:30,2,High,100.0,73,1,Resolved,6.21,0
CL-11369,ANON-0154,water point near Water cooler is not operational,Water,General & Utilities,Water cooler,Floor 1,CL15,Thursday,12,2026-03-31T12:37:00+05:30,3,Medium,56.0,68,0,Verified,3.67,1
CL-11370,ANON-0247,projector in CL15 switches off after ten minutes please fix urgently and the room is overcrowded,Infrastructure,Academic & Teaching,Aryabhatt Bhawan II,Floor 4,CL15,Friday,8,2026-03-31T08:48:00+05:30,2,High,81.0,56,1,In Progress,6.64,1
CL-11371,ANON-0138,billing queue reaches the stairwell near Annapurna / Main Mess,Canteen,Food,Annapurna / Main Mess,Floor 3,CR425,Saturday,12,2026-03-31T12:11:00+05:30,4,Low,89.0,70,0,Open,3.93,0
CL-11372,ANON-0150,internet disconnects repeatedly during the lecture in CL3,Network,Labs & Research,LRC,Floor 1,CL3,Monday,10,2026-03-31T10:24:00+05:30,1,Critical,100.0,52,0,In Progress,6.94,1
CL-11373,ANON-0355,internet disconnects repeatedly during the lecture in CL15,Network,Labs & Research,Aryabhatt Bhawan II,Floor 3,CL15,Monday,12,2026-03-31T12:02:00+05:30,2,High,46.0,61,0,Resolved,4.11,0
CL-11374,ANON-0457,waiting time at Annapurna / Main Mess is more than twenty minutes,Canteen,Food,Annapurna / Main Mess,Floor 1,G2,Tuesday,12,2026-03-31T12:01:00+05:30,1,Critical,49.0,70,0,Open,5.88,0
CL-11375,ANON-0046,internet disconnects repeatedly during the lecture in FF6 !!!!,Network,Library & Study,CL3,Floor 1,FF6,Saturday,9,2026-03-31T09:23:00+05:30,1,Critical,69.0,54,1,In Progress,7.52,0
CL-11376,ANON-0526,classroom door and several chairs need repair on Floor 4 this happens repeatedly,Infrastructure,Labs & Research,Aryabhatt Bhawan II,Floor 4,FF6,Monday,16,2026-04-01T16:15:00+05:30,2,High,55.0,76,0,Resolved,5.06,0
CL-11377,ANON-0386,power socket near the desk is unsafe in CL15 near a water cooler,Electrical,Hostels,CL22,Floor 3,CL15,Thursday,9,2026-04-01T09:25:00+05:30,2,High,84.0,26,0,Open,6.06,1
CL-11378,ANON-0328,monitor and keyboard are not detected at workstation in FF6 this happens repeatedly after a power interruption,Lab Equipment,Labs & Research,ECE Labs,Floor 4,FF6,Tuesday,14,2026-04-01T14:11:00+05:30,3,Medium,76.0,68,0,In Progress,5.12,0
CL-11379,ANON-0276,spill outside CL3 creates a safety hazard,Cleanliness,General & Utilities,Aryabhatt Bhawan III,Floor 1,CL3,Tuesday,16,2026-04-01T16:33:00+05:30,1,Critical,74.0,23,0,In Progress,5.52,1
CL-11380,ANON-0314,very weak wifi signal on Floor 3 of CL3,Network,Library & Study,CL3,Floor 3,CS1,Saturday,14,2026-04-01T14:58:00+05:30,5,Low,96.0,61,0,Open,4.16,0
CL-11381,ANON-0259,billing queue reaches the stairwell near Annapurna / Main Mess,Canteen,Food,Annapurna / Main Mess,Floor 3,G2,Wednesday,13,2026-04-01T13:15:00+05:30,1,Critical,50.0,69,0,Open,5.55,1
CL-11382,ANON-0025,three lab systems freeze during compilation in CL22,Lab Equipment,Labs & Research,CL3,Floor 2,CL22,Friday,15,2026-04-01T15:19:00+05:30,1,Critical,68.0,69,1,In Progress,7.66,0
CL-11383,ANON-0494,network authentication fails for students around CL15 after a power interruption,Network,Academic & Teaching,CL15,Floor 4,CL15,Friday,11,2026-04-01T11:13:00+05:30,2,High,59.0,51,0,Open,4.95,1
CL-11384,ANON-0341,billing queue reaches the stairwell near Cafeteria / Canteen,Canteen,Food,Cafeteria / Canteen,Floor 2,CL22,Wednesday,14,2026-04-01T14:33:00+05:30,1,Critical,69.0,55,0,Verified,4.93,0
CL-11385,ANON-0146,computer fails to boot during practical class in CL3,Lab Equipment,Labs & Research,CL22,Ground Floor,CL3,Saturday,14,2026-04-01T14:01:00+05:30,2,High,16.0,54,1,Open,4.71,0
CL-11386,ANON-0109,broken writing desk is blocking the aisle in CS1,Infrastructure,Academic & Teaching,A2/2,Floor 3,CS1,Thursday,8,2026-04-01T08:40:00+05:30,2,High,41.0,62,1,Resolved,6.34,1
CL-11387,ANON-0253,food counter is overcrowded between 13:00 and 15:00,Canteen,Food,Cafeteria / Canteen,Floor 1,CR425,Thursday,13,2026-04-01T13:20:00+05:30,4,Low,,51,0,Verified,4.03,0
CL-11388,ANON-0267,power socket near the desk is unsafe in CR425 and the room is overcrowded,Electrical,Academic & Teaching,CL22,Floor 3,CR425,Thursday,13,2026-04-01T13:31:00+05:30,3,Medium,45.0,57,0,In Progress,3.81,0
CL-11389,ANON-0437,broken writing desk is blocking the aisle in CR425 beside the canteen queue,Infrastructure,Labs & Research,CL3,Floor 2,CR425,Friday,11,2026-04-01T11:24:00+05:30,3,Medium,34.0,37,1,In Progress,4.19,0
CL-11390,ANON-0495,network authentication fails for students around LRC please fix urgently,Network,Academic & Teaching,LRC,Ground Floor,CS1,Saturday,10,2026-04-01T10:32:00+05:30,3,Medium,91.0,31,1,Resolved,6.05,1
CL-11391,ANON-0482,signage is missing for G2 on Ground Floor,Other,Sports & Recreation,Administration Block,Ground Floor,G2,Thursday,11,2026-04-01T11:11:00+05:30,3,Medium,56.0,84,0,Verified,3.2,0
CL-11392,ANON-0298,garbage is overflowing in the corridor on Floor 2,Cleanliness,Hostels,Washrooms,Floor 2,CS1,Saturday,15,2026-04-02T15:01:00+05:30,2,High,40.0,63,1,Open,6.73,0
CL-11393,ANON-0552,two ceiling fans are not working in G2,Electrical,Labs & Research,A2/1,Ground Floor,G2,Thursday,18,2026-04-02T18:01:00+05:30,4,Low,69.0,57,1,Escalated,4.6,0
CL-11394,ANON-0477,broken writing desk is blocking the aisle in CL22,Infrastructure,Academic & Teaching,Aryabhatt Bhawan II,Floor 4,CL22,Wednesday,13,2026-04-02T13:28:00+05:30,3,Medium,49.0,85,1,Verified,4.72,0
CL-11395,ANON-0386,garbage is overflowing in the corridor on Ground Floor,Cleanliness,Hostels,Aryabhatt Bhawan III,Ground Floor,TS17,Tuesday,10,2026-04-02T10:39:00+05:30,3,Medium,99.0,40,1,In Progress,4.81,1
CL-11396,ANON-0597,unclassified campus issue reported around Auditorium near a water cooler,Other,Administration,Auditorium,Floor 4,FF6,Tuesday,13,2026-04-02T13:37:00+05:30,4,Low,62.0,76,0,Verified,3.65,0
CL-11397,ANON-0316,broken writing desk is blocking the aisle in TS17,Infrastructure,Labs & Research,Aryabhatt Bhawan II,Floor 4,TS17,Friday,11,2026-04-02T11:15:00+05:30,4,Low,91.0,68,0,In Progress,3.89,0
CL-11398,ANON-0586,power socket near the desk is unsafe in FF6,Electrical,Labs & Research,A2/1,Floor 4,FF6,Monday,9,2026-04-02T09:24:00+05:30,2,High,50.0,70,0,Resolved,5.05,0
CL-11399,ANON-0087,air conditioner stops cooling after noon on Floor 4,Electrical,Labs & Research,CL22,Floor 4,CL15,Thursday,13,2026-04-02T13:21:00+05:30,4,Low,34.0,53,1,In Progress,2.91,0
CL-11400,ANON-0590,monitor and keyboard are not detected at workstation in TS17,Electrical,Labs & Research,CL22,Ground Floor,TS17,Tuesday,16,2026-04-02T16:56:00+05:30,4,Low,45.0,51,1,Open,4.49,0
CL-11401,ANON-0219,projector in TS17 switches off after ten minutes,Infrastructure,Labs & Research,A2/2,Floor 2,TS17,Saturday,13,2026-04-02T13:22:00+05:30,3,Medium,13.0,49,0,In Progress,4.02,0
CL-11402,ANON-0368,spill outside CL15 creates a safety hazard near a water cooler,Cleanliness,General & Utilities,H4 Boys Hostel,Floor 2,CL15,Thursday,8,2026-04-02T08:39:00+05:30,2,High,55.0,65,0,Verified,4.33,1
CL-11403,ANON-0070,drinking water cooler near CL3 is empty,Water,General & Utilities,Girls Hostel,Ground Floor,CL3,Monday,18,2026-04-02T18:19:00+05:30,2,High,72.0,58,0,Verified,4.5,0
CL-11404,ANON-0066,three lab systems freeze during compilation in CL22 students cannot continue class beside the canteen queue,Lab Equipment,Labs & Research,CL22,Ground Floor,CL22,Wednesday,10,2026-04-02T10:20:00+05:30,2,High,69.0,22,1,Escalated,6.58,1
CL-11405,ANON-0571,billing queue reaches the stairwell near Annapurna / Main Mess,Canteen,Food,Annapurna / Main Mess,Floor 3,FF6,Monday,12,2026-04-02T12:49:00+05:30,3,Medium,54.0,45,0,In Progress,4.68,0
CL-11406,ANON-0015,projector hdmi port is loose in CR425 after a power interruption,Infrastructure,Labs & Research,CL3,Floor 1,CR425,Friday,13,2026-04-02T13:45:00+05:30,3,Medium,55.0,43,0,Open,4.58,0
CL-11407,ANON-0142,projector hdmi port is loose in G2,Lab Equipment,Academic & Teaching,A2/2,Floor 1,G2,Wednesday,14,2026-04-02T14:56:00+05:30,1,Critical,24.0,56,0,Resolved,5.71,0
CL-11408,ANON-0260,lights flicker repeatedly inside CL3 beside the canteen queue,Electrical,Academic & Teaching,A2/1,Floor 4,CL3,Tuesday,11,2026-04-03T11:09:00+05:30,1,Critical,81.0,85,1,Verified,7.38,0
CL-11409,ANON-0473,projector in CS1 switches off after ten minutes near a water cooler,Infrastructure,Academic & Teaching,A2/1,Floor 1,CS1,Tuesday,12,2026-04-03T12:24:00+05:30,2,High,19.0,45,0,In Progress,4.77,1
CL-11410,ANON-0239,student common area is overcrowded after 9:00,Other,Sports & Recreation,Main Gate,Ground Floor,CL15,Friday,9,2026-04-03T09:06:00+05:30,4,Low,57.0,30,0,In Progress,4.05,0
CL-11411,ANON-0547,three lab systems freeze during compilation in CL3,Lab Equipment,Labs & Research,CL1,Ground Floor,CL3,Monday,16,2026-04-03T16:28:00+05:30,1,Critical,59.0,60,0,Resolved,5.15,0
CL-11412,ANON-0423,projector hdmi port is loose in CL15,Infrastructure,Labs & Research,A2/1,Ground Floor,CL15,Thursday,8,2026-04-03T08:47:00+05:30,3,Medium,58.0,60,0,Resolved,4.45,0
CL-11413,ANON-0349,power socket near the desk is unsafe in CR425 while the wifi is also unstable,Electrical,Hostels,A2/1,Floor 2,CR425,Monday,11,2026-04-03T11:08:00+05:30,3,Medium,58.0,78,0,Open,4.54,0
CL-11414,ANON-0491,internet disconnects repeatedly during the lecture in CL15,Network,Academic & Teaching,Aryabhatt Bhawan II,Floor 4,CL15,Tuesday,11,2026-04-03T11:44:00+05:30,2,High,76.0,85,1,Resolved,5.91,0
CL-11415,ANON-0118,laboratory equipment reports a calibration error in CL15,Lab Equipment,Labs & Research,CL15,Floor 3,CL15,Saturday,11,2026-04-03T11:54:00+05:30,4,Low,53.0,79,1,Resolved,4.55,0
CL-11416,ANON-0113,washroom near G2 has not been cleaned today,Cleanliness,Hostels,Aryabhatt Bhawan III,Floor 2,G2,Saturday,18,2026-04-03T18:49:00+05:30,3,Medium,76.0,55,0,In Progress,5.08,0
CL-11417,ANON-0514,waiting time at Cafeteria / Canteen is more than twenty minutes,Canteen,Food,Cafeteria / Canteen,Floor 3,G2,Thursday,12,2026-04-03T12:27:00+05:30,2,High,69.0,45,0,Resolved,5.6,0
CL-11418,ANON-0002,projector in TS17 switches off after ten minutes,Infrastructure,Labs & Research,A2/1,Floor 1,TS17,Thursday,11,2026-04-03T11:14:00+05:30,3,Medium,57.0,48,0,Resolved,3.46,0
CL-11419,ANON-0512,water point near Girls Hostel is not operational after a power interruption,Water,Hostels,Girls Hostel,Floor 2,CS1,Wednesday,11,2026-04-03T11:13:00+05:30,1,Critical,35.0,68,0,Open,4.09,0
CL-11420,ANON-0502,classroom door and several chairs need repair on Floor 1,Infrastructure,Academic & Teaching,CL3,Floor 1,TS17,Saturday,10,2026-04-03T10:33:00+05:30,4,Low,5.0,57,1,Open,3.07,0
CL-11421,ANON-0085,monitor and keyboard are not detected at workstation in TS17,Lab Equipment,Labs & Research,CL1,Floor 2,TS17,Thursday,18,2026-04-03T18:08:00+05:30,5,Low,64.0,34,0,Open,3.78,1
CL-11422,ANON-0102,floor near Aryabhatt Bhawan III is dirty and slippery,Cleanliness,Academic & Teaching,Aryabhatt Bhawan III,Floor 1,G2,Tuesday,10,2026-04-03T10:37:00+05:30,1,Critical,68.0,86,0,Open,6.39,0
CL-11423,ANON-0144,projector hdmi port is loose in G2,Infrastructure,Academic & Teaching,A2/1,Floor 3,G2,Wednesday,11,2026-04-03T11:46:00+05:30,1,Critical,44.0,55,1,Open,6.22,0
CL-11424,ANON-0383,network authentication fails for students around CL15,Network,Academic & Teaching,CL15,Floor 2,CL15,Wednesday,9,2026-04-04T09:44:00+05:30,1,Critical,54.0,68,1,In Progress,6.48,0
CL-11425,ANON-0231,three lab systems freeze during compilation in FF6,Lab Equipment,Labs & Research,CL1,Floor 2,FF6,Friday,17,2026-04-04T17:22:00+05:30,2,High,63.0,61,0,Resolved,5.28,1
CL-11426,ANON-0116,wifi becomes extremely slow near CL15 between 12:00 and 14:00,Network,Library & Study,LRC,Floor 2,CL15,Saturday,12,2026-04-04T12:19:00+05:30,2,High,63.0,58,1,Verified,6.57,0
CL-11427,ANON-0457,drinking water cooler near CL3 is empty while the wifi is also unstable,Water,Hostels,,Floor 3,CL3,Friday,11,2026-04-04T11:05:00+05:30,4,Low,89.0,48,1,Open,5.23,0
CL-11428,ANON-0398,broken writing desk is blocking the aisle in CS1 !!!!,Infrastructure,Academic & Teaching,A2/2,Floor 4,CS1,Thursday,11,2026-04-04T11:13:00+05:30,5,Low,76.0,42,0,Open,3.51,0
CL-11429,ANON-0197,broken writing desk is blocking the aisle in G2 beside the canteen queue,Infrastructure,Academic & Teaching,A2/2,Floor 2,G2,Wednesday,15,2026-04-04T15:26:00+05:30,3,Medium,29.0,47,0,Resolved,3.65,0
CL-11430,ANON-0405,waiting time at Annapurna / Main Mess is more than twenty minutes,Canteen,Food,Annapurna / Main Mess,Floor 1,CL15,Tuesday,14,2026-04-04T14:28:00+05:30,4,Low,73.0,77,1,Verified,4.16,1
CL-11431,ANON-0315,projector in CL22 switches off after ten minutes and the room is overcrowded,Infrastructure,Academic & Teaching,A2/1,Floor 4,CL22,Wednesday,8,2026-04-04T08:34:00+05:30,2,High,70.0,77,1,Resolved,6.84,0
CL-11432,ANON-0596,parking congestion blocks the entrance near Main Gate,Other,General & Utilities,Main Gate,Floor 2,CL22,Friday,14,2026-04-04T14:19:00+05:30,5,Low,78.0,33,0,Resolved,2.42,1
CL-11433,ANON-0376,two ceiling fans are not working in CS1,Lab Equipment,Labs & Research,A2/1,Floor 4,CS1,Tuesday,16,2026-04-04T16:52:00+05:30,1,Critical,42.0,76,1,Open,6.19,0
CL-11434,ANON-0404,network authentication fails for students around LRC and the room is overcrowded,Network,Labs & Research,LRC,Floor 1,FF6,Tuesday,11,2026-04-04T11:37:00+05:30,3,Medium,96.0,51,1,Verified,5.37,0
CL-11435,ANON-0331,broken writing desk is blocking the aisle in CL22,Infrastructure,Labs & Research,A2/2,Floor 3,CL22,Thursday,16,2026-04-04T16:30:00+05:30,2,High,19.0,35,0,Escalated,3.74,1
CL-11436,ANON-0347,three lab systems freeze during compilation in TS17 please fix urgently,Lab Equipment,Labs & Research,CL22,Floor 1,TS17,Monday,8,2026-04-04T08:14:00+05:30,3,Medium,67.0,38,0,Verified,4.32,0
CL-11437,ANON-0376,very weak wifi signal on Floor 3 of Aryabhatt Bhawan II,Network,Labs & Research,Aryabhatt Bhawan II,Floor 3,CL15,Monday,14,2026-04-04T14:51:00+05:30,3,Medium,56.0,40,0,Verified,5.18,1
CL-11438,ANON-0366,water is leaking into the corridor on Floor 3,Water,General & Utilities,Water cooler,Floor 3,CL22,Friday,13,2026-04-04T13:45:00+05:30,2,High,48.0,55,0,Resolved,5.7,1
CL-11439,ANON-0538,unclassified campus issue reported around Administration Block beside the canteen queue,Other,Sports & Recreation,Administration Block,Floor 1,CL15,Monday,13,2026-04-04T13:47:00+05:30,4,Low,16.0,52,0,In Progress,1.94,0
CL-11440,ANON-0480,student common area is overcrowded after 16:00 while the wifi is also unstable,Other,Sports & Recreation,Auditorium,Floor 3,CL3,Saturday,16,2026-04-05T16:52:00+05:30,3,Medium,56.0,34,0,Open,4.35,1
CL-11441,ANON-0523,two ceiling fans are not working in FF6 beside the canteen queue,Electrical,Academic & Teaching,H5 Boys Hostel,Ground Floor,FF6,Tuesday,13,2026-04-05T13:48:00+05:30,3,Medium,64.0,67,0,Open,4.13,0
CL-11442,ANON-0488,broken writing desk is blocking the aisle in CR425,Infrastructure,Academic & Teaching,Aryabhatt Bhawan II,Floor 2,CR425,Friday,12,2026-04-05T12:36:00+05:30,3,Medium,89.0,62,1,Resolved,4.8,0
CL-11443,ANON-0434,internet disconnects repeatedly during the lecture in CL22 after a power interruption,Network,Library & Study,Aryabhatt Bhawan II,Floor 1,CL22,Tuesday,10,2026-04-05T10:41:00+05:30,3,Medium,74.0,71,1,Resolved,6.35,0
CL-11444,ANON-0524,network authentication fails for students around CL3,Network,Labs & Research,CL3,Floor 4,TS17,Thursday,10,2026-04-05T10:01:00+05:30,2,High,53.0,25,1,In Progress,6.79,0
CL-11445,ANON-0278,billing queue reaches the stairwell near Cafeteria / Canteen,Lab Equipment,Food,Cafeteria / Canteen,Floor 4,CL22,Tuesday,12,2026-04-05T12:53:00+05:30,2,High,97.0,37,0,Open,5.58,0
CL-11446,ANON-0351,computer fails to boot during practical class in CL3,Lab Equipment,Labs & Research,CL22,Floor 1,CL3,Thursday,10,2026-04-05T10:55:00+05:30,4,Low,57.0,56,1,Open,4.01,0
CL-11447,ANON-0459,washroom near TS17 has not been cleaned today,Cleanliness,General & Utilities,Aryabhatt Bhawan III,Floor 1,TS17,Wednesday,18,2026-04-05T18:13:00+05:30,3,Medium,72.0,27,0,Verified,5.68,0
CL-11448,ANON-0381,low water pressure reported around Swimming Pool,Water,General & Utilities,Swimming Pool,Floor 2,FF6,Thursday,18,2026-04-05T18:40:00+05:30,2,High,77.0,47,1,Open,6.06,0
CL-11449,ANON-0421,projector in CL3 switches off after ten minutes,Infrastructure,Labs & Research,CL3,Floor 3,CL3,Thursday,14,2026-04-05T14:28:00+05:30,4,Low,49.0,53,1,Open,4.85,1
CL-11450,ANON-0203,wifi becomes extremely slow near CS1 between 9:00 and 11:00,Network,Library & Study,CL15,Floor 3,CS1,Saturday,9,2026-04-05T09:34:00+05:30,2,High,24.0,45,1,In Progress,5.84,0
CL-11451,ANON-0089,power socket near the desk is unsafe in CL3,Canteen,Hostels,A2/1,Floor 4,CL3,Saturday,8,2026-04-05T08:33:00+05:30,3,Medium,15.0,67,0,Resolved,2.94,1
CL-11452,ANON-0418,floor near H4 Boys Hostel is dirty and slippery,Cleanliness,General & Utilities,H4 Boys Hostel,Ground Floor,G2,Saturday,8,2026-04-05T08:57:00+05:30,4,Low,25.0,59,0,In Progress,3.31,1
CL-11453,ANON-0228,washroom near CR425 has not been cleaned today,Cleanliness,Academic & Teaching,Aryabhatt Bhawan III,Floor 4,CR425,Monday,10,2026-04-05T10:37:00+05:30,3,Medium,46.0,52,0,Resolved,3.31,1
CL-11454,ANON-0277,very weak wifi signal on Floor 4 of CL3,Network,Library & Study,CL3,Floor 4,CR425,Saturday,12,2026-04-05T12:51:00+05:30,3,Medium,56.0,63,1,Verified,5.87,1
CL-11455,ANON-0105,three lab systems freeze during compilation in CL15 please fix urgently,Lab Equipment,Labs & Research,CL1,Floor 3,CL15,Monday,14,2026-04-05T14:40:00+05:30,2,High,21.0,44,1,Escalated,5.51,0
CL-11456,ANON-0004,lights flicker repeatedly inside TS17,Electrical,Academic & Teaching,CL22,Ground Floor,TS17,Saturday,10,2026-04-06T10:07:00+05:30,2,High,17.0,96,0,In Progress,3.83,0
CL-11457,ANON-0340,network authentication fails for students around CL3 near a water cooler,Network,Labs & Research,CL3,Ground Floor,CL15,Wednesday,10,2026-04-06T10:40:00+05:30,2,High,66.0,43,0,Open,4.33,0
CL-11458,ANON-0436,two ceiling fans are not working in CL3,Electrical,Academic & Teaching,H5 Boys Hostel,Floor 3,CL3,Thursday,10,2026-04-06T10:38:00+05:30,1,Critical,35.0,77,0,In Progress,6.08,0
CL-11459,ANON-0338,CLASSROOM DOOR AND SEVERAL CHAIRS NEED REPAIR ON FLOOR 4   !!!,Infrastructure,Academic & Teaching,Aryabhatt Bhawan II,Floor 4,FF6,Tuesday,8,2026-04-06T08:47:00+05:30,1,Critical,90.0,59,1,Verified,6.96,0
CL-11460,ANON-0502,wifi becomes extremely slow near CR425 between 10:00 and 12:00,Network,Library & Study,LRC,Floor 1,CR425,Tuesday,10,2026-04-06T10:39:00+05:30,2,High,57.0,72,1,Open,5.43,0
CL-11461,ANON-0565,internet disconnects repeatedly during the lecture in CR425,Network,Library & Study,LRC,Ground Floor,CR425,Wednesday,11,2026-04-06T11:04:00+05:30,2,High,100.0,38,1,In Progress,6.12,1
CL-11462,ANON-0591,projector in FF6 switches off after ten minutes,Infrastructure,Labs & Research,A2/2,Ground Floor,FF6,Thursday,11,2026-04-06T11:13:00+05:30,2,High,58.0,41,0,In Progress,5.24,0
CL-11463,ANON-0234,wifi becomes extremely slow near CL22 between 9:00 and 11:00 students cannot continue class near a water cooler,Network,Labs & Research,LRC,Floor 4,CL22,Thursday,9,2026-04-06T09:57:00+05:30,3,Medium,100.0,60,0,Verified,5.59,0
CL-11464,ANON-0535,water is leaking into the corridor on Floor 1,Water,General & Utilities,Girls Hostel,Floor 1,TS17,Wednesday,10,2026-04-06T10:10:00+05:30,4,Low,46.0,56,0,Resolved,3.13,1
CL-11465,ANON-0171,canteen queue is very long at 12:00 with one counter open after a power interruption,Canteen,Food,Cafeteria / Canteen,Floor 3,CL22,Saturday,12,2026-04-06T12:05:00+05:30,5,Low,58.0,71,1,Open,3.44,0
CL-11466,ANON-0481,laboratory equipment reports a calibration error in CL3 while the wifi is also unstable,Lab Equipment,Labs & Research,CL3,Ground Floor,CL3,Monday,10,2026-04-06T10:50:00+05:30,2,High,79.0,45,0,Verified,5.47,1
CL-11467,ANON-0006,broken writing desk is blocking the aisle in FF6 while the wifi is also unstable,Infrastructure,Labs & Research,A2/2,Floor 3,FF6,Friday,16,2026-04-06T16:35:00+05:30,2,High,68.0,31,1,Verified,6.66,0
CL-11468,ANON-0409,wifi becomes extremely slow near CR425 between 14:00 and 16:00 after a power interruption,Network,Library & Study,CL3,Floor 2,CR425,Thursday,14,2026-04-06T14:53:00+05:30,2,High,77.0,86,1,Resolved,7.01,0
CL-11469,ANON-0210,broken writing desk is blocking the aisle in CR425,Infrastructure,Labs & Research,A2/2,Floor 3,CR425,Tuesday,8,2026-04-06T08:17:00+05:30,2,High,64.0,43,0,Resolved,5.39,0
CL-11470,ANON-0370,very weak wifi signal on Ground Floor of CL15 near a water cooler,Network,Library & Study,CL15,Ground Floor,CL22,Thursday,11,2026-04-06T11:53:00+05:30,2,High,54.0,30,0,Open,4.92,0
CL-11471,ANON-0363,lights flicker repeatedly inside CL15 this happens repeatedly,Electrical,Academic & Teaching,H5 Boys Hostel,Floor 3,CL15,Wednesday,12,2026-04-06T12:12:00+05:30,2,High,71.0,64,0,Resolved,5.64,0
CL-11472,ANON-0156,spill outside CL15 creates a safety hazard,Cleanliness,Academic & Teaching,H4 Boys Hostel,Ground Floor,CL15,Monday,9,2026-04-07T09:10:00+05:30,2,High,34.0,63,0,In Progress,4.17,0
CL-11473,ANON-0577,internet disconnects repeatedly during the lecture in G2,Network,Labs & Research,Aryabhatt Bhawan II,Floor 2,G2,Tuesday,10,2026-04-07T10:14:00+05:30,3,Medium,100.0,57,0,Open,4.68,0
CL-11474,ANON-0381,wifi becomes extremely slow near TS17 between 11:00 and 13:00 and the room is overcrowded,Network,Academic & Teaching,Aryabhatt Bhawan II,Floor 3,TS17,Tuesday,11,2026-04-07T11:45:00+05:30,3,Medium,64.0,66,1,In Progress,6.06,0
CL-11475,ANON-0464,classroom door and several chairs need repair on Floor 4,Infrastructure,Labs & Research,A2/2,Floor 4,CL15,Thursday,14,2026-04-07T14:36:00+05:30,2,High,46.0,32,0,Resolved,3.96,0
CL-11476,ANON-0583,projector hdmi port is loose in G2,Infrastructure,Labs & Research,A2/1,Ground Floor,G2,Wednesday,12,2026-04-07T12:09:00+05:30,1,Critical,55.0,65,0,Resolved,5.93,1
CL-11477,ANON-0172,internet disconnects repeatedly during the lecture in CR425 students cannot continue class beside the canteen queue,Network,Library & Study,Aryabhatt Bhawan II,Floor 2,CR425,Monday,12,2026-04-07T12:08:00+05:30,3,Medium,90.0,69,0,Open,4.71,0
CL-11478,ANON-0500,canteen queue is very long at 14:00 with one counter open,Canteen,Food,Cafeteria / Canteen,Floor 2,CR425,Tuesday,14,2026-04-07T14:19:00+05:30,2,High,56.0,46,0,Escalated,5.0,0
CL-11479,ANON-0025,very weak wifi signal on Floor 2 of CL15,Network,Library & Study,CL15,Floor 2,CR425,Thursday,10,2026-04-07T10:54:00+05:30,1,Critical,53.0,69,0,Open,5.03,0
CL-11480,ANON-0223,very weak wifi signal on Floor 4 of CL3 this happens repeatedly,Network,Labs & Research,CL3,Floor 4,CL3,Friday,10,2026-04-07T10:01:00+05:30,3,Medium,100.0,38,1,Verified,7.06,0
CL-11481,ANON-0065,laboratory equipment reports a calibration error in CL15,Lab Equipment,Labs & Research,CL22,Ground Floor,CL15,Tuesday,12,2026-04-07T12:45:00+05:30,2,High,,48,1,Open,5.39,0
CL-11482,ANON-0419,very weak wifi signal on Floor 1 of CL3,Network,Academic & Teaching,CL3,Floor 1,TS17,Tuesday,11,2026-04-07T11:17:00+05:30,2,High,54.0,53,0,In Progress,4.89,0
CL-11483,ANON-0405,lights flicker repeatedly inside CL15 near a water cooler,Electrical,Hostels,H5 Boys Hostel,Floor 3,CL15,Thursday,13,2026-04-07T13:46:00+05:30,3,Medium,49.0,80,0,Open,4.22,0
CL-11484,ANON-0377,washroom near CS1 has not been cleaned today,Cleanliness,Hostels,Washrooms,Floor 1,CS1,Wednesday,16,2026-04-07T16:41:00+05:30,3,Medium,62.0,90,1,Escalated,5.71,0
CL-11485,ANON-0152,network authentication fails for students around LRC near a water cooler,Network,Academic & Teaching,LRC,Floor 4,CL22,Monday,10,2026-04-07T10:48:00+05:30,3,Medium,100.0,49,1,Escalated,4.84,0
CL-11486,ANON-0154,billing queue reaches the stairwell near Annapurna / Main Mess,Canteen,Food,Annapurna / Main Mess,Floor 2,TS17,Tuesday,12,2026-04-07T12:31:00+05:30,3,Medium,79.0,60,0,Resolved,4.26,0
CL-11487,ANON-0413,lights flicker repeatedly inside TS17,Electrical,Labs & Research,A2/1,Floor 3,TS17,Saturday,9,2026-04-07T09:56:00+05:30,3,Medium,67.0,52,1,In Progress,5.79,0
CL-11488,ANON-0027,power socket near the desk is unsafe in FF6 students cannot continue class,Electrical,Hostels,A2/1,Floor 3,FF6,Friday,10,2026-04-08T10:27:00+05:30,2,High,51.0,52,0,Resolved,4.21,0
CL-11489,ANON-0176,waiting time at Annapurna / Main Mess is more than twenty minutes !!!!,Canteen,Food,Annapurna / Main Mess,Floor 2,CL15,Saturday,12,2026-04-08T12:18:00+05:30,1,Critical,85.0,50,0,Resolved,6.09,0
CL-11490,ANON-0103,internet disconnects repeatedly during the lecture in CR425,Network,Academic & Teaching,CL3,Floor 2,CR425,Wednesday,9,2026-04-08T09:16:00+05:30,1,Critical,75.0,57,0,In Progress,6.86,1
CL-11491,ANON-0238,canteen queue is very long at 13:00 with one counter open while the wifi is also unstable,Canteen,Food,Cafeteria / Canteen,Floor 3,CL3,Wednesday,13,2026-04-08T13:23:00+05:30,2,High,81.0,77,0,In Progress,5.01,1
CL-11492,ANON-0385,internet disconnects repeatedly during the lecture in FF6,Network,Library & Study,CL15,Floor 2,FF6,Monday,9,2026-04-08T09:28:00+05:30,2,High,76.0,59,1,Resolved,5.65,1
CL-11493,ANON-0174,classroom door and several chairs need repair on Floor 4,Infrastructure,Labs & Research,CL3,Floor 4,CS1,Friday,18,2026-04-08T18:38:00+05:30,4,Low,42.0,20,0,Open,3.45,1
CL-11494,ANON-0102,canteen queue is very long at 12:00 with one counter open and the room is overcrowded,Canteen,Food,Annapurna / Main Mess,Floor 4,CS1,Wednesday,12,2026-04-08T12:10:00+05:30,2,High,100.0,42,1,Resolved,7.0,0
CL-11495,ANON-0046,projector in CL22 switches off after ten minutes near a water cooler,Infrastructure,Academic & Teaching,Aryabhatt Bhawan II,Floor 4,CL22,Thursday,12,2026-04-08T12:45:00+05:30,2,High,59.0,54,0,In Progress,4.66,0
CL-11496,ANON-0546,billing queue reaches the stairwell near Annapurna / Main Mess while the wifi is also unstable,Canteen,Food,Annapurna / Main Mess,Ground Floor,CR425,Saturday,12,2026-04-08T12:12:00+05:30,2,High,89.0,48,0,Open,5.25,1
CL-11497,ANON-0276,student common area is overcrowded after 13:00 students cannot continue class,Other,General & Utilities,Administration Block,Floor 4,CL3,Thursday,13,2026-04-08T13:32:00+05:30,4,Low,69.0,53,0,In Progress,3.32,0
CL-11498,ANON-0204,network authentication fails for students around CL3,Network,Academic & Teaching,CL3,Floor 4,TS17,Saturday,12,2026-04-08T12:33:00+05:30,3,Medium,73.0,63,1,Open,5.68,0
CL-11499,ANON-0356,very weak wifi signal on Floor 3 of CL3,Network,Academic & Teaching,CL3,Floor 3,FF6,Monday,10,2026-04-08T10:55:00+05:30,2,High,41.0,59,1,In Progress,6.14,0
CL-11500,ANON-0300,unclassified campus issue reported around Main Gate,Other,Administration,Main Gate,Floor 3,TS17,Tuesday,18,2026-04-08T18:08:00+05:30,3,Medium,83.0,20,1,Open,5.27,0
CL-11501,ANON-0157,projector in CL22 switches off after ten minutes please fix urgently,Infrastructure,Academic & Teaching,A2/1,Ground Floor,CL22,Thursday,12,2026-04-08T12:49:00+05:30,4,Low,45.0,53,1,Escalated,3.95,0
CL-11502,ANON-0124,food counter is overcrowded between 13:00 and 15:00,Canteen,Food,Cafeteria / Canteen,Floor 3,FF6,Saturday,13,2026-04-08T13:02:00+05:30,1,Critical,75.0,47,0,Escalated,6.04,0
CL-11503,ANON-0126,internet disconnects repeatedly during the lecture in FF6,Network,Library & Study,CL3,Floor 3,FF6,Thursday,14,2026-04-08T14:40:00+05:30,2,High,95.0,49,1,Open,5.77,0
CL-11504,ANON-0154,waiting time at Annapurna / Main Mess is more than twenty minutes,Canteen,Food,Annapurna / Main Mess,Floor 3,CS1,Saturday,13,2026-04-09T13:37:00+05:30,2,High,54.0,77,0,Verified,5.57,0
CL-11505,ANON-0412,very weak wifi signal on Floor 4 of CL3 !!!!,Network,Library & Study,CL3,Floor 4,G2,Wednesday,10,2026-04-09T10:27:00+05:30,4,Low,58.0,74,1,Verified,5.22,0
CL-11506,ANON-0253,washroom near CS1 has not been cleaned today,Cleanliness,Hostels,Washrooms,Floor 3,CS1,Saturday,8,2026-04-09T08:05:00+05:30,3,Medium,59.0,43,0,Open,4.32,1
CL-11507,ANON-0294,garbage is overflowing in the corridor on Floor 3,Cleanliness,Academic & Teaching,Washrooms,Floor 3,G2,Monday,14,2026-04-09T14:07:00+05:30,4,Low,55.0,50,0,In Progress,3.02,0
CL-11508,ANON-0534,very weak wifi signal on Ground Floor of LRC,Network,Labs & Research,LRC,Ground Floor,FF6,Saturday,9,2026-04-09T09:05:00+05:30,1,Critical,82.0,47,0,Escalated,6.54,1
CL-11509,ANON-0585,classroom door and several chairs need repair on Floor 4,Infrastructure,Academic & Teaching,A2/2,Floor 4,CL22,Saturday,16,2026-04-09T16:53:00+05:30,4,Low,42.0,64,0,Open,2.75,1
CL-11510,ANON-0151,three lab systems freeze during compilation in G2 near a water cooler,Cleanliness,Labs & Research,CL15,Ground Floor,G2,Saturday,17,2026-04-09T17:00:00+05:30,2,High,75.0,61,0,Open,4.99,1
CL-11511,ANON-0322,very weak wifi signal on Ground Floor of CL15,Network,Labs & Research,CL15,Ground Floor,CR425,Friday,14,2026-04-09T14:04:00+05:30,3,Medium,86.0,54,1,Resolved,6.14,1
CL-11512,ANON-0430,waiting time at Cafeteria / Canteen is more than twenty minutes after a power interruption,Canteen,Food,Cafeteria / Canteen,Floor 4,CS1,Tuesday,13,2026-04-09T13:35:00+05:30,3,Medium,72.0,62,1,Verified,5.09,0
CL-11513,ANON-0414,monitor and keyboard are not detected at workstation in G2,Lab Equipment,Labs & Research,CL1,Floor 2,G2,Tuesday,10,2026-04-09T10:34:00+05:30,4,Low,78.0,24,0,Open,4.39,0
CL-11514,ANON-0276,two ceiling fans are not working in CS1 this happens repeatedly,Electrical,Hostels,H5 Boys Hostel,Ground Floor,CS1,Thursday,12,2026-04-09T12:28:00+05:30,1,Critical,45.0,82,0,In Progress,4.86,1
CL-11515,ANON-0252,laboratory equipment reports a calibration error in CR425,Lab Equipment,Labs & Research,ECE Labs,Floor 4,CR425,Thursday,13,2026-04-09T13:45:00+05:30,2,High,56.0,78,1,Resolved,5.95,0
CL-11516,ANON-0236,garbage is overflowing in the corridor on Floor 3 while the wifi is also unstable,Cleanliness,Hostels,Washrooms,Floor 3,CS1,Friday,9,2026-04-09T09:19:00+05:30,3,Medium,85.0,37,0,Verified,4.12,1
CL-11517,ANON-0501,computer fails to boot during practical class in TS17,Lab Equipment,Labs & Research,CL3,Floor 3,TS17,Thursday,9,2026-04-09T09:28:00+05:30,3,Medium,58.0,57,0,Open,3.85,1
CL-11518,ANON-0348,air conditioner stops cooling after noon on Floor 1 beside the canteen queue,Electrical,Hostels,A2/1,Floor 1,CL3,Friday,8,2026-04-09T08:40:00+05:30,2,High,52.0,73,0,Open,4.84,0
CL-11519,ANON-0175,drinking water cooler near CL15 is empty !!!!,Water,Sports & Recreation,Water cooler,Floor 4,CL15,Saturday,11,2026-04-09T11:12:00+05:30,1,Critical,46.0,54,0,Open,5.97,0
CL-11520,ANON-0239,classroom door and several chairs need repair on Floor 4,Infrastructure,Labs & Research,A2/2,Floor 4,CS1,Tuesday,18,2026-04-10T18:03:00+05:30,5,Low,47.0,40,1,Escalated,3.61,0
CL-11521,ANON-0493,waiting time at Annapurna / Main Mess is more than twenty minutes students cannot continue class,Canteen,Food,Annapurna / Main Mess,Floor 3,CL15,Wednesday,12,2026-04-10T12:36:00+05:30,3,Medium,87.0,52,0,Resolved,3.73,0
CL-11522,ANON-0586,very weak wifi signal on Floor 2 of Aryabhatt Bhawan II please fix urgently,Network,Labs & Research,Aryabhatt Bhawan II,Floor 2,CS1,Thursday,14,2026-04-10T14:25:00+05:30,3,Medium,86.0,67,0,Resolved,4.22,0
CL-11523,ANON-0197,food counter is overcrowded between 13:00 and 15:00,Canteen,Food,Cafeteria / Canteen,Floor 2,CR425,Friday,13,2026-04-10T13:47:00+05:30,2,High,69.0,40,0,Open,5.1,0
CL-11524,ANON-0566,monitor and keyboard are not detected at workstation in CL22,Lab Equipment,Labs & Research,CL3,Floor 1,CL22,Saturday,12,2026-04-10T12:40:00+05:30,5,Low,47.0,71,1,Open,3.26,0
CL-11525,ANON-0020,low water pressure reported around Water cooler this happens repeatedly,Water,Sports & Recreation,Water cooler,Floor 3,CL22,Wednesday,15,2026-04-10T15:58:00+05:30,4,Low,65.0,66,0,Open,4.22,1
CL-11526,ANON-0167,projector hdmi port is loose in CS1 this happens repeatedly,Infrastructure,Labs & Research,A2/1,Floor 4,CS1,Tuesday,12,2026-04-10T12:53:00+05:30,3,Medium,44.0,41,1,Resolved,4.82,0
CL-11527,ANON-0014,two ceiling fans are not working in CR425 !!!!,Infrastructure,Labs & Research,A2/1,Floor 1,CR425,Thursday,8,2026-04-10T08:43:00+05:30,3,Medium,44.0,59,0,Verified,4.57,0
CL-11528,ANON-0338,wifi becomes extremely slow near CS1 between 11:00 and 13:00 please fix urgently,Network,Library & Study,CL3,Floor 1,CS1,Tuesday,11,2026-04-10T11:11:00+05:30,2,High,71.0,47,0,Verified,5.19,0
CL-11529,ANON-0219,drinking water cooler near CR425 is empty,Water,General & Utilities,Girls Hostel,Ground Floor,CR425,Monday,11,2026-04-10T11:26:00+05:30,3,Medium,66.0,69,0,In Progress,3.82,1
CL-11530,ANON-0336,power socket near the desk is unsafe in CS1,Electrical,Labs & Research,H5 Boys Hostel,Floor 1,CS1,Wednesday,9,2026-04-10T09:24:00+05:30,2,High,,63,0,Resolved,5.15,0
CL-11531,ANON-0053,three lab systems freeze during compilation in CL22 while the wifi is also unstable,Lab Equipment,Labs & Research,CL1,Floor 2,CL22,Saturday,9,2026-04-10T09:53:00+05:30,2,High,62.0,37,1,Resolved,6.3,0
CL-11532,ANON-0432,wifi becomes extremely slow near G2 between 14:00 and 16:00,Water,Library & Study,Aryabhatt Bhawan II,Floor 3,G2,Saturday,14,2026-04-10T14:48:00+05:30,3,Medium,76.0,52,0,Resolved,4.95,1
CL-11533,ANON-0083,very weak wifi signal on Ground Floor of Aryabhatt Bhawan II this happens repeatedly,Network,Academic & Teaching,Aryabhatt Bhawan II,Ground Floor,CL3,Thursday,10,2026-04-10T10:36:00+05:30,3,Medium,100.0,80,1,Resolved,6.37,0
CL-11534,ANON-0265,broken writing desk is blocking the aisle in CL15 and the room is overcrowded,Infrastructure,Academic & Teaching,Aryabhatt Bhawan II,Floor 3,CL15,Tuesday,13,2026-04-10T13:24:00+05:30,2,High,66.0,22,1,Escalated,5.04,1
CL-11535,ANON-0250,laboratory equipment reports a calibration error in CL15,Canteen,Labs & Research,ECE Labs,Floor 4,CL15,Monday,17,2026-04-10T17:50:00+05:30,3,Medium,49.0,96,1,Resolved,4.76,1
CL-11536,ANON-0062,canteen queue is very long at 13:00 with one counter open students cannot continue class,Canteen,Food,Cafeteria / Canteen,Floor 1,CS1,Wednesday,13,2026-04-11T13:00:00+05:30,2,High,68.0,64,0,Resolved,5.43,0
CL-11537,ANON-0258,wifi becomes extremely slow near TS17 between 14:00 and 16:00,Network,Labs & Research,CL15,Ground Floor,TS17,Monday,14,2026-04-11T14:58:00+05:30,3,Medium,92.0,65,1,In Progress,5.51,1
CL-11538,ANON-0405,classroom door and several chairs need repair on Floor 2,Infrastructure,Labs & Research,CL3,Floor 2,CL22,Friday,16,2026-04-11T16:21:00+05:30,3,Medium,59.0,65,0,Resolved,3.83,0
CL-11539,ANON-0220,classroom door and several chairs need repair on Floor 4,Infrastructure,Labs & Research,A2/2,Floor 4,TS17,Saturday,12,2026-04-11T12:19:00+05:30,2,High,60.0,48,1,Open,5.73,0
CL-11540,ANON-0236,billing queue reaches the stairwell near Annapurna / Main Mess,Canteen,Food,Annapurna / Main Mess,Floor 3,CL15,Thursday,14,2026-04-11T14:34:00+05:30,4,Low,88.0,64,1,Verified,5.23,1
CL-11541,ANON-0056,unclassified campus issue reported around Main Gate students cannot continue class,Other,General & Utilities,Main Gate,Floor 4,CS1,Saturday,16,2026-04-11T16:48:00+05:30,2,High,52.0,50,0,Open,5.28,1
CL-11542,ANON-0439,wifi becomes extremely slow near CS1 between 12:00 and 14:00,Network,Library & Study,CL3,Floor 4,CS1,Wednesday,12,2026-04-11T12:28:00+05:30,3,Medium,43.0,41,0,Verified,4.9,0
CL-11543,ANON-0025,low water pressure reported around Girls Hostel,Water,Sports & Recreation,Girls Hostel,Floor 4,CL22,Saturday,11,2026-04-11T11:12:00+05:30,4,Low,57.0,74,0,Open,2.94,0
CL-11544,ANON-0119,classroom door and several chairs need repair on Floor 3,Infrastructure,Labs & Research,A2/2,Floor 3,CR425,Thursday,15,2026-04-11T15:48:00+05:30,2,High,67.0,58,0,Verified,4.82,0
CL-11545,ANON-0151,broken writing desk is blocking the aisle in CL3 !!!!,Infrastructure,Academic & Teaching,A2/1,Floor 2,CL3,Wednesday,16,2026-04-11T16:34:00+05:30,5,Low,71.0,52,1,In Progress,4.1,0
CL-11546,ANON-0599,GARBAGE IS OVERFLOWING IN THE CORRIDOR ON GROUND FLOOR   !!!,Cleanliness,Hostels,H4 Boys Hostel,Ground Floor,FF6,Thursday,10,2026-04-11T10:54:00+05:30,1,Critical,43.0,46,0,Open,5.12,1
CL-11547,ANON-0179,internet disconnects repeatedly during the lecture in CL15 this happens repeatedly,Network,Academic & Teaching,CL15,Ground Floor,CL15,Tuesday,10,2026-04-11T10:32:00+05:30,1,Critical,50.0,34,0,Resolved,5.76,1
CL-11548,ANON-0372,food counter is overcrowded between 12:00 and 14:00,Canteen,Food,Annapurna / Main Mess,Floor 4,CR425,Tuesday,12,2026-04-11T12:40:00+05:30,4,Low,56.0,79,0,Resolved,2.96,1
CL-11549,ANON-0033,laboratory equipment reports a calibration error in TS17,Lab Equipment,Labs & Research,CL15,Floor 1,TS17,Thursday,13,2026-04-11T13:53:00+05:30,3,Medium,40.0,43,1,Open,6.05,0
CL-11550,ANON-0576,computer fails to boot during practical class in G2,Lab Equipment,Labs & Research,CL3,Floor 3,G2,Thursday,16,2026-04-11T16:49:00+05:30,1,Critical,63.0,48,1,Resolved,6.14,1
CL-11551,ANON-0166,GARBAGE IS OVERFLOWING IN THE CORRIDOR ON FLOOR 4   !!!,Cleanliness,Academic & Teaching,Washrooms,Floor 4,CS1,Thursday,14,2026-04-11T14:30:00+05:30,3,Medium,89.0,84,0,Resolved,4.9,0
CL-11552,ANON-0231,three lab systems freeze during compilation in CL15 students cannot continue class,Lab Equipment,Labs & Research,,Floor 4,CL15,Wednesday,18,2026-04-12T18:52:00+05:30,3,Medium,66.0,53,0,Open,3.8,1
CL-11553,ANON-0409,air conditioner stops cooling after noon on Ground Floor,Electrical,Hostels,CL22,Ground Floor,FF6,Friday,14,2026-04-12T14:36:00+05:30,3,Medium,70.0,52,0,Resolved,4.1,0
CL-11554,ANON-0271,broken writing desk is blocking the aisle in CR425,Infrastructure,Academic & Teaching,Aryabhatt Bhawan II,Ground Floor,CR425,Monday,8,2026-04-12T08:57:00+05:30,4,Low,35.0,67,0,In Progress,1.48,0
CL-11555,ANON-0260,washroom near CL15 has not been cleaned today !!!!,Cleanliness,Academic & Teaching,H4 Boys Hostel,Floor 1,CL15,Tuesday,16,2026-04-12T16:12:00+05:30,3,Medium,37.0,39,0,Open,4.17,1
CL-11556,ANON-0305,computer fails to boot during practical class in TS17,Lab Equipment,Labs & Research,CL1,Floor 4,TS17,Thursday,13,2026-04-12T13:11:00+05:30,2,High,45.0,40,1,In Progress,5.26,1
CL-11557,ANON-0485,broken writing desk is blocking the aisle in CR425,Infrastructure,Academic & Teaching,A2/1,Floor 2,CR425,Tuesday,10,2026-04-12T10:03:00+05:30,2,High,57.0,40,1,In Progress,6.72,0
CL-11558,ANON-0308,classroom door and several chairs need repair on Floor 1 near a water cooler,Infrastructure,Labs & Research,Aryabhatt Bhawan II,Floor 1,CR425,Wednesday,11,2026-04-12T11:19:00+05:30,3,Medium,34.0,74,0,In Progress,4.18,0
CL-11559,ANON-0554,washroom near FF6 has not been cleaned today,Cleanliness,General & Utilities,Aryabhatt Bhawan III,Floor 3,FF6,Friday,10,2026-04-12T10:01:00+05:30,1,Critical,70.0,53,1,In Progress,6.87,1
CL-11560,ANON-0499,internet disconnects repeatedly during the lecture in CL15 students cannot continue class,Network,Library & Study,CL3,Floor 4,CL15,Thursday,10,2026-04-12T10:38:00+05:30,3,Medium,72.0,57,0,Resolved,4.08,0
CL-11561,ANON-0490,network authentication fails for students around CL3,Network,Library & Study,CL3,Floor 4,CL3,Monday,12,2026-04-12T12:31:00+05:30,3,Medium,83.0,90,1,Resolved,5.63,1
CL-11562,ANON-0234,internet disconnects repeatedly during the lecture in CL22 please fix urgently,Network,Labs & Research,CL3,Floor 4,CL22,Friday,9,2026-04-12T09:05:00+05:30,3,Medium,93.0,58,1,Resolved,6.34,0
CL-11563,ANON-0502,internet disconnects repeatedly during the lecture in CL3,Water,Library & Study,CL15,Floor 3,CL3,Tuesday,10,2026-04-12T10:05:00+05:30,2,High,77.0,50,1,Open,6.2,1
CL-11564,ANON-0005,washroom near CL15 has not been cleaned today,Cleanliness,Academic & Teaching,H4 Boys Hostel,Floor 3,CL15,Saturday,10,2026-04-12T10:26:00+05:30,4,Low,23.0,56,0,Resolved,2.96,0
CL-11565,ANON-0501,three lab systems freeze during compilation in CL22,Lab Equipment,Labs & Research,CL15,Floor 4,CL22,Tuesday,18,2026-04-12T18:10:00+05:30,3,Medium,37.0,40,1,Resolved,4.99,0
CL-11566,ANON-0575,broken writing desk is blocking the aisle in CL15,Infrastructure,Labs & Research,CL3,Floor 1,CL15,Saturday,17,2026-04-12T17:13:00+05:30,5,Low,52.0,77,1,Verified,3.77,0
CL-11567,ANON-0324,network authentication fails for students around Aryabhatt Bhawan II please fix urgently,Network,Library & Study,Aryabhatt Bhawan II,Floor 2,TS17,Tuesday,11,2026-04-12T11:15:00+05:30,5,Low,73.0,27,1,Verified,4.55,0
CL-11568,ANON-0409,very weak wifi signal on Floor 4 of Aryabhatt Bhawan II,Network,Academic & Teaching,,Floor 4,CL15,Saturday,9,2026-04-13T09:46:00+05:30,2,High,100.0,75,0,Resolved,5.62,1
CL-11569,ANON-0444,laboratory equipment reports a calibration error in CL22,Lab Equipment,Labs & Research,ECE Labs,Floor 3,CL22,Saturday,12,2026-04-13T12:58:00+05:30,2,High,46.0,57,1,Verified,5.0,1
CL-11570,ANON-0315,spill outside TS17 creates a safety hazard while the wifi is also unstable,Cleanliness,General & Utilities,H4 Boys Hostel,Floor 3,TS17,Wednesday,14,2026-04-13T14:36:00+05:30,1,Critical,53.0,74,0,Resolved,5.22,0
CL-11571,ANON-0188,unclassified campus issue reported around Parking this happens repeatedly,Other,Administration,Parking,Ground Floor,CL15,Thursday,15,2026-04-13T15:53:00+05:30,2,High,41.0,47,1,In Progress,5.34,0
CL-11572,ANON-0580,broken writing desk is blocking the aisle in TS17,Infrastructure,Labs & Research,Aryabhatt Bhawan II,Floor 1,TS17,Friday,14,2026-04-13T14:12:00+05:30,4,Low,48.0,54,0,Open,3.45,0
CL-11573,ANON-0418,wifi becomes extremely slow near CL22 between 14:00 and 16:00 please fix urgently,Network,Labs & Research,Aryabhatt Bhawan II,Floor 1,CL22,Monday,14,2026-04-13T14:33:00+05:30,1,Critical,43.0,43,0,Resolved,4.79,0
CL-11574,ANON-0301,internet disconnects repeatedly during the lecture in G2 near a water cooler,Network,Academic & Teaching,CL15,Floor 2,G2,Wednesday,10,2026-04-13T10:42:00+05:30,3,Medium,88.0,42,1,Open,5.17,1
CL-11575,ANON-0253,network authentication fails for students around CL3,Network,Labs & Research,CL3,Ground Floor,CS1,Thursday,12,2026-04-13T12:10:00+05:30,1,Critical,81.0,83,0,Open,5.89,0
CL-11576,ANON-0092,computer fails to boot during practical class in FF6 please fix urgently,Lab Equipment,Labs & Research,CL3,Floor 4,FF6,Thursday,11,2026-04-13T11:21:00+05:30,3,Medium,62.0,68,1,Open,6.52,0
CL-11577,ANON-0447,floor near Aryabhatt Bhawan III is dirty and slippery,Cleanliness,General & Utilities,Aryabhatt Bhawan III,Floor 3,CL22,Friday,17,2026-04-13T17:05:00+05:30,5,Low,38.0,56,0,Open,2.54,0
CL-11578,ANON-0541,laboratory equipment reports a calibration error in CS1,Lab Equipment,Labs & Research,CL1,Floor 3,CS1,Friday,15,2026-04-13T15:39:00+05:30,3,Medium,38.0,91,0,Resolved,3.83,0
CL-11579,ANON-0234,billing queue reaches the stairwell near Annapurna / Main Mess students cannot continue class,Canteen,Food,Annapurna / Main Mess,Floor 4,TS17,Friday,13,2026-04-13T13:44:00+05:30,1,Critical,60.0,34,1,Open,6.44,0
CL-11580,ANON-0416,classroom door and several chairs need repair on Ground Floor,Infrastructure,Academic & Teaching,A2/1,Ground Floor,FF6,Friday,12,2026-04-13T12:01:00+05:30,1,Critical,95.0,63,1,Resolved,6.81,0
CL-11581,ANON-0583,air conditioner stops cooling after noon on Floor 1 !!!!,Electrical,Hostels,A2/1,Floor 1,CR425,Wednesday,18,2026-04-13T18:24:00+05:30,3,Medium,45.0,63,1,In Progress,5.19,1
CL-11582,ANON-0213,canteen queue is very long at 14:00 with one counter open,Canteen,Food,Cafeteria / Canteen,Floor 2,CL3,Friday,14,2026-04-13T14:54:00+05:30,3,Medium,72.0,50,0,Resolved,4.9,0
CL-11583,ANON-0075,classroom door and several chairs need repair on Floor 4,Infrastructure,Labs & Research,A2/1,Floor 4,CL15,Tuesday,10,2026-04-13T10:45:00+05:30,4,Low,85.0,49,1,In Progress,5.56,0
CL-11584,ANON-0577,food counter is overcrowded between 13:00 and 15:00,Other,Food,Cafeteria / Canteen,Floor 3,FF6,Friday,13,2026-04-14T13:24:00+05:30,5,Low,83.0,57,0,Resolved,3.49,1
CL-11585,ANON-0386,floor near Washrooms is dirty and slippery while the wifi is also unstable,Cleanliness,General & Utilities,Washrooms,Floor 4,CR425,Tuesday,18,2026-04-14T18:32:00+05:30,3,Medium,22.0,89,0,In Progress,3.04,0
CL-11586,ANON-0129,computer fails to boot during practical class in G2,Lab Equipment,Labs & Research,CL3,Floor 1,G2,Saturday,17,2026-04-14T17:50:00+05:30,3,Medium,41.0,64,0,Verified,4.19,0
CL-11587,ANON-0345,internet disconnects repeatedly during the lecture in CR425 please fix urgently,Network,Labs & Research,CL3,Floor 2,CR425,Saturday,10,2026-04-14T10:56:00+05:30,2,High,68.0,70,0,Resolved,5.05,1
CL-11588,ANON-0194,internet disconnects repeatedly during the lecture in CS1,Network,Academic & Teaching,LRC,Floor 3,CS1,Thursday,10,2026-04-14T10:13:00+05:30,1,Critical,100.0,68,1,Open,7.09,1
CL-11589,ANON-0553,projector hdmi port is loose in FF6,Infrastructure,Academic & Teaching,CL3,Floor 2,FF6,Thursday,16,2026-04-14T16:06:00+05:30,2,High,54.0,67,0,In Progress,5.44,1
CL-11590,ANON-0433,broken writing desk is blocking the aisle in CR425,Electrical,Labs & Research,A2/2,Ground Floor,CR425,Saturday,11,2026-04-14T11:28:00+05:30,1,Critical,40.0,26,0,Escalated,5.55,0
CL-11591,ANON-0188,very weak wifi signal on Floor 3 of CL3 while the wifi is also unstable,Network,Library & Study,CL3,Floor 3,CL22,Monday,10,2026-04-14T10:34:00+05:30,2,High,95.0,56,1,Open,6.38,1
CL-11592,ANON-0428,very weak wifi signal on Floor 4 of CL3 after a power interruption,Network,Academic & Teaching,CL3,Floor 4,CS1,Saturday,10,2026-04-14T10:15:00+05:30,4,Low,86.0,37,0,Resolved,3.71,1
CL-11593,ANON-0054,washroom near G2 has not been cleaned today this happens repeatedly near a water cooler,Cleanliness,General & Utilities,Washrooms,Floor 4,G2,Thursday,9,2026-04-14T09:28:00+05:30,3,Medium,67.0,41,1,Escalated,6.52,0
CL-11594,ANON-0350,network authentication fails for students around Aryabhatt Bhawan II students cannot continue class,Network,Academic & Teaching,Aryabhatt Bhawan II,Floor 3,FF6,Wednesday,10,2026-04-14T10:08:00+05:30,2,High,70.0,41,1,Verified,6.32,1
CL-11595,ANON-0358,power socket near the desk is unsafe in CL22,Electrical,Labs & Research,CL22,Floor 2,CL22,Friday,13,2026-04-14T13:11:00+05:30,2,High,47.0,44,0,Open,4.11,0
CL-11596,ANON-0551,wifi becomes extremely slow near CL22 between 9:00 and 11:00 beside the canteen queue,Infrastructure,Library & Study,LRC,Floor 3,CL22,Wednesday,9,2026-04-14T09:19:00+05:30,5,Low,91.0,66,1,Open,4.54,1
CL-11597,ANON-0328,projector hdmi port is loose in G2 near a water cooler,Infrastructure,Academic & Teaching,CL3,Ground Floor,G2,Saturday,13,2026-04-14T13:43:00+05:30,2,High,72.0,20,0,Open,4.55,0
CL-11598,ANON-0193,classroom door and several chairs need repair on Floor 1,Infrastructure,Academic & Teaching,A2/2,Floor 1,CR425,Monday,12,2026-04-14T12:30:00+05:30,2,High,68.0,60,0,Open,5.07,1
CL-11599,ANON-0091,broken writing desk is blocking the aisle in CR425,Infrastructure,Academic & Teaching,A2/1,Floor 4,CR425,Saturday,9,2026-04-14T09:57:00+05:30,3,Medium,31.0,57,1,Resolved,4.56,0
CL-11600,ANON-0497,billing queue reaches the stairwell near Annapurna / Main Mess,Canteen,Food,Annapurna / Main Mess,Floor 2,CL3,Thursday,13,2026-04-15T13:12:00+05:30,1,Critical,53.0,47,1,Resolved,7.16,1
CL-11601,ANON-0524,broken writing desk is blocking the aisle in CL22,Infrastructure,Labs & Research,Aryabhatt Bhawan II,Floor 2,CL22,Wednesday,13,2026-04-15T13:38:00+05:30,4,Low,53.0,29,1,Resolved,5.25,0
CL-11602,ANON-0196,monitor and keyboard are not detected at workstation in CL3,Lab Equipment,Labs & Research,ECE Labs,Floor 4,CL3,Tuesday,16,2026-04-15T16:17:00+05:30,3,Medium,93.0,58,1,Verified,5.96,0
CL-11603,ANON-0402,laboratory equipment reports a calibration error in G2,Lab Equipment,Labs & Research,CL1,Ground Floor,G2,Monday,16,2026-04-15T16:20:00+05:30,4,Low,71.0,25,1,Open,5.18,0
CL-11604,ANON-0157,billing queue reaches the stairwell near Annapurna / Main Mess,Canteen,Food,Annapurna / Main Mess,Ground Floor,TS17,Tuesday,13,2026-04-15T13:14:00+05:30,5,Low,97.0,48,1,Verified,4.26,1
CL-11605,ANON-0363,projector hdmi port is loose in TS17,Infrastructure,Academic & Teaching,A2/2,Floor 4,TS17,Thursday,18,2026-04-15T18:57:00+05:30,5,Low,38.0,54,1,Resolved,3.21,1
CL-11606,ANON-0348,drinking water cooler near CS1 is empty,Water,Hostels,Swimming Pool,Floor 4,CS1,Friday,17,2026-04-15T17:59:00+05:30,2,High,43.0,82,0,Resolved,4.03,0
CL-11607,ANON-0121,wifi becomes extremely slow near CL22 between 10:00 and 12:00 near a water cooler,Network,Labs & Research,CL3,Floor 3,CL22,Tuesday,10,2026-04-15T10:25:00+05:30,4,Low,83.0,36,1,Resolved,5.69,0
CL-11608,ANON-0467,waiting time at Annapurna / Main Mess is more than twenty minutes students cannot continue class,Canteen,Food,Annapurna / Main Mess,Floor 4,CR425,Friday,13,2026-04-15T13:48:00+05:30,5,Low,75.0,49,0,Verified,3.08,0
CL-11609,ANON-0090,internet disconnects repeatedly during the lecture in CL15 after a power interruption,Network,Academic & Teaching,CL3,Floor 3,CL15,Tuesday,14,2026-04-15T14:50:00+05:30,1,Critical,57.0,30,0,Resolved,5.16,0
CL-11610,ANON-0317,projector hdmi port is loose in CL15,Infrastructure,Academic & Teaching,CL3,Floor 1,CL15,Saturday,13,2026-04-15T13:24:00+05:30,4,Low,66.0,53,0,Open,3.76,1
CL-11611,ANON-0373,two ceiling fans are not working in CS1,Electrical,Hostels,A2/1,Floor 3,CS1,Saturday,18,2026-04-15T18:19:00+05:30,2,High,84.0,65,0,Resolved,4.89,0
CL-11612,ANON-0534,projector in G2 switches off after ten minutes !!!! near a water cooler,Infrastructure,Labs & Research,CL3,Floor 1,G2,Monday,9,2026-04-15T09:19:00+05:30,2,High,54.0,34,1,Resolved,5.81,0
CL-11613,ANON-0404,internet disconnects repeatedly during the lecture in CS1,Network,Labs & Research,CL15,Floor 4,CS1,Wednesday,11,2026-04-15T11:40:00+05:30,2,High,81.0,50,0,Open,4.73,0
CL-11614,ANON-0313,floor near H4 Boys Hostel is dirty and slippery,Cleanliness,General & Utilities,H4 Boys Hostel,Floor 4,CL15,Saturday,10,2026-04-15T10:39:00+05:30,4,Low,39.0,80,0,Resolved,4.0,1
CL-11615,ANON-0254,water point near Girls Hostel is not operational,Water,General & Utilities,Girls Hostel,Floor 1,TS17,Saturday,14,2026-04-15T14:54:00+05:30,2,High,33.0,61,1,In Progress,5.48,0
CL-11616,ANON-0408,broken writing desk is blocking the aisle in TS17,Infrastructure,Academic & Teaching,A2/2,Floor 1,TS17,Thursday,16,2026-04-16T16:07:00+05:30,1,Critical,65.0,66,1,Resolved,6.97,1
CL-11617,ANON-0245,laboratory equipment reports a calibration error in TS17,Lab Equipment,Labs & Research,ECE Labs,Floor 2,TS17,Saturday,18,2026-04-16T18:31:00+05:30,2,High,,28,1,In Progress,7.0,0
CL-11618,ANON-0357,garbage is overflowing in the corridor on Floor 3,Cleanliness,Hostels,Aryabhatt Bhawan III,Floor 3,CL15,Saturday,13,2026-04-16T13:45:00+05:30,3,Medium,45.0,68,0,Verified,3.26,1
CL-11619,ANON-0371,spill outside FF6 creates a safety hazard !!!! beside the canteen queue,Cleanliness,General & Utilities,Washrooms,Floor 4,FF6,Saturday,11,2026-04-16T11:33:00+05:30,1,Critical,45.0,50,0,Open,5.42,0
CL-11620,ANON-0418,computer fails to boot during practical class in CL15,Lab Equipment,Labs & Research,CL3,Ground Floor,CL15,Friday,18,2026-04-16T18:50:00+05:30,2,High,50.0,84,0,Open,4.59,0
CL-11621,ANON-0568,garbage is overflowing in the corridor on Ground Floor and the room is overcrowded,Lab Equipment,General & Utilities,H4 Boys Hostel,Ground Floor,TS17,Thursday,18,2026-04-16T18:48:00+05:30,2,High,29.0,74,0,Open,4.38,0
CL-11622,ANON-0404,wifi becomes extremely slow near CR425 between 11:00 and 13:00,Network,Library & Study,CL3,Ground Floor,CR425,Friday,11,2026-04-16T11:42:00+05:30,3,Medium,93.0,59,1,Open,6.3,1
CL-11623,ANON-0546,very weak wifi signal on Ground Floor of CL3,Network,Library & Study,CL3,Ground Floor,CR425,Thursday,11,2026-04-16T11:13:00+05:30,1,Critical,91.0,47,0,Verified,6.79,1
CL-11624,ANON-0239,floor near Washrooms is dirty and slippery,Cleanliness,Hostels,Washrooms,Floor 3,CL3,Monday,8,2026-04-16T08:57:00+05:30,3,Medium,48.0,53,0,Resolved,4.03,0
CL-11625,ANON-0268,monitor and keyboard are not detected at workstation in G2 near a water cooler,Lab Equipment,Labs & Research,CL1,Floor 3,G2,Wednesday,8,2026-04-16T08:18:00+05:30,3,Medium,69.0,65,1,Open,5.65,0
CL-11626,ANON-0403,power socket near the desk is unsafe in TS17,Electrical,Academic & Teaching,A2/1,Ground Floor,TS17,Monday,12,2026-04-16T12:40:00+05:30,3,Medium,56.0,73,0,Open,4.26,1
CL-11627,ANON-0279,food counter is overcrowded between 14:00 and 16:00,Canteen,Food,Annapurna / Main Mess,Floor 2,CR425,Monday,14,2026-04-16T14:32:00+05:30,2,High,63.0,43,0,Verified,5.95,0
CL-11628,ANON-0212,projector hdmi port is loose in FF6 while the wifi is also unstable,Infrastructure,Labs & Research,Aryabhatt Bhawan II,Floor 3,FF6,Saturday,17,2026-04-16T17:48:00+05:30,4,Low,43.0,70,1,In Progress,4.41,1
CL-11629,ANON-0544,classroom door and several chairs need repair on Floor 2,Infrastructure,Academic & Teaching,CL3,Floor 2,CL22,Saturday,9,2026-04-16T09:45:00+05:30,4,Low,42.0,41,0,Verified,3.53,0
CL-11630,ANON-0003,classroom door and several chairs need repair on Floor 1,Infrastructure,Academic & Teaching,A2/2,Floor 1,CL22,Thursday,18,2026-04-16T18:26:00+05:30,3,Medium,50.0,20,1,Verified,5.88,0
CL-11631,ANON-0168,garbage is overflowing in the corridor on Ground Floor near a water cooler,Cleanliness,Hostels,H4 Boys Hostel,Ground Floor,TS17,Saturday,8,2026-04-16T08:07:00+05:30,4,Low,89.0,51,1,Open,4.19,0
CL-11632,ANON-0345,broken writing desk is blocking the aisle in CL15,Infrastructure,Labs & Research,A2/1,Floor 4,CL15,Saturday,13,2026-04-17T13:43:00+05:30,2,High,82.0,64,0,Open,4.1,1
CL-11633,ANON-0579,network authentication fails for students around Aryabhatt Bhawan II,Network,Labs & Research,Aryabhatt Bhawan II,Floor 1,CS1,Wednesday,10,2026-04-17T10:17:00+05:30,5,Low,86.0,70,0,In Progress,3.47,0
CL-11634,ANON-0020,broken writing desk is blocking the aisle in CL3,Infrastructure,Labs & Research,Aryabhatt Bhawan II,Floor 4,CL3,Wednesday,8,2026-04-17T08:51:00+05:30,2,High,56.0,57,1,Escalated,5.83,0
CL-11635,ANON-0107,power socket near the desk is unsafe in TS17,Electrical,Academic & Teaching,CL22,Ground Floor,TS17,Monday,10,2026-04-17T10:43:00+05:30,3,Medium,53.0,71,1,Resolved,6.06,1
CL-11636,ANON-0057,wifi becomes extremely slow near CL22 between 14:00 and 16:00,Network,Library & Study,Aryabhatt Bhawan II,Floor 3,CL22,Wednesday,14,2026-04-17T14:53:00+05:30,3,Medium,92.0,67,0,Verified,5.03,1
CL-11637,ANON-0477,waiting time at Cafeteria / Canteen is more than twenty minutes,Canteen,Food,Cafeteria / Canteen,Floor 1,G2,Tuesday,13,2026-04-17T13:33:00+05:30,3,Medium,68.0,72,0,Open,3.38,0
CL-11638,ANON-0169,projector hdmi port is loose in CL3 this happens repeatedly,Infrastructure,Labs & Research,A2/2,Ground Floor,CL3,Monday,12,2026-04-17T12:40:00+05:30,5,Low,70.0,51,1,Escalated,4.49,1
CL-11639,ANON-0148,drinking water cooler near CL22 is empty,Water,Sports & Recreation,Girls Hostel,Floor 4,CL22,Thursday,18,2026-04-17T18:41:00+05:30,5,Low,69.0,64,0,Verified,2.69,0
CL-11640,ANON-0399,classroom door and several chairs need repair on Floor 2,Network,Academic & Teaching,Aryabhatt Bhawan II,Floor 2,CR425,Wednesday,16,2026-04-17T16:46:00+05:30,3,Medium,55.0,65,0,Open,5.39,0
CL-11641,ANON-0052,air conditioner stops cooling after noon on Floor 1,Electrical,Academic & Teaching,CL22,Floor 1,CL15,Tuesday,11,2026-04-17T11:21:00+05:30,4,Low,87.0,79,0,Verified,4.66,0
CL-11642,ANON-0009,two ceiling fans are not working in TS17 after a power interruption,Electrical,Hostels,A2/1,Floor 4,TS17,Thursday,13,2026-04-17T13:50:00+05:30,2,High,34.0,40,0,Open,4.42,1
CL-11643,ANON-0469,three lab systems freeze during compilation in CS1,Lab Equipment,Labs & Research,CL15,Floor 2,CS1,Thursday,9,2026-04-17T09:40:00+05:30,2,High,77.0,56,0,In Progress,6.39,1
CL-11644,ANON-0229,canteen queue is very long at 12:00 with one counter open,Canteen,Food,Annapurna / Main Mess,Floor 3,CR425,Tuesday,12,2026-04-17T12:58:00+05:30,2,High,62.0,75,0,Resolved,4.9,0
CL-11645,ANON-0166,lights flicker repeatedly inside TS17,Electrical,Labs & Research,CL22,Ground Floor,TS17,Tuesday,12,2026-04-17T12:58:00+05:30,2,High,55.0,71,0,Open,4.27,0
CL-11646,ANON-0367,air conditioner stops cooling after noon on Floor 4 this happens repeatedly,Electrical,Labs & Research,CL22,Floor 4,CL15,Monday,16,2026-04-17T16:19:00+05:30,3,Medium,87.0,71,0,Open,4.58,0
CL-11647,ANON-0173,broken writing desk is blocking the aisle in CS1,Infrastructure,Labs & Research,A2/1,Floor 4,CS1,Saturday,12,2026-04-17T12:27:00+05:30,3,Medium,81.0,60,1,Resolved,5.12,0
CL-11648,ANON-0399,washroom near TS17 has not been cleaned today,Cleanliness,General & Utilities,Washrooms,Floor 4,TS17,Thursday,9,2026-04-18T09:55:00+05:30,1,Critical,89.0,64,0,In Progress,5.41,0
CL-11649,ANON-0578,air conditioner stops cooling after noon on Ground Floor,Electrical,Hostels,CL22,Ground Floor,G2,Wednesday,11,2026-04-18T11:38:00+05:30,1,Critical,49.0,92,1,Verified,5.48,0
CL-11650,ANON-0344,network authentication fails for students around CL3,Network,Labs & Research,CL3,Ground Floor,FF6,Saturday,10,2026-04-18T10:56:00+05:30,1,Critical,60.0,44,0,In Progress,5.8,1
CL-11651,ANON-0185,wifi becomes extremely slow near FF6 between 9:00 and 11:00,Network,Library & Study,CL15,Floor 1,FF6,Monday,9,2026-04-18T09:52:00+05:30,1,Critical,87.0,74,0,Resolved,5.34,0
CL-11652,ANON-0327,wifi becomes extremely slow near CL22 between 10:00 and 12:00,Network,Academic & Teaching,CL15,Floor 1,CL22,Saturday,10,2026-04-18T10:46:00+05:30,4,Low,61.0,84,0,In Progress,3.5,0
CL-11653,ANON-0276,internet disconnects repeatedly during the lecture in FF6,Network,Library & Study,Aryabhatt Bhawan II,Ground Floor,FF6,Wednesday,10,2026-04-18T10:49:00+05:30,3,Medium,100.0,48,0,Verified,4.2,0
CL-11654,ANON-0569,floor near H4 Boys Hostel is dirty and slippery,Cleanliness,Academic & Teaching,H4 Boys Hostel,Floor 4,G2,Friday,16,2026-04-18T16:16:00+05:30,1,Critical,75.0,96,1,Resolved,8.15,0
CL-11655,ANON-0029,very weak wifi signal on Floor 4 of Aryabhatt Bhawan II,Network,Academic & Teaching,Aryabhatt Bhawan II,Floor 4,CR425,Friday,11,2026-04-18T11:04:00+05:30,2,High,78.0,48,1,Resolved,5.97,0
CL-11656,ANON-0044,water point near Water cooler is not operational,Water,General & Utilities,Water cooler,Floor 1,CL15,Monday,18,2026-04-18T18:20:00+05:30,1,Critical,49.0,93,0,Resolved,4.92,1
CL-11657,ANON-0322,very weak wifi signal on Floor 2 of CL15 after a power interruption,Network,Labs & Research,CL15,Floor 2,CL15,Friday,11,2026-04-18T11:45:00+05:30,3,Medium,100.0,38,0,Open,5.05,0
CL-11658,ANON-0228,canteen queue is very long at 13:00 with one counter open,Canteen,Food,Annapurna / Main Mess,Ground Floor,CL15,Tuesday,13,2026-04-18T13:41:00+05:30,3,Medium,93.0,46,0,Open,5.39,1
CL-11659,ANON-0128,billing queue reaches the stairwell near Cafeteria / Canteen,Canteen,Food,Cafeteria / Canteen,Floor 1,CS1,Monday,13,2026-04-18T13:43:00+05:30,4,Low,68.0,59,1,Open,3.78,0
CL-11660,ANON-0598,network authentication fails for students around CL15,Network,Labs & Research,CL15,Floor 4,CL22,Saturday,9,2026-04-18T09:35:00+05:30,4,Low,54.0,67,1,Resolved,5.07,0
CL-11661,ANON-0241,monitor and keyboard are not detected at workstation in CR425,Lab Equipment,Labs & Research,ECE Labs,Ground Floor,CR425,Tuesday,17,2026-04-18T17:03:00+05:30,1,Critical,73.0,34,0,In Progress,5.96,0
CL-11662,ANON-0277,internet disconnects repeatedly during the lecture in CR425,Network,Library & Study,CL15,Floor 3,CR425,Tuesday,11,2026-04-18T11:26:00+05:30,4,Low,86.0,53,1,Open,3.5,1
CL-11663,ANON-0173,broken writing desk is blocking the aisle in CL3,Infrastructure,Academic & Teaching,A2/2,Ground Floor,CL3,Monday,12,2026-04-18T12:28:00+05:30,2,High,42.0,96,0,Escalated,4.61,0
CL-11664,ANON-0570,WATER POINT NEAR WATER COOLER IS NOT OPERATIONAL   !!!,Water,General & Utilities,Water cooler,Floor 1,CR425,Friday,8,2026-04-19T08:36:00+05:30,4,Low,57.0,70,0,In Progress,2.91,0
CL-11665,ANON-0167,floor near Washrooms is dirty and slippery,Cleanliness,General & Utilities,Washrooms,Floor 1,CS1,Wednesday,16,2026-04-19T16:20:00+05:30,3,Medium,78.0,20,1,In Progress,5.19,1
CL-11666,ANON-0159,network authentication fails for students around Aryabhatt Bhawan II,Lab Equipment,Academic & Teaching,Aryabhatt Bhawan II,Floor 2,CL15,Thursday,10,2026-04-19T10:23:00+05:30,1,Critical,100.0,72,0,Escalated,5.5,0
CL-11667,ANON-0263,signage is missing for CS1 on Floor 2,Other,Sports & Recreation,Parking,Floor 2,CS1,Monday,8,2026-04-19T08:01:00+05:30,4,Low,59.0,29,0,In Progress,2.42,1
CL-11668,ANON-0273,network authentication fails for students around CL15 please fix urgently,Network,Academic & Teaching,CL15,Floor 3,CL15,Friday,14,2026-04-19T14:27:00+05:30,1,Critical,81.0,40,0,Open,6.02,1
CL-11669,ANON-0294,food counter is overcrowded between 14:00 and 16:00,Canteen,Food,Cafeteria / Canteen,Floor 4,CL15,Thursday,14,2026-04-19T14:33:00+05:30,4,Low,100.0,20,0,Open,3.53,0
CL-11670,ANON-0053,internet disconnects repeatedly during the lecture in TS17,Network,Academic & Teaching,CL3,Floor 3,TS17,Monday,10,2026-04-19T10:02:00+05:30,3,Medium,68.0,35,1,In Progress,4.7,1
CL-11671,ANON-0416,monitor and keyboard are not detected at workstation in FF6,Lab Equipment,Labs & Research,CL1,Floor 3,FF6,Friday,16,2026-04-19T16:20:00+05:30,3,Medium,48.0,46,0,Resolved,4.47,0
CL-11672,ANON-0458,projector in TS17 switches off after ten minutes !!!!,Infrastructure,Academic & Teaching,A2/2,Ground Floor,TS17,Tuesday,14,2026-04-19T14:16:00+05:30,2,High,72.0,56,0,Open,5.45,0
CL-11673,ANON-0224,waiting time at Annapurna / Main Mess is more than twenty minutes,Canteen,Food,Annapurna / Main Mess,Floor 2,G2,Tuesday,12,2026-04-19T12:13:00+05:30,2,High,66.0,36,0,In Progress,5.17,1
CL-11674,ANON-0510,student common area is overcrowded after 8:00,Other,General & Utilities,Administration Block,Floor 1,CL22,Tuesday,8,2026-04-19T08:44:00+05:30,3,Medium,56.0,59,0,Resolved,4.57,0
CL-11675,ANON-0440,projector in CL22 switches off after ten minutes this happens repeatedly,Infrastructure,Labs & Research,A2/2,Floor 2,CL22,Friday,12,2026-04-19T12:43:00+05:30,3,Medium,52.0,51,0,In Progress,4.1,1
CL-11676,ANON-0468,spill outside CL3 creates a safety hazard this happens repeatedly after a power interruption,Cleanliness,General & Utilities,Aryabhatt Bhawan III,Floor 1,CL3,Wednesday,14,2026-04-19T14:26:00+05:30,1,Critical,39.0,69,0,Verified,4.67,0
CL-11677,ANON-0073,billing queue reaches the stairwell near Cafeteria / Canteen this happens repeatedly,Canteen,Food,Cafeteria / Canteen,Floor 4,CL22,Monday,13,2026-04-19T13:41:00+05:30,4,Low,54.0,42,0,Open,2.7,0
CL-11678,ANON-0577,network authentication fails for students around Aryabhatt Bhawan II,Network,Labs & Research,Aryabhatt Bhawan II,Floor 4,CL22,Saturday,10,2026-04-19T10:19:00+05:30,1,Critical,75.0,75,1,Resolved,6.78,1
CL-11679,ANON-0038,floor near Aryabhatt Bhawan III is dirty and slippery after a power interruption,Cleanliness,General & Utilities,Aryabhatt Bhawan III,Floor 1,G2,Saturday,9,2026-04-19T09:31:00+05:30,1,Critical,54.0,33,0,In Progress,6.0,0
CL-11680,ANON-0468,air conditioner stops cooling after noon on Floor 3,Electrical,Hostels,H5 Boys Hostel,Floor 3,CR425,Tuesday,8,2026-04-20T08:47:00+05:30,1,Critical,33.0,47,0,Open,6.31,1
CL-11681,ANON-0549,internet disconnects repeatedly during the lecture in G2,Other,Labs & Research,CL15,Ground Floor,G2,Tuesday,9,2026-04-20T09:58:00+05:30,2,High,64.0,57,0,Resolved,4.97,0
CL-11682,ANON-0408,three lab systems freeze during compilation in CL3,Lab Equipment,Labs & Research,ECE Labs,Floor 4,CL3,Monday,12,2026-04-20T12:56:00+05:30,1,Critical,96.0,83,0,In Progress,6.19,0
CL-11683,ANON-0016,wifi becomes extremely slow near TS17 between 11:00 and 13:00,Network,Library & Study,LRC,Floor 1,TS17,Monday,11,2026-04-20T11:01:00+05:30,4,Low,91.0,20,1,Verified,4.63,0
CL-11684,ANON-0005,waiting time at Annapurna / Main Mess is more than twenty minutes,Canteen,Food,Annapurna / Main Mess,Floor 3,CS1,Saturday,13,2026-04-20T13:44:00+05:30,2,High,95.0,37,0,Open,5.21,0
CL-11685,ANON-0573,internet disconnects repeatedly during the lecture in G2,Other,Labs & Research,LRC,Floor 4,G2,Friday,12,2026-04-20T12:16:00+05:30,2,High,75.0,81,1,In Progress,6.45,0
CL-11686,ANON-0355,low water pressure reported around Girls Hostel,Cleanliness,General & Utilities,Girls Hostel,Floor 2,CR425,Tuesday,17,2026-04-20T17:25:00+05:30,1,Critical,71.0,92,0,Resolved,5.6,0
CL-11687,ANON-0162,internet disconnects repeatedly during the lecture in G2 students cannot continue class and the room is overcrowded,Network,Labs & Research,CL3,Floor 2,G2,Tuesday,14,2026-04-20T14:49:00+05:30,2,High,50.0,64,1,Verified,4.95,1
CL-11688,ANON-0231,billing queue reaches the stairwell near Cafeteria / Canteen,Canteen,Food,Cafeteria / Canteen,Floor 4,CL15,Friday,14,2026-04-20T14:07:00+05:30,2,High,92.0,42,1,Open,6.97,0
CL-11689,ANON-0250,lights flicker repeatedly inside CL22,Network,Academic & Teaching,A2/1,Floor 2,CL22,Friday,15,2026-04-20T15:50:00+05:30,2,High,47.0,84,1,Open,5.83,0
CL-11690,ANON-0133,spill outside FF6 creates a safety hazard near a water cooler,Cleanliness,General & Utilities,Aryabhatt Bhawan III,Ground Floor,FF6,Wednesday,15,2026-04-20T15:29:00+05:30,1,Critical,43.0,47,0,In Progress,6.08,0
CL-11691,ANON-0596,laboratory equipment reports a calibration error in CR425 beside the canteen queue,Lab Equipment,Labs & Research,ECE Labs,Floor 2,CR425,Tuesday,14,2026-04-20T14:53:00+05:30,3,Medium,63.0,43,1,Escalated,5.16,0
CL-11692,ANON-0316,broken writing desk is blocking the aisle in CS1,Infrastructure,Labs & Research,A2/1,Ground Floor,CS1,Saturday,14,2026-04-20T14:16:00+05:30,2,High,45.0,29,0,Open,4.8,1
CL-11693,ANON-0463,water point near Girls Hostel is not operational,Water,Sports & Recreation,Girls Hostel,Floor 4,FF6,Friday,14,2026-04-20T14:07:00+05:30,4,Low,49.0,40,1,Resolved,3.21,1
CL-11694,ANON-0524,THREE LAB SYSTEMS FREEZE DURING COMPILATION IN TS17   !!!,Lab Equipment,Labs & Research,CL3,Ground Floor,TS17,Wednesday,18,2026-04-20T18:36:00+05:30,1,Critical,73.0,54,0,In Progress,6.69,0
CL-11695,ANON-0008,computer fails to boot during practical class in CL22,Lab Equipment,Labs & Research,CL15,Floor 2,CL22,Monday,12,2026-04-20T12:46:00+05:30,4,Low,56.0,40,1,In Progress,4.33,0
CL-11696,ANON-0009,computer fails to boot during practical class in CL22,Lab Equipment,Labs & Research,CL22,Floor 1,CL22,Saturday,9,2026-04-21T09:10:00+05:30,2,High,47.0,33,0,Resolved,5.5,1
CL-11697,ANON-0577,wifi becomes extremely slow near CL3 between 10:00 and 12:00 after a power interruption,Network,Labs & Research,Aryabhatt Bhawan II,Floor 3,CL3,Wednesday,10,2026-04-21T10:39:00+05:30,2,High,77.0,59,0,In Progress,4.56,1
CL-11698,ANON-0467,wifi becomes extremely slow near TS17 between 11:00 and 13:00,Network,Library & Study,CL15,Ground Floor,TS17,Tuesday,11,2026-04-21T11:28:00+05:30,3,Medium,73.0,65,1,Verified,6.2,0
CL-11699,ANON-0017,low water pressure reported around Water cooler,Water,Sports & Recreation,Water cooler,Floor 4,TS17,Tuesday,8,2026-04-21T08:25:00+05:30,5,Low,29.0,82,1,Open,3.46,1
CL-11700,ANON-0481,wifi becomes extremely slow near CL15 between 10:00 and 12:00 beside the canteen queue,Network,Labs & Research,CL15,Floor 3,CL15,Thursday,10,2026-04-21T10:27:00+05:30,3,Medium,82.0,44,0,Resolved,4.82,1
CL-11701,ANON-0070,three lab systems freeze during compilation in CL15 !!!!,Lab Equipment,Labs & Research,CL15,Floor 1,CL15,Monday,9,2026-04-21T09:27:00+05:30,1,Critical,63.0,43,1,Open,6.3,0
CL-11702,ANON-0480,classroom door and several chairs need repair on Floor 1,Infrastructure,Labs & Research,CL3,Floor 1,TS17,Thursday,9,2026-04-21T09:23:00+05:30,3,Medium,51.0,63,1,Escalated,3.99,0
CL-11703,ANON-0007,projector hdmi port is loose in CL22,Infrastructure,Labs & Research,Aryabhatt Bhawan II,Floor 3,CL22,Tuesday,9,2026-04-21T09:15:00+05:30,3,Medium,83.0,60,1,Verified,5.28,0
CL-11704,ANON-0223,washroom near TS17 has not been cleaned today while the wifi is also unstable,Cleanliness,Academic & Teaching,H4 Boys Hostel,Floor 4,TS17,Monday,14,2026-04-21T14:41:00+05:30,3,Medium,45.0,73,1,Open,4.74,0
CL-11705,ANON-0379,food counter is overcrowded between 14:00 and 16:00,Canteen,Food,Cafeteria / Canteen,Floor 3,CS1,Saturday,14,2026-04-21T14:50:00+05:30,1,Critical,94.0,29,0,Open,5.65,1
CL-11706,ANON-0123,broken writing desk is blocking the aisle in CS1 this happens repeatedly,Infrastructure,Labs & Research,CL3,Floor 4,CS1,Friday,9,2026-04-21T09:15:00+05:30,2,High,51.0,31,0,In Progress,4.37,0
CL-11707,ANON-0199,parking congestion blocks the entrance near Parking,Other,Administration,Parking,Floor 4,FF6,Friday,9,2026-04-21T09:03:00+05:30,2,High,29.0,46,0,Open,4.24,0
CL-11708,ANON-0391,drinking water cooler near CL3 is empty,Water,Hostels,Water cooler,Floor 4,CL3,Tuesday,18,2026-04-21T18:59:00+05:30,3,Medium,88.0,81,0,In Progress,4.24,0
CL-11709,ANON-0349,food counter is overcrowded between 12:00 and 14:00 near a water cooler,Canteen,Food,Cafeteria / Canteen,Floor 4,CL3,Wednesday,12,2026-04-21T12:09:00+05:30,4,Low,76.0,53,1,Resolved,5.58,0
CL-11710,ANON-0179,BILLING QUEUE REACHES THE STAIRWELL NEAR ANNAPURNA / MAIN MESS   !!!,Canteen,Food,Annapurna / Main Mess,Floor 1,TS17,Friday,12,2026-04-21T12:43:00+05:30,1,Critical,100.0,45,1,Resolved,7.82,1
CL-11711,ANON-0478,laboratory equipment reports a calibration error in CL3 this happens repeatedly,Lab Equipment,Labs & Research,ECE Labs,Floor 3,CL3,Friday,18,2026-04-21T18:24:00+05:30,2,High,43.0,82,1,Resolved,5.07,0
CL-11712,ANON-0310,broken writing desk is blocking the aisle in CR425,Infrastructure,Academic & Teaching,A2/2,Floor 1,CR425,Monday,12,2026-04-22T12:18:00+05:30,3,Medium,54.0,38,1,Open,5.77,1
CL-11713,ANON-0519,student common area is overcrowded after 11:00,Other,General & Utilities,Main Gate,Floor 4,CS1,Monday,11,2026-04-22T11:31:00+05:30,3,Medium,72.0,35,0,In Progress,4.54,0
CL-11714,ANON-0570,power socket near the desk is unsafe in CS1,Electrical,Academic & Teaching,A2/1,Floor 3,CS1,Tuesday,14,2026-04-22T14:05:00+05:30,3,Medium,63.0,96,0,Open,4.67,0
CL-11715,ANON-0546,very weak wifi signal on Floor 3 of CL15,Network,Labs & Research,CL15,Floor 3,CL22,Tuesday,12,2026-04-22T12:04:00+05:30,2,High,55.0,40,1,Resolved,6.47,0
CL-11716,ANON-0499,broken writing desk is blocking the aisle in G2 after a power interruption,Infrastructure,Labs & Research,A2/1,Ground Floor,G2,Friday,15,2026-04-22T15:38:00+05:30,2,High,48.0,57,1,Escalated,6.58,0
CL-11717,ANON-0421,garbage is overflowing in the corridor on Floor 4 students cannot continue class,Cleanliness,Hostels,Washrooms,Floor 4,CL22,Saturday,18,2026-04-22T18:42:00+05:30,4,Low,37.0,35,0,Escalated,3.06,0
CL-11718,ANON-0065,WIFI BECOMES EXTREMELY SLOW NEAR CL22 BETWEEN 10:00 AND 12:00   !!!,Network,Library & Study,LRC,Ground Floor,CL22,Friday,10,2026-04-22T10:37:00+05:30,4,Low,100.0,53,1,Escalated,4.76,1
CL-11719,ANON-0222,computer fails to boot during practical class in CL22 this happens repeatedly,Lab Equipment,Labs & Research,CL22,Floor 4,CL22,Wednesday,9,2026-04-22T09:46:00+05:30,3,Medium,25.0,61,1,Open,5.16,1
CL-11720,ANON-0253,network authentication fails for students around LRC this happens repeatedly and the room is overcrowded,Network,Academic & Teaching,LRC,Ground Floor,CL3,Friday,10,2026-04-22T10:44:00+05:30,2,High,62.0,55,0,Resolved,3.92,0
CL-11721,ANON-0015,computer fails to boot during practical class in CR425,Lab Equipment,Labs & Research,CL1,Floor 4,CR425,Monday,12,2026-04-22T12:24:00+05:30,3,Medium,20.0,38,0,Resolved,3.56,0
CL-11722,ANON-0383,network authentication fails for students around CL15,Network,Academic & Teaching,CL15,Floor 1,CR425,Wednesday,10,2026-04-22T10:27:00+05:30,1,Critical,71.0,67,0,Verified,6.49,0
CL-11723,ANON-0402,floor near H4 Boys Hostel is dirty and slippery,Cleanliness,General & Utilities,H4 Boys Hostel,Floor 4,CS1,Tuesday,12,2026-04-22T12:06:00+05:30,1,Critical,78.0,52,0,Resolved,6.23,0
CL-11724,ANON-0556,network authentication fails for students around Aryabhatt Bhawan II while the wifi is also unstable,Electrical,Labs & Research,Aryabhatt Bhawan II,Floor 2,CL3,Monday,10,2026-04-22T10:38:00+05:30,2,High,70.0,42,0,Open,5.28,0
CL-11725,ANON-0565,very weak wifi signal on Ground Floor of CL15 this happens repeatedly,Network,Labs & Research,CL15,Ground Floor,FF6,Saturday,10,2026-04-22T10:29:00+05:30,2,High,87.0,58,0,Resolved,6.01,0
CL-11726,ANON-0143,internet disconnects repeatedly during the lecture in CR425,Network,Labs & Research,CL15,Floor 1,CR425,Wednesday,10,2026-04-22T10:08:00+05:30,1,Critical,72.0,58,1,In Progress,6.41,0
CL-11727,ANON-0557,computer fails to boot during practical class in G2,Lab Equipment,Labs & Research,CL1,Floor 2,G2,Monday,17,2026-04-22T17:47:00+05:30,4,Low,65.0,38,0,Open,4.2,0
CL-11728,ANON-0460,power socket near the desk is unsafe in G2,Electrical,Hostels,CL22,Floor 4,G2,Monday,14,2026-04-23T14:08:00+05:30,5,Low,,61,0,In Progress,3.41,1
CL-11729,ANON-0509,air conditioner stops cooling after noon on Ground Floor !!!!,Electrical,Hostels,CL22,Ground Floor,G2,Wednesday,18,2026-04-23T18:46:00+05:30,1,Critical,69.0,46,1,Verified,7.03,0
CL-11730,ANON-0318,billing queue reaches the stairwell near Cafeteria / Canteen,Other,Food,Cafeteria / Canteen,Floor 2,CL15,Wednesday,14,2026-04-23T14:47:00+05:30,3,Medium,45.0,53,0,Open,3.77,0
CL-11731,ANON-0229,projector hdmi port is loose in CL15,Infrastructure,Labs & Research,CL3,Ground Floor,CL15,Saturday,14,2026-04-23T14:41:00+05:30,2,High,69.0,61,0,Open,5.15,1
CL-11732,ANON-0402,canteen queue is very long at 12:00 with one counter open near a water cooler,Electrical,Food,Annapurna / Main Mess,Floor 3,FF6,Friday,12,2026-04-23T12:39:00+05:30,1,Critical,68.0,32,0,Resolved,4.83,1
CL-11733,ANON-0107,very weak wifi signal on Ground Floor of LRC,Network,Library & Study,LRC,Ground Floor,CL3,Thursday,14,2026-04-23T14:21:00+05:30,1,Critical,89.0,58,0,Resolved,6.55,0
CL-11734,ANON-0366,network authentication fails for students around LRC,Network,Academic & Teaching,LRC,Ground Floor,FF6,Wednesday,14,2026-04-23T14:23:00+05:30,1,Critical,73.0,58,1,Resolved,7.17,0
CL-11735,ANON-0148,washroom near CL22 has not been cleaned today !!!!,Cleanliness,Hostels,Washrooms,Ground Floor,CL22,Thursday,14,2026-04-23T14:19:00+05:30,3,Medium,24.0,48,0,Resolved,3.04,0
CL-11736,ANON-0194,billing queue reaches the stairwell near Cafeteria / Canteen near a water cooler,Canteen,Food,Cafeteria / Canteen,Floor 4,CL22,Saturday,13,2026-04-23T13:28:00+05:30,2,High,87.0,47,0,In Progress,5.19,1
CL-11737,ANON-0397,student common area is overcrowded after 11:00 beside the canteen queue,Other,Administration,Auditorium,Floor 4,FF6,Monday,11,2026-04-23T11:31:00+05:30,3,Medium,95.0,42,0,In Progress,4.56,0
CL-11738,ANON-0278,power socket near the desk is unsafe in CL3,Electrical,Hostels,A2/1,Floor 1,CL3,Saturday,17,2026-04-23T17:58:00+05:30,3,Medium,43.0,61,1,In Progress,5.22,0
CL-11739,ANON-0505,internet disconnects repeatedly during the lecture in G2 please fix urgently,Network,Academic & Teaching,CL15,Ground Floor,G2,Friday,11,2026-04-23T11:13:00+05:30,1,Critical,81.0,45,0,Verified,6.64,0
CL-11740,ANON-0166,washroom near CL3 has not been cleaned today beside the canteen queue,Cleanliness,Academic & Teaching,H4 Boys Hostel,Floor 4,CL3,Tuesday,9,2026-04-23T09:12:00+05:30,3,Medium,36.0,56,0,Open,3.11,0
CL-11741,ANON-0450,classroom door and several chairs need repair on Floor 2 !!!! while the wifi is also unstable,Infrastructure,Labs & Research,A2/2,Floor 2,CL15,Saturday,15,2026-04-23T15:22:00+05:30,3,Medium,63.0,63,0,Resolved,3.68,0
CL-11742,ANON-0246,very weak wifi signal on Floor 4 of CL3 near a water cooler,Network,Library & Study,CL3,Floor 4,CL22,Wednesday,14,2026-04-23T14:45:00+05:30,3,Medium,88.0,30,1,Open,5.66,0
CL-11743,ANON-0564,lights flicker repeatedly inside TS17,Electrical,Academic & Teaching,A2/1,Floor 2,TS17,Tuesday,8,2026-04-23T08:32:00+05:30,1,Critical,42.0,58,0,Open,5.28,1
CL-11744,ANON-0388,parking congestion blocks the entrance near Parking,Other,Administration,Parking,Floor 1,CL3,Thursday,18,2026-04-24T18:49:00+05:30,1,Critical,68.0,39,1,Open,7.06,0
CL-11745,ANON-0043,monitor and keyboard are not detected at workstation in CR425,Lab Equipment,Labs & Research,CL1,Floor 4,CR425,Thursday,11,2026-04-24T11:41:00+05:30,3,Medium,76.0,48,0,In Progress,4.67,0
CL-11746,ANON-0301,wifi becomes extremely slow near G2 between 14:00 and 16:00,Network,Labs & Research,CL3,Ground Floor,G2,Saturday,14,2026-04-24T14:22:00+05:30,3,Medium,61.0,44,1,Open,6.92,0
CL-11747,ANON-0241,canteen queue is very long at 14:00 with one counter open after a power interruption,Canteen,Food,Cafeteria / Canteen,Floor 3,CL15,Saturday,14,2026-04-24T14:36:00+05:30,4,Low,91.0,39,1,Open,5.14,1
CL-11748,ANON-0579,wifi becomes extremely slow near CL3 between 10:00 and 12:00,Network,Library & Study,CL3,Floor 1,CL3,Monday,10,2026-04-24T10:50:00+05:30,2,High,93.0,40,1,Open,5.62,1
CL-11749,ANON-0563,projector hdmi port is loose in CL3,Infrastructure,Labs & Research,A2/1,Floor 1,CL3,Friday,10,2026-04-24T10:24:00+05:30,2,High,15.0,33,1,In Progress,4.65,0
CL-11750,ANON-0241,unclassified campus issue reported around Auditorium,Other,Sports & Recreation,Auditorium,Floor 4,CS1,Wednesday,13,2026-04-24T13:37:00+05:30,1,Critical,55.0,59,0,In Progress,5.44,1
CL-11751,ANON-0282,very weak wifi signal on Floor 4 of Aryabhatt Bhawan II,Network,Library & Study,Aryabhatt Bhawan II,Floor 4,CS1,Monday,9,2026-04-24T09:53:00+05:30,2,High,72.0,30,0,Open,4.26,0
CL-11752,ANON-0241,classroom door and several chairs need repair on Floor 3 this happens repeatedly,Infrastructure,Academic & Teaching,CL3,Floor 3,CL22,Thursday,17,2026-04-24T17:03:00+05:30,2,High,28.0,63,1,Resolved,5.28,1
CL-11753,ANON-0419,garbage is overflowing in the corridor on Ground Floor near a water cooler,Cleanliness,Academic & Teaching,Washrooms,Ground Floor,CL15,Saturday,14,2026-04-24T14:40:00+05:30,1,Critical,28.0,88,0,Resolved,5.3,0
CL-11754,ANON-0258,drinking water cooler near CR425 is empty,Water,Hostels,Water cooler,Floor 3,CR425,Friday,16,2026-04-24T16:28:00+05:30,1,Critical,86.0,65,0,In Progress,6.3,1
CL-11755,ANON-0108,internet disconnects repeatedly during the lecture in FF6,Network,Academic & Teaching,CL3,Floor 2,FF6,Saturday,11,2026-04-24T11:30:00+05:30,5,Low,86.0,66,0,Open,2.89,0
CL-11756,ANON-0487,laboratory equipment reports a calibration error in FF6 !!!!,Lab Equipment,Labs & Research,CL1,Floor 2,FF6,Wednesday,10,2026-04-24T10:00:00+05:30,3,Medium,61.0,77,1,Resolved,5.98,0
CL-11757,ANON-0427,internet disconnects repeatedly during the lecture in FF6,Network,Library & Study,Aryabhatt Bhawan II,Ground Floor,FF6,Tuesday,11,2026-04-24T11:52:00+05:30,3,Medium,63.0,86,0,Escalated,4.34,1
CL-11758,ANON-0185,wifi becomes extremely slow near G2 between 14:00 and 16:00,Network,Academic & Teaching,CL3,Floor 3,G2,Thursday,14,2026-04-24T14:12:00+05:30,2,High,66.0,45,1,In Progress,5.89,1
CL-11759,ANON-0393,water is leaking into the corridor on Ground Floor,Water,General & Utilities,Water cooler,Ground Floor,FF6,Thursday,18,2026-04-24T18:01:00+05:30,4,Low,17.0,71,1,Resolved,4.34,0
CL-11760,ANON-0265,floor near Aryabhatt Bhawan III is dirty and slippery,Cleanliness,General & Utilities,Aryabhatt Bhawan III,Ground Floor,CL3,Thursday,9,2026-04-25T09:10:00+05:30,3,Medium,,36,0,Open,4.59,1
CL-11761,ANON-0325,projector hdmi port is loose in TS17 and the room is overcrowded,Infrastructure,Labs & Research,A2/1,Floor 1,TS17,Wednesday,14,2026-04-25T14:41:00+05:30,1,Critical,36.0,40,0,Resolved,5.68,0
CL-11762,ANON-0295,wifi becomes extremely slow near G2 between 9:00 and 11:00 please fix urgently while the wifi is also unstable,Network,Labs & Research,Aryabhatt Bhawan II,Floor 1,G2,Tuesday,9,2026-04-25T09:47:00+05:30,3,Medium,54.0,63,0,Resolved,4.92,0
CL-11763,ANON-0248,broken writing desk is blocking the aisle in G2,Infrastructure,Academic & Teaching,A2/2,Ground Floor,G2,Wednesday,11,2026-04-25T11:48:00+05:30,1,Critical,49.0,57,0,Escalated,4.46,0
CL-11764,ANON-0352,internet disconnects repeatedly during the lecture in G2 students cannot continue class,Network,Library & Study,Aryabhatt Bhawan II,Floor 4,G2,Wednesday,10,2026-04-25T10:22:00+05:30,4,Low,50.0,49,0,Open,3.44,1
CL-11765,ANON-0258,very weak wifi signal on Ground Floor of Aryabhatt Bhawan II,Network,Library & Study,Aryabhatt Bhawan II,Ground Floor,CL15,Wednesday,12,2026-04-25T12:24:00+05:30,4,Low,52.0,55,1,In Progress,5.01,0
CL-11766,ANON-0198,low water pressure reported around Swimming Pool !!!!,Water,General & Utilities,Swimming Pool,Floor 3,CS1,Saturday,18,2026-04-25T18:35:00+05:30,1,Critical,49.0,76,0,Resolved,6.24,0
CL-11767,ANON-0299,floor near H4 Boys Hostel is dirty and slippery and the room is overcrowded,Cleanliness,General & Utilities,H4 Boys Hostel,Floor 1,CS1,Thursday,13,2026-04-25T13:25:00+05:30,2,High,61.0,58,0,Resolved,4.24,0
CL-11768,ANON-0111,water point near Girls Hostel is not operational,Water,Sports & Recreation,Girls Hostel,Ground Floor,G2,Tuesday,15,2026-04-25T15:17:00+05:30,3,Medium,71.0,84,0,Verified,3.74,0
CL-11769,ANON-0266,billing queue reaches the stairwell near Cafeteria / Canteen this happens repeatedly and the room is overcrowded,Canteen,Food,,Ground Floor,FF6,Thursday,13,2026-04-25T13:27:00+05:30,5,Low,71.0,55,0,Open,3.05,0
CL-11770,ANON-0156,billing queue reaches the stairwell near Cafeteria / Canteen !!!!,Cleanliness,Food,Cafeteria / Canteen,Floor 2,CL3,Saturday,13,2026-04-25T13:04:00+05:30,2,High,67.0,51,0,In Progress,6.16,0
CL-11771,ANON-0224,two ceiling fans are not working in FF6,Electrical,Academic & Teaching,CL22,Floor 1,FF6,Thursday,15,2026-04-25T15:50:00+05:30,1,Critical,77.0,64,0,Resolved,5.67,0
CL-11772,ANON-0173,broken writing desk is blocking the aisle in FF6 and the room is overcrowded,Infrastructure,Labs & Research,CL3,Floor 1,FF6,Monday,15,2026-04-25T15:33:00+05:30,3,Medium,94.0,54,0,Open,5.25,0
CL-11773,ANON-0585,air conditioner stops cooling after noon on Floor 1 !!!!,Cleanliness,Hostels,CL22,Floor 1,CS1,Friday,12,2026-04-25T12:17:00+05:30,3,Medium,41.0,30,1,Resolved,5.12,0
CL-11774,ANON-0308,spill outside CL3 creates a safety hazard,Cleanliness,Academic & Teaching,H4 Boys Hostel,Ground Floor,CL3,Thursday,17,2026-04-25T17:33:00+05:30,1,Critical,65.0,32,0,In Progress,4.97,0
CL-11775,ANON-0350,low water pressure reported around Swimming Pool,Water,General & Utilities,Swimming Pool,Floor 3,TS17,Monday,16,2026-04-25T16:10:00+05:30,1,Critical,34.0,81,0,Resolved,4.53,0
CL-11776,ANON-0088,water is leaking into the corridor on Floor 3,Water,Sports & Recreation,Girls Hostel,Floor 3,CS1,Wednesday,13,2026-04-26T13:22:00+05:30,2,High,63.0,67,0,Resolved,3.96,1
CL-11777,ANON-0429,network authentication fails for students around Aryabhatt Bhawan II,Network,Academic & Teaching,Aryabhatt Bhawan II,Ground Floor,CL15,Friday,10,2026-04-26T10:09:00+05:30,3,Medium,84.0,42,1,In Progress,5.81,0
CL-11778,ANON-0095,classroom door and several chairs need repair on Floor 3,Other,Academic & Teaching,A2/2,Floor 3,CL15,Monday,13,2026-04-26T13:18:00+05:30,4,Low,45.0,29,0,Open,3.66,0
CL-11779,ANON-0548,very weak wifi signal on Floor 1 of CL15,Network,Labs & Research,CL15,Floor 1,G2,Tuesday,10,2026-04-26T10:04:00+05:30,2,High,60.0,49,0,Escalated,3.61,0
CL-11780,ANON-0328,two ceiling fans are not working in TS17,Electrical,Labs & Research,CL22,Ground Floor,TS17,Wednesday,13,2026-04-26T13:58:00+05:30,2,High,70.0,56,0,In Progress,5.02,1
CL-11781,ANON-0452,waiting time at Annapurna / Main Mess is more than twenty minutes,Canteen,Food,Annapurna / Main Mess,Floor 4,CL3,Thursday,13,2026-04-26T13:05:00+05:30,2,High,88.0,96,0,Open,6.09,0
CL-11782,ANON-0519,network authentication fails for students around Aryabhatt Bhawan II,Network,Academic & Teaching,Aryabhatt Bhawan II,Floor 3,G2,Friday,10,2026-04-26T10:10:00+05:30,3,Medium,53.0,35,0,Open,4.06,1
CL-11783,ANON-0063,wifi becomes extremely slow near FF6 between 14:00 and 16:00 near a water cooler,Network,Academic & Teaching,Aryabhatt Bhawan II,Floor 2,FF6,Wednesday,14,2026-04-26T14:33:00+05:30,2,High,58.0,62,0,In Progress,4.73,0
CL-11784,ANON-0455,water point near Girls Hostel is not operational !!!!,Water,Sports & Recreation,Girls Hostel,Floor 4,CS1,Saturday,18,2026-04-26T18:31:00+05:30,2,High,81.0,80,0,Resolved,5.16,0
CL-11785,ANON-0408,three lab systems freeze during compilation in CL3 near a water cooler,Lab Equipment,Labs & Research,CL3,Floor 2,CL3,Wednesday,15,2026-04-26T15:24:00+05:30,4,Low,51.0,69,1,Escalated,4.58,1
CL-11786,ANON-0332,wifi becomes extremely slow near CL3 between 11:00 and 13:00,Network,Library & Study,Aryabhatt Bhawan II,Floor 3,CL3,Friday,11,2026-04-26T11:56:00+05:30,2,High,69.0,78,1,Open,5.95,0
CL-11787,ANON-0544,wifi becomes extremely slow near TS17 between 9:00 and 11:00,Water,Academic & Teaching,Aryabhatt Bhawan II,Floor 2,TS17,Tuesday,9,2026-04-26T09:52:00+05:30,4,Low,60.0,73,0,Verified,3.37,0
CL-11788,ANON-0276,very weak wifi signal on Floor 2 of Aryabhatt Bhawan II,Network,Labs & Research,Aryabhatt Bhawan II,Floor 2,CS1,Monday,10,2026-04-26T10:27:00+05:30,1,Critical,75.0,56,0,Open,5.41,0
CL-11789,ANON-0426,water is leaking into the corridor on Floor 2,Water,Hostels,Water cooler,Floor 2,CR425,Thursday,14,2026-04-26T14:58:00+05:30,2,High,72.0,80,0,Open,6.86,0
CL-11790,ANON-0501,water point near Water cooler is not operational students cannot continue class,Water,General & Utilities,Water cooler,Floor 3,CL15,Wednesday,8,2026-04-26T08:45:00+05:30,5,Low,90.0,65,1,Resolved,3.52,0
CL-11791,ANON-0559,broken writing desk is blocking the aisle in FF6,Infrastructure,Labs & Research,A2/2,Floor 3,FF6,Thursday,14,2026-04-26T14:02:00+05:30,4,Low,41.0,47,0,Resolved,3.3,0
CL-11792,ANON-0547,student common area is overcrowded after 13:00,Other,Administration,Parking,Floor 4,CR425,Tuesday,13,2026-04-27T13:12:00+05:30,2,High,91.0,42,0,Resolved,5.52,0
CL-11793,ANON-0004,network authentication fails for students around CL3,Network,Labs & Research,CL3,Floor 4,CR425,Friday,11,2026-04-27T11:20:00+05:30,1,Critical,100.0,44,1,Resolved,7.76,0
CL-11794,ANON-0380,internet disconnects repeatedly during the lecture in FF6,Network,Academic & Teaching,LRC,Floor 1,FF6,Tuesday,10,2026-04-27T10:00:00+05:30,3,Medium,57.0,45,1,Resolved,4.53,0
CL-11795,ANON-0245,classroom door and several chairs need repair on Floor 4,Infrastructure,Labs & Research,Aryabhatt Bhawan II,Floor 4,FF6,Saturday,17,2026-04-27T17:11:00+05:30,4,Low,75.0,40,0,In Progress,4.11,0
CL-11796,ANON-0506,broken writing desk is blocking the aisle in CL15 please fix urgently,Infrastructure,Labs & Research,CL3,Floor 3,CL15,Saturday,11,2026-04-27T11:21:00+05:30,3,Medium,61.0,62,0,Verified,3.05,1
CL-11797,ANON-0460,network authentication fails for students around Aryabhatt Bhawan II,Network,Labs & Research,Aryabhatt Bhawan II,Floor 1,CL3,Wednesday,14,2026-04-27T14:27:00+05:30,2,High,91.0,43,0,In Progress,5.65,0
CL-11798,ANON-0396,computer fails to boot during practical class in CS1,Network,Labs & Research,ECE Labs,Floor 1,CS1,Friday,11,2026-04-27T11:09:00+05:30,4,Low,50.0,67,1,Resolved,3.88,0
CL-11799,ANON-0060,internet disconnects repeatedly during the lecture in TS17,Network,Labs & Research,CL3,Floor 4,TS17,Friday,14,2026-04-27T14:53:00+05:30,2,High,91.0,30,0,Escalated,5.33,1
CL-11800,ANON-0571,network authentication fails for students around CL3 students cannot continue class,Network,Labs & Research,CL3,Floor 2,CL22,Tuesday,10,2026-04-27T10:20:00+05:30,2,High,78.0,42,1,Resolved,6.07,0
CL-11801,ANON-0110,wifi becomes extremely slow near CL22 between 10:00 and 12:00,Network,Library & Study,Aryabhatt Bhawan II,Ground Floor,CL22,Thursday,10,2026-04-27T10:36:00+05:30,3,Medium,68.0,63,0,Verified,4.71,1
CL-11802,ANON-0232,classroom door and several chairs need repair on Floor 1 near a water cooler,Infrastructure,Labs & Research,Aryabhatt Bhawan II,Floor 1,CS1,Monday,18,2026-04-27T18:32:00+05:30,4,Low,87.0,94,1,Resolved,5.26,1
CL-11803,ANON-0583,two ceiling fans are not working in FF6 beside the canteen queue,Electrical,Academic & Teaching,CL22,Floor 4,FF6,Wednesday,18,2026-04-27T18:47:00+05:30,2,High,33.0,74,0,Open,4.99,1
CL-11804,ANON-0112,monitor and keyboard are not detected at workstation in TS17 while the wifi is also unstable,Lab Equipment,Labs & Research,CL22,Floor 1,TS17,Thursday,18,2026-04-27T18:26:00+05:30,1,Critical,70.0,53,1,Verified,7.05,0
CL-11805,ANON-0456,very weak wifi signal on Floor 2 of Aryabhatt Bhawan II and the room is overcrowded,Network,Academic & Teaching,Aryabhatt Bhawan II,Floor 2,CL3,Monday,14,2026-04-27T14:04:00+05:30,1,Critical,100.0,66,1,In Progress,7.52,1
CL-11806,ANON-0016,projector hdmi port is loose in CL22 beside the canteen queue,Infrastructure,Labs & Research,A2/2,Ground Floor,CL22,Wednesday,11,2026-04-27T11:57:00+05:30,5,Low,52.0,65,0,Resolved,3.04,0
CL-11807,ANON-0311,spill outside CL15 creates a safety hazard,Cleanliness,General & Utilities,Aryabhatt Bhawan III,Floor 1,CL15,Tuesday,8,2026-04-27T08:23:00+05:30,2,High,34.0,48,0,Resolved,4.57,1
CL-11808,ANON-0401,network authentication fails for students around CL15,Network,Labs & Research,CL15,Ground Floor,CL3,Wednesday,10,2026-04-28T10:54:00+05:30,4,Low,51.0,26,0,Open,3.04,1
CL-11809,ANON-0242,billing queue reaches the stairwell near Annapurna / Main Mess after a power interruption,Canteen,Food,Annapurna / Main Mess,Floor 3,CS1,Monday,13,2026-04-28T13:23:00+05:30,2,High,64.0,50,0,Resolved,4.77,0
CL-11810,ANON-0516,billing queue reaches the stairwell near Cafeteria / Canteen,Canteen,Food,Cafeteria / Canteen,Floor 4,FF6,Saturday,14,2026-04-28T14:39:00+05:30,2,High,73.0,66,0,Open,4.19,0
CL-11811,ANON-0212,spill outside CS1 creates a safety hazard,Infrastructure,Academic & Teaching,Washrooms,Ground Floor,CS1,Saturday,9,2026-04-28T09:06:00+05:30,1,Critical,76.0,58,1,Open,6.66,0
CL-11812,ANON-0524,wifi becomes extremely slow near FF6 between 10:00 and 12:00 beside the canteen queue,Network,Academic & Teaching,CL3,Floor 3,FF6,Tuesday,10,2026-04-28T10:30:00+05:30,3,Medium,84.0,60,0,Open,3.68,0
CL-11813,ANON-0242,very weak wifi signal on Floor 3 of CL15 students cannot continue class,Network,Labs & Research,CL15,Floor 3,CL15,Tuesday,10,2026-04-28T10:29:00+05:30,1,Critical,81.0,40,1,Verified,7.58,1
CL-11814,ANON-0098,wifi becomes extremely slow near G2 between 10:00 and 12:00,Network,Labs & Research,Aryabhatt Bhawan II,Floor 2,G2,Saturday,10,2026-04-28T10:40:00+05:30,2,High,97.0,64,0,Open,4.9,0
CL-11815,ANON-0138,floor near Washrooms is dirty and slippery,Cleanliness,Academic & Teaching,Washrooms,Floor 4,CL22,Saturday,8,2026-04-28T08:43:00+05:30,2,High,93.0,54,0,Resolved,6.64,0
CL-11816,ANON-0290,floor near Washrooms is dirty and slippery,Cleanliness,General & Utilities,Washrooms,Floor 2,G2,Wednesday,9,2026-04-28T09:36:00+05:30,2,High,33.0,75,0,In Progress,4.53,0
CL-11817,ANON-0279,network authentication fails for students around CL15,Network,Academic & Teaching,CL15,Floor 1,G2,Thursday,11,2026-04-28T11:50:00+05:30,2,High,63.0,45,0,Resolved,5.59,0
CL-11818,ANON-0096,broken writing desk is blocking the aisle in FF6,Infrastructure,Labs & Research,CL3,Floor 4,FF6,Thursday,15,2026-04-28T15:35:00+05:30,5,Low,23.0,47,0,Open,2.15,0
CL-11819,ANON-0575,network authentication fails for students around Aryabhatt Bhawan II,Network,Library & Study,Aryabhatt Bhawan II,Floor 3,G2,Monday,9,2026-04-28T09:59:00+05:30,2,High,57.0,70,0,In Progress,5.9,0
CL-11820,ANON-0574,laboratory equipment reports a calibration error in TS17,Lab Equipment,Labs & Research,CL3,Floor 2,TS17,Thursday,14,2026-04-28T14:31:00+05:30,2,High,62.0,26,0,Open,4.74,1
CL-11821,ANON-0361,three lab systems freeze during compilation in FF6 beside the canteen queue,Lab Equipment,Labs & Research,CL1,Floor 3,FF6,Tuesday,10,2026-04-28T10:32:00+05:30,4,Low,68.0,24,0,Escalated,4.01,0
CL-11822,ANON-0172,power socket near the desk is unsafe in FF6 after a power interruption,Electrical,Hostels,H5 Boys Hostel,Ground Floor,FF6,Thursday,11,2026-04-28T11:34:00+05:30,3,Medium,13.0,96,0,Escalated,3.67,1
CL-11823,ANON-0390,internet disconnects repeatedly during the lecture in TS17,Other,Labs & Research,Aryabhatt Bhawan II,Floor 1,TS17,Saturday,10,2026-04-28T10:29:00+05:30,2,High,84.0,67,0,Escalated,5.48,0
CL-11824,ANON-0009,monitor and keyboard are not detected at workstation in CL15,Lab Equipment,Labs & Research,ECE Labs,Floor 3,CL15,Saturday,14,2026-04-29T14:46:00+05:30,3,Medium,67.0,75,0,Resolved,4.57,0
CL-11825,ANON-0203,very weak wifi signal on Ground Floor of CL3 this happens repeatedly,Network,Academic & Teaching,CL3,Ground Floor,CL22,Tuesday,10,2026-04-29T10:47:00+05:30,2,High,92.0,50,1,In Progress,7.48,0
CL-11826,ANON-0291,classroom door and several chairs need repair on Floor 1,Infrastructure,Labs & Research,Aryabhatt Bhawan II,Floor 1,CR425,Thursday,13,2026-04-29T13:17:00+05:30,3,Medium,75.0,20,1,Open,5.73,0
CL-11827,ANON-0591,network authentication fails for students around Aryabhatt Bhawan II,Network,Academic & Teaching,Aryabhatt Bhawan II,Floor 3,CR425,Saturday,10,2026-04-29T10:10:00+05:30,3,Medium,100.0,72,0,Resolved,5.16,1
CL-11828,ANON-0133,waiting time at Annapurna / Main Mess is more than twenty minutes,Other,Food,Annapurna / Main Mess,Floor 2,CL15,Saturday,14,2026-04-29T14:38:00+05:30,2,High,50.0,37,0,Open,4.8,0
CL-11829,ANON-0133,broken writing desk is blocking the aisle in FF6 students cannot continue class,Infrastructure,Labs & Research,Aryabhatt Bhawan II,Floor 2,FF6,Saturday,12,2026-04-29T12:32:00+05:30,4,Low,30.0,55,1,Verified,3.65,1
CL-11830,ANON-0551,internet disconnects repeatedly during the lecture in CR425,Network,Library & Study,Aryabhatt Bhawan II,Floor 3,CR425,Friday,12,2026-04-29T12:01:00+05:30,4,Low,100.0,53,1,Open,5.82,1
CL-11831,ANON-0140,network authentication fails for students around CL3,Network,Academic & Teaching,CL3,Floor 3,G2,Monday,10,2026-04-29T10:05:00+05:30,2,High,68.0,24,0,Open,3.64,0
CL-11832,ANON-0138,power socket near the desk is unsafe in G2,Electrical,Academic & Teaching,H5 Boys Hostel,Floor 1,G2,Monday,11,2026-04-29T11:06:00+05:30,3,Medium,16.0,60,0,Resolved,4.13,1
CL-11833,ANON-0083,floor near Washrooms is dirty and slippery,Cleanliness,General & Utilities,Washrooms,Floor 2,CR425,Monday,8,2026-04-29T08:41:00+05:30,4,Low,51.0,93,0,Resolved,3.26,0
CL-11834,ANON-0275,three lab systems freeze during compilation in CL15 please fix urgently,Lab Equipment,Labs & Research,ECE Labs,Floor 2,CL15,Thursday,18,2026-04-29T18:48:00+05:30,4,Low,77.0,35,0,In Progress,3.81,0
CL-11835,ANON-0065,broken writing desk is blocking the aisle in CR425,Infrastructure,Labs & Research,CL3,Floor 2,CR425,Tuesday,8,2026-04-29T08:07:00+05:30,2,High,62.0,52,0,Open,5.17,0
CL-11836,ANON-0121,canteen queue is very long at 12:00 with one counter open and the room is overcrowded,Canteen,Food,Cafeteria / Canteen,Floor 4,G2,Thursday,12,2026-04-29T12:51:00+05:30,1,Critical,88.0,24,0,Resolved,5.99,0
CL-11837,ANON-0095,washroom near FF6 has not been cleaned today beside the canteen queue,Cleanliness,Hostels,Aryabhatt Bhawan III,Ground Floor,FF6,Thursday,11,2026-04-29T11:36:00+05:30,2,High,55.0,53,0,Resolved,4.81,0
CL-11838,ANON-0011,food counter is overcrowded between 14:00 and 16:00 !!!! after a power interruption,Canteen,Food,Annapurna / Main Mess,Floor 4,CL3,Saturday,14,2026-04-29T14:20:00+05:30,3,Medium,100.0,57,0,Resolved,5.47,0
CL-11839,ANON-0110,broken writing desk is blocking the aisle in CL15,Infrastructure,Academic & Teaching,Aryabhatt Bhawan II,Ground Floor,CL15,Wednesday,14,2026-04-29T14:47:00+05:30,5,Low,51.0,66,0,Open,2.86,1
CL-11840,ANON-0500,classroom door and several chairs need repair on Floor 1,Infrastructure,Labs & Research,Aryabhatt Bhawan II,Floor 1,CL3,Tuesday,8,2026-04-30T08:16:00+05:30,1,Critical,69.0,32,0,Open,5.62,1
CL-11841,ANON-0569,floor near Aryabhatt Bhawan III is dirty and slippery,Cleanliness,General & Utilities,Aryabhatt Bhawan III,Ground Floor,CL15,Wednesday,8,2026-04-30T08:02:00+05:30,3,Medium,54.0,37,1,Open,5.46,1
CL-11842,ANON-0334,wifi becomes extremely slow near CL3 between 9:00 and 11:00 beside the canteen queue,Network,Library & Study,CL3,Ground Floor,CL3,Tuesday,9,2026-04-30T09:28:00+05:30,2,High,94.0,48,0,Escalated,4.32,0
CL-11843,ANON-0261,wifi becomes extremely slow near CL3 between 10:00 and 12:00,Network,Academic & Teaching,Aryabhatt Bhawan II,Floor 3,CL3,Saturday,10,2026-04-30T10:39:00+05:30,1,Critical,72.0,91,1,Resolved,6.71,1
CL-11844,ANON-0045,network authentication fails for students around CL3,Cleanliness,Academic & Teaching,CL3,Floor 3,CS1,Saturday,10,2026-04-30T10:09:00+05:30,3,Medium,75.0,75,0,Resolved,4.56,1
CL-11845,ANON-0396,projector in CR425 switches off after ten minutes and the room is overcrowded,Infrastructure,Labs & Research,Aryabhatt Bhawan II,Floor 1,CR425,Monday,10,2026-04-30T10:39:00+05:30,2,High,94.0,61,1,Resolved,6.94,0
CL-11846,ANON-0359,projector hdmi port is loose in G2 this happens repeatedly,Infrastructure,Academic & Teaching,A2/1,Ground Floor,G2,Wednesday,9,2026-04-30T09:38:00+05:30,5,Low,61.0,35,1,Verified,2.15,0
CL-11847,ANON-0038,wifi becomes extremely slow near G2 between 10:00 and 12:00 beside the canteen queue,Network,Labs & Research,Aryabhatt Bhawan II,Floor 2,G2,Monday,10,2026-04-30T10:17:00+05:30,4,Low,70.0,80,1,In Progress,4.02,1
CL-11848,ANON-0109,wifi becomes extremely slow near CR425 between 11:00 and 13:00 after a power interruption,Network,Academic & Teaching,LRC,Floor 3,CR425,Friday,11,2026-04-30T11:28:00+05:30,2,High,82.0,48,1,In Progress,7.08,0
CL-11849,ANON-0246,internet disconnects repeatedly during the lecture in CL3,Network,Labs & Research,LRC,Ground Floor,CL3,Friday,12,2026-04-30T12:00:00+05:30,1,Critical,90.0,68,0,Resolved,5.9,0
CL-11850,ANON-0221,waiting time at Annapurna / Main Mess is more than twenty minutes beside the canteen queue,Canteen,Food,Annapurna / Main Mess,Floor 3,CL22,Thursday,13,2026-04-30T13:45:00+05:30,5,Low,71.0,40,0,Verified,2.37,0
CL-11851,ANON-0147,projector hdmi port is loose in CS1 this happens repeatedly,Infrastructure,Labs & Research,CL3,Floor 2,CS1,Saturday,17,2026-04-30T17:34:00+05:30,2,High,33.0,68,0,Open,4.02,1
CL-11852,ANON-0574,broken writing desk is blocking the aisle in CL15,Infrastructure,Labs & Research,CL3,Floor 4,CL15,Tuesday,11,2026-04-30T11:44:00+05:30,1,Critical,5.0,37,0,Verified,4.07,0
CL-11853,ANON-0262,signage is missing for CR425 on Floor 4,Other,Sports & Recreation,Auditorium,Floor 4,CR425,Friday,18,2026-04-30T18:14:00+05:30,3,Medium,47.0,62,0,Resolved,3.03,0
CL-11854,ANON-0316,drinking water cooler near CR425 is empty students cannot continue class after a power interruption,Water,Sports & Recreation,Water cooler,Floor 1,CR425,Monday,10,2026-04-30T10:48:00+05:30,4,Low,44.0,74,1,Verified,4.98,0
CL-11855,ANON-0561,classroom door and several chairs need repair on Floor 2,Infrastructure,Labs & Research,A2/2,Floor 2,CL15,Monday,16,2026-04-30T16:16:00+05:30,4,Low,80.0,60,0,In Progress,4.17,0
CL-11856,ANON-0048,wifi becomes extremely slow near CL22 between 9:00 and 11:00 near a water cooler,Network,Academic & Teaching,CL15,Ground Floor,CL22,Friday,9,2026-05-01T09:52:00+05:30,4,Low,62.0,46,0,Resolved,3.87,0
CL-11857,ANON-0188,low water pressure reported around Water cooler,Water,Hostels,Water cooler,Floor 2,CL3,Thursday,16,2026-05-01T16:30:00+05:30,2,High,74.0,59,0,Verified,5.43,0
CL-11858,ANON-0279,unclassified campus issue reported around Auditorium students cannot continue class,Other,Sports & Recreation,Auditorium,Floor 3,G2,Friday,15,2026-05-01T15:06:00+05:30,2,High,51.0,61,0,Open,3.15,0
CL-11859,ANON-0031,waiting time at Cafeteria / Canteen is more than twenty minutes,Canteen,Food,Cafeteria / Canteen,Ground Floor,TS17,Tuesday,14,2026-05-01T14:26:00+05:30,1,Critical,67.0,75,0,Resolved,5.45,1
CL-11860,ANON-0539,projector in FF6 switches off after ten minutes,Infrastructure,Labs & Research,Aryabhatt Bhawan II,Floor 1,FF6,Monday,14,2026-05-01T14:46:00+05:30,2,High,22.0,41,1,Resolved,5.27,0
CL-11861,ANON-0213,wifi becomes extremely slow near CL3 between 10:00 and 12:00 while the wifi is also unstable,Network,Academic & Teaching,Aryabhatt Bhawan II,Floor 4,CL3,Thursday,10,2026-05-01T10:41:00+05:30,3,Medium,98.0,40,0,Open,4.32,0
CL-11862,ANON-0260,wifi becomes extremely slow near CR425 between 10:00 and 12:00,Network,Library & Study,CL15,Floor 1,CR425,Monday,10,2026-05-01T10:01:00+05:30,2,High,90.0,61,1,Open,7.01,0
CL-11863,ANON-0117,canteen queue is very long at 13:00 with one counter open,Water,Food,Annapurna / Main Mess,Floor 2,CS1,Thursday,13,2026-05-01T13:01:00+05:30,4,Low,100.0,87,0,In Progress,3.45,0
CL-11864,ANON-0176,network authentication fails for students around CL3,Network,Labs & Research,CL3,Floor 3,CL3,Friday,10,2026-05-01T10:12:00+05:30,2,High,72.0,89,0,In Progress,5.79,1
CL-11865,ANON-0085,billing queue reaches the stairwell near Annapurna / Main Mess and the room is overcrowded,Canteen,Food,Annapurna / Main Mess,Floor 1,CL3,Friday,13,2026-05-01T13:45:00+05:30,1,Critical,90.0,56,0,In Progress,6.74,1
CL-11866,ANON-0069,lights flicker repeatedly inside FF6 while the wifi is also unstable,Electrical,Hostels,CL22,Floor 1,FF6,Tuesday,10,2026-05-01T10:54:00+05:30,3,Medium,59.0,96,0,Open,3.83,0
CL-11867,ANON-0532,power socket near the desk is unsafe in CS1,Electrical,Academic & Teaching,H5 Boys Hostel,Floor 1,CS1,Wednesday,14,2026-05-01T14:12:00+05:30,3,Medium,67.0,87,1,In Progress,4.83,0
CL-11868,ANON-0397,wifi becomes extremely slow near FF6 between 12:00 and 14:00 while the wifi is also unstable,Network,Academic & Teaching,Aryabhatt Bhawan II,Floor 1,FF6,Wednesday,12,2026-05-01T12:31:00+05:30,3,Medium,77.0,74,0,Resolved,3.82,0
CL-11869,ANON-0466,broken writing desk is blocking the aisle in TS17 students cannot continue class,Infrastructure,Academic & Teaching,A2/1,Floor 2,TS17,Tuesday,17,2026-05-01T17:22:00+05:30,2,High,69.0,61,0,Open,6.21,0
CL-11870,ANON-0055,canteen queue is very long at 13:00 with one counter open,Canteen,Food,Annapurna / Main Mess,Floor 3,G2,Wednesday,13,2026-05-01T13:43:00+05:30,3,Medium,65.0,44,0,Verified,4.8,0
CL-11871,ANON-0142,three lab systems freeze during compilation in CL22 while the wifi is also unstable,Lab Equipment,Labs & Research,CL15,Floor 1,CL22,Thursday,15,2026-05-01T15:43:00+05:30,1,Critical,96.0,58,0,Open,6.8,0
CL-11872,ANON-0528,food counter is overcrowded between 13:00 and 15:00,Canteen,Food,Annapurna / Main Mess,Ground Floor,CL3,Thursday,13,2026-05-02T13:10:00+05:30,5,Low,81.0,71,1,Resolved,3.84,1
CL-11873,ANON-0017,computer fails to boot during practical class in CS1,Lab Equipment,Labs & Research,CL15,Floor 3,CS1,Monday,14,2026-05-02T14:17:00+05:30,2,High,37.0,46,1,Open,6.05,0
CL-11874,ANON-0021,drinking water cooler near G2 is empty,Water,Sports & Recreation,Swimming Pool,Floor 3,G2,Monday,9,2026-05-02T09:00:00+05:30,2,High,62.0,51,0,Open,5.47,1
CL-11875,ANON-0254,spill outside CL3 creates a safety hazard,Cleanliness,General & Utilities,H4 Boys Hostel,Floor 1,CL3,Friday,8,2026-05-02T08:08:00+05:30,2,High,68.0,56,0,Resolved,4.22,0
CL-11876,ANON-0544,power socket near the desk is unsafe in CL22,Electrical,Labs & Research,CL22,Floor 3,CL22,Friday,14,2026-05-02T14:32:00+05:30,4,Low,47.0,32,1,In Progress,3.93,1
CL-11877,ANON-0206,wifi becomes extremely slow near CL15 between 11:00 and 13:00 after a power interruption,Network,Library & Study,CL15,Ground Floor,CL15,Thursday,11,2026-05-02T11:01:00+05:30,4,Low,37.0,50,0,Open,2.77,0
CL-11878,ANON-0435,classroom door and several chairs need repair on Ground Floor,Infrastructure,Labs & Research,A2/2,Ground Floor,TS17,Saturday,8,2026-05-02T08:06:00+05:30,3,Medium,37.0,53,0,In Progress,2.58,1
CL-11879,ANON-0057,low water pressure reported around Swimming Pool,Water,Sports & Recreation,Swimming Pool,Floor 2,TS17,Tuesday,16,2026-05-02T16:53:00+05:30,2,High,67.0,41,0,Resolved,5.07,1
CL-11880,ANON-0358,spill outside CL22 creates a safety hazard please fix urgently after a power interruption,Cleanliness,General & Utilities,Aryabhatt Bhawan III,Ground Floor,CL22,Wednesday,18,2026-05-02T18:28:00+05:30,1,Critical,80.0,50,0,Escalated,6.46,0
CL-11881,ANON-0568,very weak wifi signal on Floor 1 of LRC,Network,Labs & Research,LRC,Floor 1,CL22,Tuesday,12,2026-05-02T12:32:00+05:30,2,High,78.0,41,1,Resolved,6.36,0
CL-11882,ANON-0416,wifi becomes extremely slow near CR425 between 10:00 and 12:00,Network,Academic & Teaching,LRC,Floor 4,CR425,Saturday,10,2026-05-02T10:00:00+05:30,2,High,100.0,40,1,Resolved,6.73,0
CL-11883,ANON-0160,wifi becomes extremely slow near G2 between 10:00 and 12:00 beside the canteen queue,Network,Library & Study,LRC,Floor 2,G2,Monday,10,2026-05-02T10:06:00+05:30,3,Medium,88.0,54,0,In Progress,6.12,0
CL-11884,ANON-0408,projector in TS17 switches off after ten minutes near a water cooler,Infrastructure,Labs & Research,Aryabhatt Bhawan II,Ground Floor,TS17,Monday,15,2026-05-02T15:45:00+05:30,4,Low,53.0,64,1,Verified,5.34,1
CL-11885,ANON-0458,very weak wifi signal on Floor 2 of CL3,Network,Academic & Teaching,CL3,Floor 2,TS17,Thursday,10,2026-05-02T10:13:00+05:30,1,Critical,63.0,67,1,Open,7.59,1
CL-11886,ANON-0102,canteen queue is very long at 13:00 with one counter open,Canteen,Food,Annapurna / Main Mess,Ground Floor,CS1,Monday,13,2026-05-02T13:55:00+05:30,2,High,66.0,60,0,Open,4.82,0
CL-11887,ANON-0201,food counter is overcrowded between 13:00 and 15:00,Canteen,Food,Annapurna / Main Mess,Ground Floor,FF6,Monday,13,2026-05-02T13:12:00+05:30,2,High,85.0,54,1,Escalated,6.96,0
CL-11888,ANON-0353,wifi becomes extremely slow near CR425 between 11:00 and 13:00,Network,Library & Study,CL3,Floor 2,CR425,Thursday,11,2026-05-03T11:57:00+05:30,1,Critical,80.0,66,0,Open,5.79,0
CL-11889,ANON-0532,food counter is overcrowded between 12:00 and 14:00,Canteen,Food,Annapurna / Main Mess,Floor 1,CR425,Wednesday,12,2026-05-03T12:00:00+05:30,1,Critical,63.0,58,0,Verified,5.73,0
CL-11890,ANON-0592,waiting time at Cafeteria / Canteen is more than twenty minutes,Canteen,Food,Cafeteria / Canteen,Floor 1,TS17,Monday,13,2026-05-03T13:48:00+05:30,1,Critical,44.0,70,1,Verified,6.23,1
CL-11891,ANON-0155,broken writing desk is blocking the aisle in CS1 beside the canteen queue,Infrastructure,Academic & Teaching,A2/2,Floor 1,CS1,Tuesday,16,2026-05-03T16:14:00+05:30,4,Low,55.0,44,0,Verified,3.17,0
CL-11892,ANON-0364,canteen queue is very long at 13:00 with one counter open,Canteen,Food,Cafeteria / Canteen,Floor 1,CS1,Wednesday,13,2026-05-03T13:49:00+05:30,1,Critical,86.0,42,1,Open,7.0,0
CL-11893,ANON-0565,internet disconnects repeatedly during the lecture in CL15,Network,Academic & Teaching,CL15,Floor 1,CL15,Friday,10,2026-05-03T10:56:00+05:30,2,High,89.0,71,1,In Progress,6.59,0
CL-11894,ANON-0555,WIFI BECOMES EXTREMELY SLOW NEAR CL22 BETWEEN 9:00 AND 11:00   !!!,Network,Academic & Teaching,CL15,Floor 1,CL22,Monday,9,2026-05-03T09:56:00+05:30,1,Critical,100.0,38,1,In Progress,7.93,1
CL-11895,ANON-0464,floor near Washrooms is dirty and slippery,Cleanliness,Academic & Teaching,Washrooms,Ground Floor,FF6,Saturday,9,2026-05-03T09:43:00+05:30,4,Low,36.0,72,0,Open,3.14,0
CL-11896,ANON-0519,wifi becomes extremely slow near G2 between 10:00 and 12:00,Network,Academic & Teaching,CL3,Floor 3,G2,Saturday,10,2026-05-03T10:55:00+05:30,4,Low,68.0,87,1,Resolved,3.52,0
CL-11897,ANON-0493,projector hdmi port is loose in G2,Infrastructure,Academic & Teaching,A2/1,Ground Floor,G2,Wednesday,8,2026-05-03T08:53:00+05:30,2,High,56.0,66,0,Open,4.88,1
CL-11898,ANON-0410,laboratory equipment reports a calibration error in TS17,Lab Equipment,Labs & Research,ECE Labs,Floor 3,TS17,Wednesday,9,2026-05-03T09:49:00+05:30,2,High,58.0,56,0,Resolved,4.76,1
CL-11899,ANON-0191,computer fails to boot during practical class in FF6 please fix urgently,Lab Equipment,Labs & Research,CL1,Floor 3,FF6,Wednesday,11,2026-05-03T11:18:00+05:30,3,Medium,87.0,64,0,Resolved,4.71,1
CL-11900,ANON-0056,laboratory equipment reports a calibration error in CL15,Lab Equipment,Labs & Research,CL1,Floor 1,CL15,Tuesday,9,2026-05-03T09:20:00+05:30,1,Critical,61.0,38,0,Resolved,5.96,1
CL-11901,ANON-0500,air conditioner stops cooling after noon on Floor 4,Electrical,Academic & Teaching,A2/1,Floor 4,TS17,Monday,8,2026-05-03T08:35:00+05:30,1,Critical,33.0,82,0,Open,4.47,0
CL-11902,ANON-0570,wifi becomes extremely slow near CS1 between 9:00 and 11:00,Network,Library & Study,LRC,Floor 1,CS1,Friday,9,2026-05-03T09:32:00+05:30,3,Medium,71.0,47,0,In Progress,4.98,0
CL-11903,ANON-0048,internet disconnects repeatedly during the lecture in TS17,Network,Library & Study,CL15,Floor 3,TS17,Friday,10,2026-05-03T10:11:00+05:30,5,Low,52.0,71,0,Verified,2.93,0
CL-11904,ANON-0267,very weak wifi signal on Ground Floor of LRC this happens repeatedly,Network,Academic & Teaching,LRC,Ground Floor,FF6,Thursday,12,2026-05-04T12:30:00+05:30,1,Critical,60.0,57,0,Open,5.15,0
CL-11905,ANON-0581,air conditioner stops cooling after noon on Floor 1,Electrical,Hostels,A2/1,Floor 1,G2,Tuesday,8,2026-05-04T08:41:00+05:30,3,Medium,47.0,65,0,Resolved,4.31,0
CL-11906,ANON-0418,projector in TS17 switches off after ten minutes this happens repeatedly after a power interruption,Infrastructure,Academic & Teaching,A2/1,Floor 2,TS17,Wednesday,16,2026-05-04T16:25:00+05:30,1,Critical,51.0,53,0,Escalated,5.81,0
CL-11907,ANON-0465,laboratory equipment reports a calibration error in CL3,Lab Equipment,Labs & Research,CL15,Floor 3,CL3,Friday,15,2026-05-04T15:41:00+05:30,3,Medium,49.0,49,0,In Progress,3.85,0
CL-11908,ANON-0392,water is leaking into the corridor on Floor 3 please fix urgently,Water,Hostels,Water cooler,Floor 3,CL22,Wednesday,8,2026-05-04T08:34:00+05:30,1,Critical,31.0,76,0,Resolved,4.65,0
CL-11909,ANON-0418,student common area is overcrowded after 14:00,Other,General & Utilities,Administration Block,Floor 2,CL3,Saturday,14,2026-05-04T14:50:00+05:30,4,Low,71.0,88,1,Resolved,4.71,0
CL-11910,ANON-0370,projector in CL3 switches off after ten minutes,Infrastructure,Labs & Research,Aryabhatt Bhawan II,Floor 1,CL3,Saturday,15,2026-05-04T15:33:00+05:30,5,Low,40.0,52,1,In Progress,3.76,0
CL-11911,ANON-0449,wifi becomes extremely slow near CS1 between 9:00 and 11:00,Network,Labs & Research,Aryabhatt Bhawan II,Floor 3,CS1,Monday,9,2026-05-04T09:58:00+05:30,3,Medium,56.0,80,0,Resolved,3.83,0
CL-11912,ANON-0583,garbage is overflowing in the corridor on Ground Floor,Cleanliness,Academic & Teaching,Washrooms,Ground Floor,TS17,Friday,14,2026-05-04T14:37:00+05:30,4,Low,23.0,52,0,Open,2.71,0
CL-11913,ANON-0457,lights flicker repeatedly inside TS17,Electrical,Academic & Teaching,CL22,Floor 2,TS17,Friday,12,2026-05-04T12:00:00+05:30,4,Low,32.0,31,0,Resolved,3.3,1
CL-11914,ANON-0519,network authentication fails for students around CL15,Network,Academic & Teaching,CL15,Floor 3,CS1,Wednesday,10,2026-05-04T10:31:00+05:30,2,High,73.0,47,1,Resolved,4.89,0
CL-11915,ANON-0359,laboratory equipment reports a calibration error in CL22 students cannot continue class,Lab Equipment,Labs & Research,CL1,Floor 1,CL22,Tuesday,10,2026-05-04T10:46:00+05:30,1,Critical,25.0,37,0,Open,5.16,0
CL-11916,ANON-0047,garbage is overflowing in the corridor on Floor 3 after a power interruption,Cleanliness,Hostels,H4 Boys Hostel,Floor 3,CL15,Monday,17,2026-05-04T17:36:00+05:30,3,Medium,63.0,42,1,Verified,4.46,1
CL-11917,ANON-0016,wifi becomes extremely slow near CL3 between 11:00 and 13:00,Network,Academic & Teaching,CL15,Floor 3,CL3,Wednesday,11,2026-05-04T11:56:00+05:30,4,Low,87.0,52,0,Resolved,4.91,1
CL-11918,ANON-0101,canteen queue is very long at 13:00 with one counter open please fix urgently,Canteen,Food,Cafeteria / Canteen,Floor 1,CL22,Saturday,13,2026-05-04T13:04:00+05:30,4,Low,84.0,62,0,In Progress,4.92,0
CL-11919,ANON-0595,network authentication fails for students around CL15 and the room is overcrowded,Network,Labs & Research,CL15,Ground Floor,FF6,Thursday,12,2026-05-04T12:58:00+05:30,2,High,66.0,27,0,Verified,5.09,0
CL-11920,ANON-0090,lights flicker repeatedly inside CL15,Electrical,Labs & Research,CL22,Ground Floor,CL15,Tuesday,18,2026-05-05T18:58:00+05:30,4,Low,40.0,49,0,Open,2.21,0
CL-11921,ANON-0560,garbage is overflowing in the corridor on Floor 4 students cannot continue class,Cleanliness,Hostels,Washrooms,Floor 4,TS17,Monday,17,2026-05-05T17:04:00+05:30,2,High,49.0,52,0,Open,6.31,0
CL-11922,ANON-0516,broken writing desk is blocking the aisle in CR425 !!!!,Infrastructure,Labs & Research,A2/2,Floor 1,CR425,Friday,8,2026-05-05T08:12:00+05:30,4,Low,66.0,50,1,Verified,5.38,0
CL-11923,ANON-0037,power socket near the desk is unsafe in CR425,Electrical,Labs & Research,H5 Boys Hostel,Floor 2,CR425,Wednesday,15,2026-05-05T15:15:00+05:30,2,High,78.0,71,1,Open,6.81,1
CL-11924,ANON-0579,washroom near G2 has not been cleaned today this happens repeatedly,Cleanliness,Academic & Teaching,Aryabhatt Bhawan III,Floor 4,G2,Wednesday,14,2026-05-05T14:59:00+05:30,5,Low,24.0,78,1,Resolved,3.37,0
CL-11925,ANON-0472,very weak wifi signal on Floor 2 of CL3 while the wifi is also unstable,Network,Academic & Teaching,CL3,Floor 2,G2,Wednesday,11,2026-05-05T11:58:00+05:30,1,Critical,56.0,55,0,Verified,5.42,0
CL-11926,ANON-0456,wifi becomes extremely slow near G2 between 10:00 and 12:00 students cannot continue class,Network,Labs & Research,Aryabhatt Bhawan II,Floor 4,G2,Monday,10,2026-05-05T10:49:00+05:30,2,High,82.0,63,1,Open,6.54,1
CL-11927,ANON-0429,network authentication fails for students around CL15,Network,Academic & Teaching,CL15,Floor 4,G2,Monday,14,2026-05-05T14:45:00+05:30,5,Low,74.0,50,1,Verified,5.23,1
CL-11928,ANON-0195,lights flicker repeatedly inside FF6,Electrical,Labs & Research,H5 Boys Hostel,Floor 4,FF6,Tuesday,17,2026-05-05T17:04:00+05:30,1,Critical,66.0,52,0,Resolved,5.42,0
CL-11929,ANON-0312,internet disconnects repeatedly during the lecture in TS17,Canteen,Academic & Teaching,CL15,Floor 4,TS17,Saturday,12,2026-05-05T12:08:00+05:30,3,Medium,100.0,55,1,In Progress,5.7,0
CL-11930,ANON-0401,projector hdmi port is loose in FF6,Infrastructure,Labs & Research,A2/2,Floor 1,FF6,Monday,8,2026-05-05T08:11:00+05:30,4,Low,55.0,43,0,Verified,2.98,0
CL-11931,ANON-0333,very weak wifi signal on Floor 1 of CL3 please fix urgently,Network,Library & Study,CL3,Floor 1,CL22,Wednesday,12,2026-05-05T12:25:00+05:30,4,Low,86.0,56,0,Verified,3.95,0
CL-11932,ANON-0360,monitor and keyboard are not detected at workstation in CL22,Infrastructure,Labs & Research,ECE Labs,Floor 4,CL22,Tuesday,10,2026-05-05T10:52:00+05:30,5,Low,37.0,66,1,Resolved,3.32,0
CL-11933,ANON-0475,classroom door and several chairs need repair on Floor 1 while the wifi is also unstable,Infrastructure,Academic & Teaching,CL3,Floor 1,CL3,Monday,8,2026-05-05T08:35:00+05:30,2,High,28.0,67,1,In Progress,4.59,0
CL-11934,ANON-0388,classroom door and several chairs need repair on Floor 2,Infrastructure,Academic & Teaching,CL3,Floor 2,G2,Tuesday,11,2026-05-05T11:37:00+05:30,1,Critical,57.0,43,1,Open,7.17,0
CL-11935,ANON-0204,floor near Aryabhatt Bhawan III is dirty and slippery,Cleanliness,General & Utilities,Aryabhatt Bhawan III,Floor 3,TS17,Wednesday,8,2026-05-05T08:11:00+05:30,2,High,42.0,53,0,Open,4.5,0
CL-11936,ANON-0250,projector hdmi port is loose in CS1 and the room is overcrowded,Infrastructure,Academic & Teaching,Aryabhatt Bhawan II,Floor 4,CS1,Wednesday,14,2026-05-06T14:48:00+05:30,2,High,36.0,53,1,Verified,5.43,0
CL-11937,ANON-0493,wifi becomes extremely slow near CS1 between 10:00 and 12:00,Network,Labs & Research,LRC,Floor 3,CS1,Thursday,10,2026-05-06T10:57:00+05:30,2,High,100.0,72,1,Escalated,8.19,0
CL-11938,ANON-0265,water is leaking into the corridor on Floor 2 please fix urgently near a water cooler,Water,Hostels,Girls Hostel,Floor 2,TS17,Monday,9,2026-05-06T09:24:00+05:30,2,High,46.0,58,0,Resolved,4.87,0
CL-11939,ANON-0515,water is leaking into the corridor on Floor 1 please fix urgently,Water,General & Utilities,Water cooler,Floor 1,CS1,Monday,17,2026-05-06T17:57:00+05:30,3,Medium,46.0,64,0,Open,3.25,1
CL-11940,ANON-0564,low water pressure reported around Girls Hostel,Water,Sports & Recreation,Girls Hostel,Floor 1,CR425,Thursday,12,2026-05-06T12:29:00+05:30,3,Medium,78.0,69,0,In Progress,5.26,1
CL-11941,ANON-0121,very weak wifi signal on Floor 2 of CL15,Network,Labs & Research,CL15,Floor 2,CL22,Monday,14,2026-05-06T14:49:00+05:30,3,Medium,100.0,34,0,Resolved,4.55,1
CL-11942,ANON-0032,two ceiling fans are not working in FF6,Electrical,Hostels,H5 Boys Hostel,Ground Floor,FF6,Tuesday,13,2026-05-06T13:30:00+05:30,1,Critical,68.0,76,0,Escalated,5.8,0
CL-11943,ANON-0229,broken writing desk is blocking the aisle in CL22,Infrastructure,Labs & Research,Aryabhatt Bhawan II,Floor 4,CL22,Thursday,16,2026-05-06T16:28:00+05:30,4,Low,59.0,63,0,In Progress,3.13,0
CL-11944,ANON-0495,projector in CL3 switches off after ten minutes,Infrastructure,Academic & Teaching,CL3,Floor 2,CL3,Wednesday,12,2026-05-06T12:03:00+05:30,5,Low,75.0,28,0,Resolved,3.89,0
CL-11945,ANON-0082,internet disconnects repeatedly during the lecture in FF6 this happens repeatedly,Network,Labs & Research,CL15,Floor 1,FF6,Friday,10,2026-05-06T10:03:00+05:30,1,Critical,85.0,70,1,Open,6.8,0
CL-11946,ANON-0446,wifi becomes extremely slow near CL3 between 10:00 and 12:00,Network,Library & Study,Aryabhatt Bhawan II,Floor 3,CL3,Monday,10,2026-05-06T10:12:00+05:30,3,Medium,91.0,39,1,Resolved,5.65,1
CL-11947,ANON-0205,wifi becomes extremely slow near CL15 between 14:00 and 16:00,Network,Labs & Research,Aryabhatt Bhawan II,Floor 4,CL15,Monday,14,2026-05-06T14:53:00+05:30,2,High,47.0,57,1,Open,6.34,0
CL-11948,ANON-0126,water is leaking into the corridor on Floor 1,Water,Sports & Recreation,Water cooler,Floor 1,G2,Tuesday,15,2026-05-06T15:22:00+05:30,3,Medium,78.0,37,0,In Progress,4.7,0
CL-11949,ANON-0023,laboratory equipment reports a calibration error in G2,Lab Equipment,Labs & Research,CL3,Floor 4,G2,Wednesday,13,2026-05-06T13:48:00+05:30,2,High,43.0,48,0,Open,4.37,0
CL-11950,ANON-0547,wifi becomes extremely slow near TS17 between 12:00 and 14:00,Network,Library & Study,Aryabhatt Bhawan II,Floor 1,TS17,Tuesday,12,2026-05-06T12:22:00+05:30,4,Low,100.0,43,1,In Progress,5.61,1
CL-11951,ANON-0075,monitor and keyboard are not detected at workstation in CL3,Lab Equipment,Labs & Research,ECE Labs,Ground Floor,CL3,Monday,17,2026-05-06T17:35:00+05:30,2,High,82.0,67,0,In Progress,5.32,0
CL-11952,ANON-0044,computer fails to boot during practical class in FF6 students cannot continue class,Lab Equipment,Labs & Research,CL3,Floor 3,FF6,Thursday,16,2026-05-07T16:37:00+05:30,3,Medium,49.0,66,0,In Progress,3.15,0
CL-11953,ANON-0377,projector in G2 switches off after ten minutes,Infrastructure,Academic & Teaching,CL3,Floor 3,G2,Tuesday,17,2026-05-07T17:21:00+05:30,4,Low,40.0,75,1,Resolved,4.49,0
CL-11954,ANON-0436,very weak wifi signal on Floor 1 of CL15 this happens repeatedly,Network,Library & Study,CL15,Floor 1,CL3,Monday,14,2026-05-07T14:43:00+05:30,1,Critical,87.0,36,1,In Progress,8.49,0
CL-11955,ANON-0504,wifi becomes extremely slow near G2 between 9:00 and 11:00,Network,Labs & Research,CL3,Ground Floor,G2,Saturday,9,2026-05-07T09:22:00+05:30,1,Critical,74.0,58,0,In Progress,6.48,0
CL-11956,ANON-0215,billing queue reaches the stairwell near Annapurna / Main Mess,Canteen,Food,Annapurna / Main Mess,Floor 2,CL15,Thursday,13,2026-05-07T13:19:00+05:30,5,Low,100.0,39,1,Open,5.96,0
CL-11957,ANON-0193,FOOD COUNTER IS OVERCROWDED BETWEEN 13:00 AND 15:00 BESIDE THE CANTEEN QUEUE   !!!,Canteen,Food,Annapurna / Main Mess,Floor 3,CS1,Monday,13,2026-05-07T13:09:00+05:30,3,Medium,100.0,46,1,Open,4.52,1
CL-11958,ANON-0452,network authentication fails for students around CL15 !!!!,Network,Labs & Research,CL15,Floor 3,FF6,Tuesday,11,2026-05-07T11:10:00+05:30,3,Medium,32.0,48,0,Open,4.26,0
CL-11959,ANON-0590,very weak wifi signal on Floor 1 of LRC,Network,Academic & Teaching,LRC,Floor 1,TS17,Wednesday,9,2026-05-07T09:07:00+05:30,2,High,,20,0,Open,5.76,1
CL-11960,ANON-0412,floor near H4 Boys Hostel is dirty and slippery !!!!,Cleanliness,Hostels,H4 Boys Hostel,Floor 3,FF6,Saturday,11,2026-05-07T11:17:00+05:30,2,High,8.0,36,0,Open,3.87,0
CL-11961,ANON-0031,broken writing desk is blocking the aisle in CR425,Infrastructure,Labs & Research,CL3,Floor 4,CR425,Tuesday,15,2026-05-07T15:00:00+05:30,2,High,35.0,45,0,Verified,4.56,0
CL-11962,ANON-0185,garbage is overflowing in the corridor on Floor 1 !!!!,Cleanliness,Academic & Teaching,H4 Boys Hostel,Floor 1,G2,Thursday,13,2026-05-07T13:01:00+05:30,3,Medium,44.0,37,1,Open,4.6,0
CL-11963,ANON-0315,wifi becomes extremely slow near CL22 between 11:00 and 13:00,Cleanliness,Academic & Teaching,CL3,Ground Floor,CL22,Saturday,11,2026-05-07T11:02:00+05:30,2,High,67.0,77,1,Resolved,6.64,1
CL-11964,ANON-0494,classroom door and several chairs need repair on Floor 1 while the wifi is also unstable,Infrastructure,Labs & Research,CL3,Floor 1,TS17,Saturday,13,2026-05-07T13:44:00+05:30,3,Medium,43.0,55,1,Resolved,5.56,0
CL-11965,ANON-0101,projector hdmi port is loose in CR425,Infrastructure,Academic & Teaching,Aryabhatt Bhawan II,Floor 1,CR425,Thursday,18,2026-05-07T18:47:00+05:30,1,Critical,48.0,76,0,Resolved,5.9,0
CL-11966,ANON-0114,internet disconnects repeatedly during the lecture in CL15,Network,Academic & Teaching,LRC,Floor 2,CL15,Tuesday,9,2026-05-07T09:53:00+05:30,4,Low,89.0,48,1,Resolved,5.65,1
CL-11967,ANON-0085,power socket near the desk is unsafe in TS17,Electrical,Academic & Teaching,H5 Boys Hostel,Floor 2,TS17,Tuesday,13,2026-05-07T13:44:00+05:30,3,Medium,69.0,50,0,Open,4.91,1
CL-11968,ANON-0212,broken writing desk is blocking the aisle in CL22,Infrastructure,Academic & Teaching,A2/2,Floor 1,CL22,Friday,18,2026-05-08T18:01:00+05:30,2,High,65.0,42,0,In Progress,6.05,0
CL-11969,ANON-0435,air conditioner stops cooling after noon on Floor 1,Electrical,Labs & Research,CL22,Floor 1,FF6,Wednesday,9,2026-05-08T09:06:00+05:30,4,Low,45.0,54,1,In Progress,4.74,0
CL-11970,ANON-0018,classroom door and several chairs need repair on Floor 2,Infrastructure,Academic & Teaching,A2/1,Floor 2,CR425,Tuesday,9,2026-05-08T09:47:00+05:30,2,High,41.0,53,0,In Progress,4.14,0
CL-11971,ANON-0599,broken writing desk is blocking the aisle in TS17,Infrastructure,Academic & Teaching,A2/1,Ground Floor,TS17,Saturday,8,2026-05-08T08:43:00+05:30,2,High,11.0,56,1,Verified,6.16,1
CL-11972,ANON-0253,internet disconnects repeatedly during the lecture in G2 near a water cooler,Network,Labs & Research,LRC,Floor 2,G2,Wednesday,11,2026-05-08T11:15:00+05:30,3,Medium,64.0,34,0,In Progress,4.56,0
CL-11973,ANON-0392,projector hdmi port is loose in CL3 after a power interruption,Infrastructure,Labs & Research,A2/2,Ground Floor,CL3,Friday,16,2026-05-08T16:02:00+05:30,2,High,59.0,45,1,In Progress,5.81,0
CL-11974,ANON-0262,internet disconnects repeatedly during the lecture in CS1,Network,Academic & Teaching,Aryabhatt Bhawan II,Floor 1,CS1,Saturday,10,2026-05-08T10:42:00+05:30,3,Medium,100.0,91,1,Open,5.52,1
CL-11975,ANON-0544,monitor and keyboard are not detected at workstation in CL3,Lab Equipment,Labs & Research,CL22,Floor 3,CL3,Tuesday,17,2026-05-08T17:05:00+05:30,3,Medium,78.0,69,0,Open,4.36,1
CL-11976,ANON-0345,projector in FF6 switches off after ten minutes,Infrastructure,Academic & Teaching,A2/1,Floor 2,FF6,Thursday,14,2026-05-08T14:51:00+05:30,4,Low,62.0,78,1,Verified,5.31,0
CL-11977,ANON-0219,food counter is overcrowded between 12:00 and 14:00,Canteen,Food,Cafeteria / Canteen,Floor 4,G2,Saturday,12,2026-05-08T12:55:00+05:30,4,Low,39.0,66,1,Escalated,4.49,1
CL-11978,ANON-0233,very weak wifi signal on Floor 1 of CL3,Network,Labs & Research,CL3,Floor 1,TS17,Saturday,14,2026-05-08T14:32:00+05:30,3,Medium,86.0,64,1,In Progress,7.11,1
CL-11979,ANON-0396,food counter is overcrowded between 14:00 and 16:00,Canteen,Food,Cafeteria / Canteen,Floor 4,TS17,Monday,14,2026-05-08T14:01:00+05:30,3,Medium,41.0,24,0,Open,4.71,0
CL-11980,ANON-0126,drinking water cooler near CL15 is empty,Water,General & Utilities,Swimming Pool,Floor 3,CL15,Saturday,18,2026-05-08T18:13:00+05:30,4,Low,48.0,78,0,Open,3.37,0
CL-11981,ANON-0238,washroom near CL22 has not been cleaned today,Cleanliness,Academic & Teaching,Washrooms,Ground Floor,CL22,Friday,12,2026-05-08T12:00:00+05:30,5,Low,79.0,94,0,In Progress,2.33,0
CL-11982,ANON-0108,canteen queue is very long at 14:00 with one counter open while the wifi is also unstable,Canteen,Food,Annapurna / Main Mess,Floor 3,FF6,Thursday,14,2026-05-08T14:53:00+05:30,5,Low,100.0,31,0,Resolved,2.5,0
CL-11983,ANON-0117,internet disconnects repeatedly during the lecture in FF6,Network,Academic & Teaching,Aryabhatt Bhawan II,Floor 1,FF6,Wednesday,10,2026-05-08T10:55:00+05:30,2,High,85.0,65,1,Verified,6.12,0
CL-11984,ANON-0081,billing queue reaches the stairwell near Annapurna / Main Mess,Canteen,Food,Annapurna / Main Mess,Floor 2,CR425,Thursday,14,2026-05-09T14:27:00+05:30,5,Low,100.0,36,1,Resolved,4.97,1
CL-11985,ANON-0159,very weak wifi signal on Floor 1 of LRC,Network,Library & Study,LRC,Floor 1,TS17,Friday,10,2026-05-09T10:16:00+05:30,4,Low,71.0,34,1,Resolved,4.33,1
CL-11986,ANON-0226,broken writing desk is blocking the aisle in G2 please fix urgently,Infrastructure,Academic & Teaching,CL3,Floor 1,G2,Friday,9,2026-05-09T09:57:00+05:30,1,Critical,45.0,61,0,In Progress,5.52,0
CL-11987,ANON-0484,MONITOR AND KEYBOARD ARE NOT DETECTED AT WORKSTATION IN CS1   !!!,Lab Equipment,Labs & Research,CL1,Floor 3,CS1,Wednesday,15,2026-05-09T15:03:00+05:30,4,Low,91.0,41,0,Verified,3.65,0
CL-11988,ANON-0404,billing queue reaches the stairwell near Cafeteria / Canteen,Canteen,Food,Cafeteria / Canteen,Floor 3,CS1,Wednesday,12,2026-05-09T12:15:00+05:30,3,Medium,85.0,58,0,In Progress,4.84,1
CL-11989,ANON-0039,wifi becomes extremely slow near CS1 between 10:00 and 12:00,Network,Labs & Research,Aryabhatt Bhawan II,Floor 3,CS1,Thursday,10,2026-05-09T10:49:00+05:30,2,High,83.0,43,1,Verified,6.68,1
CL-11990,ANON-0325,wifi becomes extremely slow near CL22 between 10:00 and 12:00,Network,Academic & Teaching,CL15,Floor 4,CL22,Thursday,10,2026-05-09T10:03:00+05:30,2,High,80.0,45,0,Resolved,5.17,1
CL-11991,ANON-0541,internet disconnects repeatedly during the lecture in FF6,Water,Labs & Research,LRC,Ground Floor,FF6,Saturday,10,2026-05-09T10:39:00+05:30,2,High,60.0,51,0,Verified,4.33,0
CL-11992,ANON-0302,very weak wifi signal on Floor 2 of CL3,Network,Labs & Research,CL3,Floor 2,G2,Tuesday,11,2026-05-09T11:52:00+05:30,2,High,84.0,36,0,In Progress,5.6,0
CL-11993,ANON-0076,garbage is overflowing in the corridor on Floor 1 this happens repeatedly,Cleanliness,Academic & Teaching,Washrooms,Floor 1,CR425,Saturday,14,2026-05-09T14:45:00+05:30,4,Low,55.0,34,1,Escalated,5.06,0
CL-11994,ANON-0165,internet disconnects repeatedly during the lecture in CS1 students cannot continue class and the room is overcrowded,Network,Library & Study,CL15,Floor 2,CS1,Monday,11,2026-05-09T11:00:00+05:30,5,Low,82.0,81,0,Open,2.88,1
CL-11995,ANON-0478,projector hdmi port is loose in CR425,Infrastructure,Labs & Research,A2/1,Floor 3,CR425,Tuesday,18,2026-05-09T18:10:00+05:30,3,Medium,16.0,45,1,In Progress,5.5,1
CL-11996,ANON-0092,lights flicker repeatedly inside CS1,Water,Hostels,H5 Boys Hostel,Floor 2,CS1,Saturday,16,2026-05-09T16:59:00+05:30,1,Critical,79.0,70,1,Open,6.45,1
CL-11997,ANON-0319,wifi becomes extremely slow near CL22 between 11:00 and 13:00,Network,Library & Study,LRC,Floor 4,CL22,Monday,11,2026-05-09T11:12:00+05:30,2,High,63.0,38,0,In Progress,5.08,0
CL-11998,ANON-0577,BILLING QUEUE REACHES THE STAIRWELL NEAR CAFETERIA / CANTEEN   !!!,Canteen,Food,Cafeteria / Canteen,Floor 4,G2,Monday,13,2026-05-09T13:14:00+05:30,4,Low,80.0,78,0,Resolved,4.4,0
CL-11999,ANON-0454,wifi becomes extremely slow near CL15 between 12:00 and 14:00,Network,Labs & Research,Aryabhatt Bhawan II,Floor 4,CL15,Friday,12,2026-05-09T12:11:00+05:30,3,Medium,100.0,86,0,Open,5.54,0
CL-12000,ANON-0257,very weak wifi signal on Ground Floor of CL3,Network,Library & Study,CL3,Ground Floor,TS17,Friday,10,2026-05-10T10:59:00+05:30,3,Medium,69.0,35,0,Open,4.09,1
CL-12001,ANON-0223,internet disconnects repeatedly during the lecture in G2,Network,Labs & Research,CL3,Ground Floor,G2,Saturday,10,2026-05-10T10:52:00+05:30,3,Medium,84.0,82,1,In Progress,6.21,0
CL-12002,ANON-0422,parking congestion blocks the entrance near Administration Block this happens repeatedly,Other,General & Utilities,Administration Block,Floor 4,CS1,Thursday,15,2026-05-10T15:31:00+05:30,4,Low,63.0,28,1,Open,4.66,1
CL-12003,ANON-0086,water point near Girls Hostel is not operational,Water,Sports & Recreation,Girls Hostel,Floor 3,CS1,Friday,13,2026-05-10T13:07:00+05:30,3,Medium,93.0,72,1,Open,5.14,0
CL-12004,ANON-0567,floor near H4 Boys Hostel is dirty and slippery,Cleanliness,Academic & Teaching,H4 Boys Hostel,Floor 3,G2,Wednesday,13,2026-05-10T13:46:00+05:30,3,Medium,45.0,43,1,Resolved,4.24,0
CL-12005,ANON-0032,very weak wifi signal on Floor 1 of Aryabhatt Bhawan II,Network,Library & Study,Aryabhatt Bhawan II,Floor 1,FF6,Tuesday,9,2026-05-10T09:26:00+05:30,3,Medium,100.0,69,1,In Progress,5.79,0
CL-12006,ANON-0527,network authentication fails for students around CL3,Network,Labs & Research,CL3,Floor 1,CL3,Tuesday,11,2026-05-10T11:51:00+05:30,4,Low,100.0,82,0,Resolved,4.17,1
CL-12007,ANON-0381,wifi becomes extremely slow near CR425 between 11:00 and 13:00,Network,Library & Study,LRC,Floor 2,CR425,Thursday,11,2026-05-10T11:34:00+05:30,2,High,60.0,43,0,Open,4.64,0
CL-12008,ANON-0478,wifi becomes extremely slow near CR425 between 11:00 and 13:00,Network,Academic & Teaching,LRC,Floor 2,CR425,Wednesday,11,2026-05-10T11:52:00+05:30,5,Low,70.0,37,0,Resolved,2.7,1
CL-12009,ANON-0187,projector in CS1 switches off after ten minutes near a water cooler,Infrastructure,Academic & Teaching,A2/2,Floor 3,CS1,Saturday,10,2026-05-10T10:44:00+05:30,2,High,84.0,54,0,Open,5.12,0
CL-12010,ANON-0128,projector in G2 switches off after ten minutes this happens repeatedly,Infrastructure,Academic & Teaching,A2/1,Floor 4,G2,Tuesday,8,2026-05-10T08:50:00+05:30,5,Low,34.0,38,0,Open,2.29,1
CL-12011,ANON-0311,projector in CL15 switches off after ten minutes,Infrastructure,Labs & Research,CL3,Floor 4,CL15,Tuesday,11,2026-05-10T11:27:00+05:30,2,High,66.0,61,0,Resolved,5.29,0
CL-12012,ANON-0334,billing queue reaches the stairwell near Cafeteria / Canteen while the wifi is also unstable,Canteen,Food,Cafeteria / Canteen,Floor 4,CL15,Friday,14,2026-05-10T14:08:00+05:30,3,Medium,59.0,64,0,Verified,3.96,1
CL-12013,ANON-0293,lights flicker repeatedly inside CR425,Electrical,Academic & Teaching,CL22,Floor 2,CR425,Saturday,14,2026-05-10T14:42:00+05:30,3,Medium,48.0,50,0,Open,4.72,0
CL-12014,ANON-0452,projector hdmi port is loose in CL15,Infrastructure,Labs & Research,A2/2,Floor 3,CL15,Tuesday,17,2026-05-10T17:17:00+05:30,3,Medium,31.0,45,0,Resolved,4.25,1
CL-12015,ANON-0104,broken writing desk is blocking the aisle in CR425 !!!!,Infrastructure,Academic & Teaching,CL3,Floor 4,CR425,Wednesday,16,2026-05-10T16:01:00+05:30,2,High,79.0,46,0,Verified,5.83,0
CL-12016,ANON-0513,billing queue reaches the stairwell near Cafeteria / Canteen while the wifi is also unstable,Canteen,Food,Cafeteria / Canteen,Floor 3,TS17,Friday,13,2026-05-11T13:01:00+05:30,1,Critical,73.0,51,0,In Progress,7.28,0
CL-12017,ANON-0054,water is leaking into the corridor on Floor 4,Water,Sports & Recreation,Swimming Pool,Floor 4,G2,Saturday,15,2026-05-11T15:43:00+05:30,5,Low,63.0,50,0,Resolved,2.82,0
CL-12018,ANON-0137,broken writing desk is blocking the aisle in CL22,Infrastructure,Academic & Teaching,CL3,Floor 4,CL22,Monday,18,2026-05-11T18:20:00+05:30,2,High,62.0,55,0,Verified,5.6,0
CL-12019,ANON-0467,classroom door and several chairs need repair on Floor 2,Infrastructure,Academic & Teaching,A2/1,Floor 2,CL15,Thursday,13,2026-05-11T13:40:00+05:30,3,Medium,73.0,66,1,Open,7.18,1
CL-12020,ANON-0400,very weak wifi signal on Floor 3 of LRC,Network,Library & Study,LRC,Floor 3,CL22,Monday,9,2026-05-11T09:45:00+05:30,4,Low,82.0,41,0,Verified,4.03,0
CL-12021,ANON-0327,very weak wifi signal on Floor 2 of Aryabhatt Bhawan II students cannot continue class,Network,Labs & Research,Aryabhatt Bhawan II,Floor 2,G2,Thursday,14,2026-05-11T14:55:00+05:30,1,Critical,100.0,42,0,In Progress,6.49,0
CL-12022,ANON-0105,wifi becomes extremely slow near CR425 between 9:00 and 11:00,Network,Labs & Research,CL15,Floor 3,CR425,Thursday,9,2026-05-11T09:44:00+05:30,1,Critical,55.0,20,1,Open,6.2,1
CL-12023,ANON-0445,internet disconnects repeatedly during the lecture in CR425 !!!! and the room is overcrowded,Network,Labs & Research,CL15,Floor 4,CR425,Tuesday,10,2026-05-11T10:31:00+05:30,1,Critical,84.0,58,1,Verified,7.0,1
CL-12024,ANON-0079,broken writing desk is blocking the aisle in TS17,Infrastructure,Labs & Research,CL3,Ground Floor,TS17,Tuesday,8,2026-05-11T08:21:00+05:30,1,Critical,85.0,79,0,Open,6.5,0
CL-12025,ANON-0332,network authentication fails for students around Aryabhatt Bhawan II beside the canteen queue,Network,Academic & Teaching,Aryabhatt Bhawan II,Floor 4,CL22,Saturday,10,2026-05-11T10:20:00+05:30,2,High,71.0,37,1,Open,5.66,0
CL-12026,ANON-0180,two ceiling fans are not working in FF6,Electrical,Academic & Teaching,CL22,Floor 1,FF6,Monday,10,2026-05-11T10:28:00+05:30,1,Critical,81.0,74,1,Open,7.36,0
CL-12027,ANON-0501,network authentication fails for students around CL15,Network,Academic & Teaching,CL15,Floor 1,FF6,Friday,12,2026-05-11T12:55:00+05:30,1,Critical,65.0,32,0,Open,5.97,0
CL-12028,ANON-0107,computer fails to boot during practical class in CR425 near a water cooler,Lab Equipment,Labs & Research,CL3,Floor 4,CR425,Thursday,15,2026-05-11T15:14:00+05:30,3,Medium,93.0,32,1,In Progress,5.98,0
CL-12029,ANON-0294,air conditioner stops cooling after noon on Floor 2 and the room is overcrowded,Electrical,Academic & Teaching,H5 Boys Hostel,Floor 2,CS1,Thursday,11,2026-05-11T11:02:00+05:30,2,High,61.0,85,0,Open,6.06,0
CL-12030,ANON-0297,washroom near CL3 has not been cleaned today,Cleanliness,General & Utilities,Washrooms,Floor 2,CL3,Friday,13,2026-05-11T13:29:00+05:30,1,Critical,56.0,47,0,Open,4.53,1
CL-12031,ANON-0372,wifi becomes extremely slow near CL3 between 12:00 and 14:00,Network,Academic & Teaching,CL15,Floor 3,CL3,Friday,12,2026-05-11T12:25:00+05:30,3,Medium,78.0,56,0,Resolved,4.36,1
CL-12032,ANON-0587,very weak wifi signal on Floor 4 of CL3,Network,Academic & Teaching,CL3,Floor 4,CL3,Tuesday,12,2026-05-12T12:12:00+05:30,1,Critical,84.0,39,1,Open,6.91,0
CL-12033,ANON-0352,projector hdmi port is loose in FF6,Infrastructure,Labs & Research,CL3,Floor 4,FF6,Thursday,14,2026-05-12T14:34:00+05:30,3,Medium,68.0,43,0,Verified,4.28,1
CL-12034,ANON-0477,spill outside CR425 creates a safety hazard,Cleanliness,Academic & Teaching,Aryabhatt Bhawan III,Floor 3,CR425,Wednesday,14,2026-05-12T14:01:00+05:30,2,High,67.0,56,1,Escalated,5.75,1
CL-12035,ANON-0457,internet disconnects repeatedly during the lecture in CR425,Network,Labs & Research,CL15,Floor 2,CR425,Monday,11,2026-05-12T11:30:00+05:30,2,High,92.0,61,0,In Progress,4.5,1
CL-12036,ANON-0253,network authentication fails for students around LRC,Network,Labs & Research,LRC,Ground Floor,CL3,Friday,10,2026-05-12T10:35:00+05:30,3,Medium,91.0,31,0,Open,4.03,0
CL-12037,ANON-0352,internet disconnects repeatedly during the lecture in FF6,Network,Library & Study,CL15,Floor 4,FF6,Friday,11,2026-05-12T11:42:00+05:30,3,Medium,99.0,57,1,In Progress,5.86,0
CL-12038,ANON-0193,broken writing desk is blocking the aisle in CL22,Infrastructure,Academic & Teaching,A2/1,Ground Floor,CL22,Thursday,15,2026-05-12T15:33:00+05:30,2,High,52.0,63,0,Escalated,4.68,0
CL-12039,ANON-0063,classroom door and several chairs need repair on Floor 4,Infrastructure,Labs & Research,CL3,Floor 4,CL15,Tuesday,13,2026-05-12T13:49:00+05:30,1,Critical,40.0,72,1,Resolved,5.97,0
CL-12040,ANON-0579,lights flicker repeatedly inside CR425 near a water cooler,Electrical,Labs & Research,CL22,Floor 1,CR425,Wednesday,8,2026-05-12T08:01:00+05:30,2,High,86.0,95,0,Verified,4.87,0
CL-12041,ANON-0034,broken writing desk is blocking the aisle in FF6,Infrastructure,Academic & Teaching,Aryabhatt Bhawan II,Floor 2,FF6,Friday,14,2026-05-12T14:25:00+05:30,3,Medium,65.0,43,0,Open,3.84,0
CL-12042,ANON-0423,three lab systems freeze during compilation in CS1 beside the canteen queue,Lab Equipment,Labs & Research,ECE Labs,Floor 3,CS1,Thursday,13,2026-05-12T13:09:00+05:30,1,Critical,,40,1,Verified,6.13,0
CL-12043,ANON-0158,spill outside CS1 creates a safety hazard,Electrical,General & Utilities,H4 Boys Hostel,Floor 1,CS1,Wednesday,14,2026-05-12T14:27:00+05:30,3,Medium,58.0,63,0,Open,3.62,0
CL-12044,ANON-0469,washroom near CS1 has not been cleaned today this happens repeatedly,Cleanliness,General & Utilities,H4 Boys Hostel,Ground Floor,CS1,Saturday,10,2026-05-12T10:55:00+05:30,5,Low,62.0,54,0,Verified,2.68,0
CL-12045,ANON-0203,projector in CR425 switches off after ten minutes this happens repeatedly,Network,Academic & Teaching,CL3,Floor 2,CR425,Wednesday,8,2026-05-12T08:57:00+05:30,2,High,63.0,43,1,Verified,5.64,0
CL-12046,ANON-0158,air conditioner stops cooling after noon on Ground Floor,Electrical,Labs & Research,CL22,Ground Floor,G2,Monday,12,2026-05-12T12:57:00+05:30,1,Critical,,46,0,Verified,5.1,1
CL-12047,ANON-0272,network authentication fails for students around CL3,Network,Academic & Teaching,CL3,Floor 1,CS1,Thursday,10,2026-05-12T10:56:00+05:30,1,Critical,93.0,79,0,Resolved,6.92,0
CL-12048,ANON-0598,wifi becomes extremely slow near CL3 between 12:00 and 14:00 near a water cooler,Network,Labs & Research,LRC,Floor 2,CL3,Wednesday,12,2026-05-13T12:20:00+05:30,2,High,85.0,34,0,Verified,6.55,0
CL-12049,ANON-0455,projector hdmi port is loose in G2 while the wifi is also unstable,Infrastructure,Academic & Teaching,A2/1,Floor 1,G2,Thursday,16,2026-05-13T16:23:00+05:30,1,Critical,13.0,81,0,Open,5.91,1
CL-12050,ANON-0062,three lab systems freeze during compilation in TS17 !!!!,Lab Equipment,Labs & Research,CL15,Floor 1,TS17,Monday,11,2026-05-13T11:14:00+05:30,1,Critical,46.0,52,1,Resolved,6.19,0
CL-12051,ANON-0423,wifi becomes extremely slow near CL22 between 14:00 and 16:00 please fix urgently,Network,Labs & Research,CL15,Floor 1,CL22,Wednesday,14,2026-05-13T14:01:00+05:30,2,High,99.0,43,1,In Progress,6.94,0
CL-12052,ANON-0342,canteen queue is very long at 12:00 with one counter open,Canteen,Food,Cafeteria / Canteen,Ground Floor,CL22,Thursday,12,2026-05-13T12:57:00+05:30,2,High,81.0,60,0,Resolved,6.04,0
CL-12053,ANON-0023,classroom door and several chairs need repair on Floor 4 !!!!,Infrastructure,Academic & Teaching,A2/1,Floor 4,CL15,Thursday,9,2026-05-13T09:38:00+05:30,5,Low,100.0,59,0,Open,3.92,0
CL-12054,ANON-0174,food counter is overcrowded between 13:00 and 15:00 please fix urgently beside the canteen queue,Canteen,Food,Annapurna / Main Mess,Floor 1,G2,Monday,13,2026-05-13T13:20:00+05:30,2,High,86.0,44,0,In Progress,5.21,0
CL-12055,ANON-0279,billing queue reaches the stairwell near Cafeteria / Canteen,Canteen,Food,Cafeteria / Canteen,Floor 2,CS1,Thursday,13,2026-05-13T13:05:00+05:30,2,High,84.0,57,0,Escalated,5.99,0
CL-12056,ANON-0176,computer fails to boot during practical class in FF6 beside the canteen queue,Lab Equipment,Labs & Research,CL1,Ground Floor,FF6,Thursday,15,2026-05-13T15:40:00+05:30,1,Critical,42.0,50,0,Resolved,5.72,0
CL-12057,ANON-0486,lights flicker repeatedly inside G2,Electrical,Academic & Teaching,H5 Boys Hostel,Floor 3,G2,Thursday,16,2026-05-13T16:48:00+05:30,2,High,42.0,58,0,Open,5.41,1
CL-12058,ANON-0405,internet disconnects repeatedly during the lecture in G2,Network,Library & Study,LRC,Floor 3,G2,Monday,10,2026-05-13T10:51:00+05:30,2,High,60.0,74,0,Escalated,5.34,0
CL-12059,ANON-0328,spill outside CL15 creates a safety hazard while the wifi is also unstable,Cleanliness,Academic & Teaching,Aryabhatt Bhawan III,Floor 1,CL15,Wednesday,12,2026-05-13T12:21:00+05:30,2,High,61.0,51,1,Resolved,5.48,0
CL-12060,ANON-0001,projector hdmi port is loose in CR425 this happens repeatedly,Infrastructure,Academic & Teaching,A2/2,Floor 1,CR425,Wednesday,14,2026-05-13T14:03:00+05:30,2,High,76.0,62,0,Resolved,4.55,0
CL-12061,ANON-0239,broken writing desk is blocking the aisle in G2 while the wifi is also unstable,Infrastructure,Labs & Research,CL3,Floor 1,G2,Saturday,12,2026-05-13T12:49:00+05:30,1,Critical,97.0,66,0,Verified,5.89,0
CL-12062,ANON-0227,waiting time at Cafeteria / Canteen is more than twenty minutes,Canteen,Food,Cafeteria / Canteen,Floor 2,CR425,Thursday,13,2026-05-13T13:10:00+05:30,2,High,71.0,48,0,In Progress,4.85,0
CL-12063,ANON-0534,very weak wifi signal on Ground Floor of CL3 this happens repeatedly,Network,Labs & Research,CL3,Ground Floor,CL15,Friday,10,2026-05-13T10:13:00+05:30,3,Medium,80.0,77,0,Resolved,4.82,1
CL-12064,ANON-0429,monitor and keyboard are not detected at workstation in CL3,Lab Equipment,Labs & Research,,Floor 4,CL3,Monday,14,2026-05-14T14:48:00+05:30,2,High,98.0,68,1,Resolved,6.76,1
CL-12065,ANON-0143,wifi becomes extremely slow near CL15 between 9:00 and 11:00 near a water cooler,Network,Library & Study,CL3,Ground Floor,CL15,Monday,9,2026-05-14T09:48:00+05:30,5,Low,77.0,73,1,Verified,4.5,1
CL-12066,ANON-0177,very weak wifi signal on Floor 4 of CL3 this happens repeatedly,Network,Academic & Teaching,CL3,Floor 4,CL15,Monday,11,2026-05-14T11:16:00+05:30,3,Medium,55.0,41,1,Resolved,5.86,0
CL-12067,ANON-0258,billing queue reaches the stairwell near Annapurna / Main Mess students cannot continue class and the room is overcrowded,Canteen,Food,Annapurna / Main Mess,Ground Floor,FF6,Monday,14,2026-05-14T14:17:00+05:30,3,Medium,61.0,61,0,Verified,4.84,0
CL-12068,ANON-0379,network authentication fails for students around CL15,Network,Labs & Research,CL15,Floor 1,G2,Saturday,12,2026-05-14T12:20:00+05:30,4,Low,59.0,40,0,Resolved,3.53,1
CL-12069,ANON-0268,wifi becomes extremely slow near CS1 between 11:00 and 13:00,Network,Library & Study,Aryabhatt Bhawan II,Floor 4,CS1,Monday,11,2026-05-14T11:53:00+05:30,3,Medium,88.0,52,1,Resolved,6.03,0
CL-12070,ANON-0153,air conditioner stops cooling after noon on Floor 2,Electrical,Labs & Research,CL22,Floor 2,CL22,Friday,15,2026-05-14T15:59:00+05:30,2,High,24.0,65,0,Escalated,4.85,1
CL-12071,ANON-0497,washroom near FF6 has not been cleaned today,Cleanliness,Hostels,H4 Boys Hostel,Floor 1,FF6,Friday,8,2026-05-14T08:51:00+05:30,3,Medium,79.0,40,0,Verified,4.24,1
CL-12072,ANON-0416,garbage is overflowing in the corridor on Floor 1,Cleanliness,Hostels,Washrooms,Floor 1,CL22,Wednesday,16,2026-05-14T16:15:00+05:30,2,High,33.0,59,1,Verified,5.91,0
CL-12073,ANON-0360,water is leaking into the corridor on Ground Floor,Water,Hostels,Water cooler,Ground Floor,CL22,Saturday,16,2026-05-14T16:14:00+05:30,3,Medium,72.0,75,0,Escalated,4.14,0
CL-12074,ANON-0444,broken writing desk is blocking the aisle in CL22,Cleanliness,Labs & Research,A2/1,Ground Floor,CL22,Tuesday,16,2026-05-14T16:50:00+05:30,4,Low,42.0,23,0,In Progress,2.48,0
CL-12075,ANON-0483,lights flicker repeatedly inside CR425,Electrical,Labs & Research,A2/1,Floor 1,CR425,Tuesday,17,2026-05-14T17:19:00+05:30,3,Medium,79.0,54,0,Open,4.47,1
CL-12076,ANON-0135,monitor and keyboard are not detected at workstation in CS1 after a power interruption,Lab Equipment,Labs & Research,CL3,Floor 1,CS1,Friday,18,2026-05-14T18:39:00+05:30,2,High,24.0,57,0,Resolved,4.07,0
CL-12077,ANON-0186,waiting time at Cafeteria / Canteen is more than twenty minutes,Canteen,Food,Cafeteria / Canteen,Floor 2,FF6,Friday,13,2026-05-14T13:52:00+05:30,3,Medium,75.0,72,1,Escalated,6.76,0
CL-12078,ANON-0201,classroom door and several chairs need repair on Floor 1 this happens repeatedly,Infrastructure,Academic & Teaching,CL3,Floor 1,CL22,Tuesday,8,2026-05-14T08:11:00+05:30,4,Low,60.0,47,0,Open,3.42,0
CL-12079,ANON-0488,low water pressure reported around Girls Hostel students cannot continue class,Water,General & Utilities,Girls Hostel,Floor 3,FF6,Monday,18,2026-05-14T18:32:00+05:30,4,Low,51.0,50,0,Resolved,3.4,1
CL-12080,ANON-0110,very weak wifi signal on Floor 1 of LRC please fix urgently and the room is overcrowded,Network,Library & Study,LRC,Floor 1,CL15,Thursday,11,2026-05-15T11:56:00+05:30,3,Medium,100.0,43,0,Verified,4.75,0
CL-12081,ANON-0192,lights flicker repeatedly inside TS17 please fix urgently,Water,Labs & Research,CL22,Floor 1,TS17,Saturday,8,2026-05-15T08:12:00+05:30,4,Low,59.0,91,0,In Progress,3.73,1
CL-12082,ANON-0459,very weak wifi signal on Floor 2 of LRC !!!!,Network,Library & Study,LRC,Floor 2,CS1,Friday,10,2026-05-15T10:31:00+05:30,4,Low,100.0,63,0,Resolved,5.18,0
CL-12083,ANON-0592,laboratory equipment reports a calibration error in FF6 !!!!,Lab Equipment,Labs & Research,CL3,Floor 3,FF6,Monday,10,2026-05-15T10:01:00+05:30,3,Medium,45.0,42,1,In Progress,4.26,0
CL-12084,ANON-0085,spill outside CR425 creates a safety hazard,Cleanliness,Academic & Teaching,H4 Boys Hostel,Floor 4,CR425,Wednesday,11,2026-05-15T11:20:00+05:30,1,Critical,54.0,54,0,Verified,5.74,0
CL-12085,ANON-0276,internet disconnects repeatedly during the lecture in CL3,Network,Labs & Research,Aryabhatt Bhawan II,Floor 4,CL3,Friday,12,2026-05-15T12:03:00+05:30,2,High,60.0,53,0,In Progress,5.07,1
CL-12086,ANON-0578,billing queue reaches the stairwell near Annapurna / Main Mess,Canteen,Food,Annapurna / Main Mess,Floor 3,FF6,Tuesday,13,2026-05-15T13:24:00+05:30,4,Low,76.0,64,0,Verified,3.42,0
CL-12087,ANON-0387,three lab systems freeze during compilation in TS17,Lab Equipment,Labs & Research,ECE Labs,Floor 2,TS17,Friday,18,2026-05-15T18:43:00+05:30,2,High,99.0,67,0,Resolved,5.67,1
CL-12088,ANON-0382,projector hdmi port is loose in CL3,Infrastructure,Labs & Research,A2/1,Floor 3,CL3,Tuesday,16,2026-05-15T16:07:00+05:30,2,High,45.0,37,1,Verified,6.79,1
CL-12089,ANON-0574,very weak wifi signal on Ground Floor of CL3 please fix urgently,Network,Library & Study,CL3,Ground Floor,CL22,Saturday,9,2026-05-15T09:24:00+05:30,5,Low,62.0,70,1,Verified,3.44,1
CL-12090,ANON-0459,wifi becomes extremely slow near TS17 between 14:00 and 16:00,Network,Library & Study,Aryabhatt Bhawan II,Floor 3,TS17,Monday,14,2026-05-15T14:48:00+05:30,2,High,88.0,26,1,In Progress,7.9,0
CL-12091,ANON-0126,very weak wifi signal on Floor 2 of CL15 and the room is overcrowded,Network,Academic & Teaching,CL15,Floor 2,CL3,Monday,11,2026-05-15T11:04:00+05:30,3,Medium,98.0,55,1,Resolved,7.28,1
CL-12092,ANON-0532,monitor and keyboard are not detected at workstation in CS1,Lab Equipment,Labs & Research,CL1,Floor 3,CS1,Friday,12,2026-05-15T12:06:00+05:30,3,Medium,87.0,67,0,In Progress,6.17,0
CL-12093,ANON-0079,computer fails to boot during practical class in FF6 please fix urgently,Lab Equipment,Labs & Research,CL15,Floor 1,FF6,Thursday,16,2026-05-15T16:00:00+05:30,3,Medium,97.0,53,1,In Progress,6.95,1
CL-12094,ANON-0052,air conditioner stops cooling after noon on Ground Floor,Electrical,Labs & Research,A2/1,Ground Floor,CR425,Saturday,12,2026-05-15T12:08:00+05:30,4,Low,54.0,61,0,Resolved,2.42,1
CL-12095,ANON-0019,network authentication fails for students around LRC,Network,Library & Study,LRC,Floor 2,CL15,Monday,12,2026-05-15T12:47:00+05:30,2,High,82.0,65,0,Verified,4.87,0
CL-12096,ANON-0230,lights flicker repeatedly inside TS17 please fix urgently,Electrical,Labs & Research,CL22,Floor 1,TS17,Tuesday,12,2026-05-16T12:30:00+05:30,5,Low,62.0,51,0,Open,3.4,1
CL-12097,ANON-0433,canteen queue is very long at 13:00 with one counter open,Canteen,Food,Annapurna / Main Mess,Floor 3,G2,Monday,13,2026-05-16T13:40:00+05:30,1,Critical,95.0,56,0,In Progress,7.01,1
CL-12098,ANON-0534,internet disconnects repeatedly during the lecture in CL22 this happens repeatedly,Network,Library & Study,CL3,Ground Floor,CL22,Thursday,10,2026-05-16T10:39:00+05:30,3,Medium,100.0,37,1,Verified,6.61,0
CL-12099,ANON-0020,garbage is overflowing in the corridor on Floor 2 while the wifi is also unstable,Cleanliness,Academic & Teaching,H4 Boys Hostel,Floor 2,CS1,Saturday,15,2026-05-16T15:14:00+05:30,2,High,58.0,63,0,Resolved,5.18,0
CL-12100,ANON-0014,wifi becomes extremely slow near FF6 between 10:00 and 12:00,Network,Labs & Research,CL15,Floor 4,FF6,Friday,10,2026-05-16T10:24:00+05:30,3,Medium,84.0,61,1,Resolved,5.51,0
CL-12101,ANON-0509,broken writing desk is blocking the aisle in TS17,Infrastructure,Labs & Research,CL3,Floor 2,TS17,Monday,9,2026-05-16T09:21:00+05:30,3,Medium,75.0,77,1,Open,5.08,1
CL-12102,ANON-0445,projector in CR425 switches off after ten minutes,Infrastructure,Academic & Teaching,A2/2,Floor 2,CR425,Wednesday,18,2026-05-16T18:36:00+05:30,2,High,51.0,69,0,Verified,4.87,0
CL-12103,ANON-0292,projector hdmi port is loose in FF6,Infrastructure,Academic & Teaching,CL3,Floor 4,FF6,Monday,8,2026-05-16T08:05:00+05:30,3,Medium,62.0,47,0,In Progress,5.17,0
CL-12104,ANON-0046,laboratory equipment reports a calibration error in CL15,Infrastructure,Labs & Research,CL1,Floor 4,CL15,Monday,15,2026-05-16T15:38:00+05:30,2,High,68.0,81,1,Open,6.23,1
CL-12105,ANON-0523,signage is missing for G2 on Floor 2 students cannot continue class after a power interruption,Other,Administration,Administration Block,Floor 2,G2,Saturday,8,2026-05-16T08:50:00+05:30,1,Critical,80.0,79,1,Resolved,7.3,0
CL-12106,ANON-0533,power socket near the desk is unsafe in CR425 this happens repeatedly after a power interruption,Electrical,Labs & Research,,Floor 4,CR425,Friday,18,2026-05-16T18:45:00+05:30,2,High,5.0,55,0,In Progress,4.37,1
CL-12107,ANON-0374,classroom door and several chairs need repair on Ground Floor,Infrastructure,Labs & Research,A2/1,Ground Floor,TS17,Tuesday,18,2026-05-16T18:34:00+05:30,4,Low,20.0,64,1,Resolved,4.76,1
CL-12108,ANON-0366,broken writing desk is blocking the aisle in CR425,Infrastructure,Academic & Teaching,CL3,Ground Floor,CR425,Friday,15,2026-05-16T15:52:00+05:30,3,Medium,69.0,57,1,In Progress,5.53,1
CL-12109,ANON-0403,broken writing desk is blocking the aisle in TS17,Infrastructure,Academic & Teaching,A2/1,Floor 4,TS17,Friday,8,2026-05-16T08:20:00+05:30,1,Critical,73.0,66,1,Verified,7.22,0
CL-12110,ANON-0245,waiting time at Cafeteria / Canteen is more than twenty minutes near a water cooler,Canteen,Food,Cafeteria / Canteen,Floor 3,G2,Saturday,13,2026-05-16T13:26:00+05:30,4,Low,73.0,21,0,Open,4.13,1
CL-12111,ANON-0383,wifi becomes extremely slow near G2 between 11:00 and 13:00 students cannot continue class,Lab Equipment,Labs & Research,CL15,Floor 2,G2,Thursday,11,2026-05-16T11:41:00+05:30,4,Low,81.0,56,1,Resolved,5.36,0
CL-12112,ANON-0359,canteen queue is very long at 14:00 with one counter open,Canteen,Food,Cafeteria / Canteen,Floor 3,CL22,Tuesday,14,2026-05-17T14:43:00+05:30,3,Medium,74.0,74,0,Open,5.21,1
CL-12113,ANON-0011,laboratory equipment reports a calibration error in CS1,Lab Equipment,Labs & Research,CL3,Floor 4,CS1,Friday,18,2026-05-17T18:37:00+05:30,2,High,51.0,65,0,Open,3.57,0
CL-12114,ANON-0230,wifi becomes extremely slow near CL3 between 10:00 and 12:00,Network,Library & Study,Aryabhatt Bhawan II,Floor 3,CL3,Friday,10,2026-05-17T10:08:00+05:30,1,Critical,81.0,71,1,Resolved,6.92,1
CL-12115,ANON-0145,projector hdmi port is loose in CR425 near a water cooler,Infrastructure,Labs & Research,A2/1,Ground Floor,CR425,Thursday,18,2026-05-17T18:27:00+05:30,2,High,39.0,41,0,Open,5.12,0
CL-12116,ANON-0508,broken writing desk is blocking the aisle in G2 while the wifi is also unstable,Infrastructure,Labs & Research,CL3,Ground Floor,G2,Monday,11,2026-05-17T11:51:00+05:30,2,High,83.0,64,0,Verified,6.81,0
CL-12117,ANON-0030,wifi becomes extremely slow near CS1 between 10:00 and 12:00 after a power interruption,Network,Labs & Research,LRC,Ground Floor,CS1,Monday,10,2026-05-17T10:05:00+05:30,2,High,73.0,43,1,Resolved,6.6,0
CL-12118,ANON-0329,broken writing desk is blocking the aisle in CL15 and the room is overcrowded,Infrastructure,Academic & Teaching,Aryabhatt Bhawan II,Floor 1,CL15,Friday,12,2026-05-17T12:12:00+05:30,2,High,39.0,58,0,Resolved,3.5,0
CL-12119,ANON-0182,canteen queue is very long at 12:00 with one counter open please fix urgently,Canteen,Food,Annapurna / Main Mess,Floor 3,CL15,Friday,12,2026-05-17T12:07:00+05:30,1,Critical,90.0,62,0,Resolved,6.08,1
CL-12120,ANON-0258,billing queue reaches the stairwell near Annapurna / Main Mess !!!! beside the canteen queue,Network,Food,Annapurna / Main Mess,Ground Floor,CS1,Friday,13,2026-05-17T13:07:00+05:30,2,High,79.0,86,0,Open,5.68,0
CL-12121,ANON-0283,classroom door and several chairs need repair on Floor 2 beside the canteen queue,Infrastructure,Academic & Teaching,Aryabhatt Bhawan II,Floor 2,CR425,Monday,13,2026-05-17T13:36:00+05:30,2,High,93.0,45,1,Resolved,6.9,0
CL-12122,ANON-0556,internet disconnects repeatedly during the lecture in CL22 and the room is overcrowded,Network,Labs & Research,CL15,Floor 1,CL22,Monday,14,2026-05-17T14:10:00+05:30,5,Low,73.0,35,0,Resolved,2.76,1
CL-12123,ANON-0486,spill outside CL3 creates a safety hazard,Cleanliness,Hostels,Washrooms,Floor 2,CL3,Friday,17,2026-05-17T17:47:00+05:30,2,High,48.0,52,0,Resolved,5.38,1
CL-12124,ANON-0469,wifi becomes extremely slow near CL3 between 11:00 and 13:00,Network,Library & Study,Aryabhatt Bhawan II,Floor 3,CL3,Tuesday,11,2026-05-17T11:21:00+05:30,1,Critical,66.0,35,0,Open,6.21,0
CL-12125,ANON-0563,broken writing desk is blocking the aisle in G2,Infrastructure,Academic & Teaching,A2/1,Floor 3,G2,Tuesday,16,2026-05-17T16:18:00+05:30,1,Critical,69.0,58,0,Open,5.59,1
CL-12126,ANON-0261,internet disconnects repeatedly during the lecture in FF6,Network,Library & Study,LRC,Floor 1,FF6,Thursday,11,2026-05-17T11:58:00+05:30,1,Critical,68.0,72,1,Verified,6.19,0
CL-12127,ANON-0373,spill outside CL15 creates a safety hazard,Cleanliness,General & Utilities,Aryabhatt Bhawan III,Floor 3,CL15,Saturday,10,2026-05-17T10:55:00+05:30,4,Low,61.0,40,1,In Progress,3.55,0
CL-12128,ANON-0004,laboratory equipment reports a calibration error in CL3,Lab Equipment,Labs & Research,ECE Labs,Ground Floor,CL3,Tuesday,10,2026-05-18T10:49:00+05:30,1,Critical,53.0,65,1,Resolved,7.07,0
CL-12129,ANON-0136,wifi becomes extremely slow near CL15 between 9:00 and 11:00 please fix urgently beside the canteen queue,Network,Labs & Research,CL15,Floor 1,CL15,Friday,9,2026-05-18T09:49:00+05:30,3,Medium,57.0,70,0,In Progress,5.11,1
CL-12130,ANON-0136,internet disconnects repeatedly during the lecture in TS17 and the room is overcrowded,Network,Academic & Teaching,CL3,Floor 2,TS17,Thursday,14,2026-05-18T14:54:00+05:30,1,Critical,54.0,63,1,Resolved,6.4,0
CL-12131,ANON-0220,washroom near CL3 has not been cleaned today near a water cooler,Cleanliness,General & Utilities,Aryabhatt Bhawan III,Ground Floor,CL3,Tuesday,13,2026-05-18T13:04:00+05:30,3,Medium,72.0,68,0,Escalated,4.31,1
CL-12132,ANON-0242,classroom door and several chairs need repair on Ground Floor near a water cooler,Infrastructure,Labs & Research,A2/1,Ground Floor,TS17,Friday,15,2026-05-18T15:13:00+05:30,1,Critical,,56,1,Verified,6.49,0
CL-12133,ANON-0015,WIFI BECOMES EXTREMELY SLOW NEAR CS1 BETWEEN 9:00 AND 11:00   !!!,Network,Library & Study,LRC,Ground Floor,CS1,Monday,9,2026-05-18T09:07:00+05:30,4,Low,58.0,62,1,In Progress,4.21,1
CL-12134,ANON-0547,waiting time at Annapurna / Main Mess is more than twenty minutes,Canteen,Food,Annapurna / Main Mess,Ground Floor,CS1,Friday,13,2026-05-18T13:55:00+05:30,3,Medium,98.0,45,1,Verified,6.24,0
CL-12135,ANON-0008,projector in CR425 switches off after ten minutes,Infrastructure,Academic & Teaching,CL3,Ground Floor,CR425,Wednesday,8,2026-05-18T08:13:00+05:30,2,High,47.0,64,0,In Progress,5.56,0
CL-12136,ANON-0074,internet disconnects repeatedly during the lecture in G2 after a power interruption,Network,Library & Study,CL15,Ground Floor,G2,Wednesday,10,2026-05-18T10:45:00+05:30,4,Low,98.0,20,0,Resolved,3.37,0
CL-12137,ANON-0474,projector in G2 switches off after ten minutes this happens repeatedly,Infrastructure,Labs & Research,A2/1,Floor 3,G2,Wednesday,10,2026-05-18T10:25:00+05:30,2,High,71.0,47,0,Resolved,4.66,1
CL-12138,ANON-0190,spill outside CL22 creates a safety hazard,Cleanliness,Hostels,Washrooms,Floor 4,CL22,Tuesday,15,2026-05-18T15:22:00+05:30,3,Medium,39.0,70,0,Open,3.7,1
CL-12139,ANON-0393,monitor and keyboard are not detected at workstation in CL3 and the room is overcrowded,Lab Equipment,Labs & Research,CL3,Ground Floor,CL3,Thursday,15,2026-05-18T15:39:00+05:30,2,High,73.0,52,0,Open,5.53,0
CL-12140,ANON-0446,internet disconnects repeatedly during the lecture in CL15,Network,Academic & Teaching,Aryabhatt Bhawan II,Ground Floor,CL15,Wednesday,14,2026-05-18T14:29:00+05:30,2,High,94.0,74,1,Resolved,6.86,0
CL-12141,ANON-0165,projector hdmi port is loose in CL22,Infrastructure,Academic & Teaching,Aryabhatt Bhawan II,Floor 4,CL22,Friday,18,2026-05-18T18:25:00+05:30,4,Low,44.0,29,0,Verified,3.12,1
CL-12142,ANON-0414,very weak wifi signal on Ground Floor of Aryabhatt Bhawan II !!!!,Lab Equipment,Labs & Research,Aryabhatt Bhawan II,Ground Floor,TS17,Wednesday,14,2026-05-18T14:06:00+05:30,2,High,66.0,71,0,In Progress,5.23,0
CL-12143,ANON-0395,laboratory equipment reports a calibration error in G2,Lab Equipment,Labs & Research,CL3,Floor 1,G2,Monday,9,2026-05-18T09:54:00+05:30,1,Critical,82.0,96,1,Open,7.35,1
CL-12144,ANON-0576,lights flicker repeatedly inside FF6,Electrical,Academic & Teaching,H5 Boys Hostel,Floor 3,FF6,Wednesday,18,2026-05-19T18:31:00+05:30,3,Medium,35.0,76,0,Verified,3.78,0
CL-12145,ANON-0210,water is leaking into the corridor on Floor 4 near a water cooler,Water,Hostels,Swimming Pool,Floor 4,CL3,Friday,16,2026-05-19T16:27:00+05:30,4,Low,62.0,86,0,Resolved,2.86,0
CL-12146,ANON-0528,classroom door and several chairs need repair on Floor 1 students cannot continue class,Infrastructure,Academic & Teaching,A2/1,Floor 1,CR425,Thursday,8,2026-05-19T08:59:00+05:30,4,Low,38.0,42,0,Verified,2.12,1
CL-12147,ANON-0574,three lab systems freeze during compilation in CR425 please fix urgently,Lab Equipment,Labs & Research,CL15,Floor 1,CR425,Tuesday,11,2026-05-19T11:26:00+05:30,2,High,42.0,96,0,In Progress,5.4,1
CL-12148,ANON-0453,very weak wifi signal on Floor 4 of CL15,Network,Academic & Teaching,CL15,Floor 4,CS1,Thursday,14,2026-05-19T14:33:00+05:30,2,High,96.0,67,0,Resolved,6.35,0
CL-12149,ANON-0491,network authentication fails for students around LRC !!!! while the wifi is also unstable,Network,Library & Study,LRC,Floor 4,CL15,Thursday,9,2026-05-19T09:43:00+05:30,3,Medium,66.0,78,1,Resolved,6.09,0
CL-12150,ANON-0365,water is leaking into the corridor on Floor 4,Water,General & Utilities,Water cooler,Floor 4,CR425,Tuesday,11,2026-05-19T11:40:00+05:30,3,Medium,56.0,70,1,Open,5.74,0
CL-12151,ANON-0268,monitor and keyboard are not detected at workstation in CL15 this happens repeatedly,Lab Equipment,Labs & Research,CL22,Ground Floor,CL15,Wednesday,13,2026-05-19T13:15:00+05:30,2,High,52.0,60,0,Open,4.15,1
CL-12152,ANON-0209,power socket near the desk is unsafe in G2,Electrical,Hostels,H5 Boys Hostel,Floor 1,G2,Tuesday,17,2026-05-19T17:06:00+05:30,3,Medium,78.0,62,0,Escalated,5.24,0
CL-12153,ANON-0276,student common area is overcrowded after 11:00 this happens repeatedly,Other,General & Utilities,Parking,Floor 4,CL15,Monday,11,2026-05-19T11:37:00+05:30,1,Critical,26.0,50,1,Escalated,5.57,0
CL-12154,ANON-0530,water point near Girls Hostel is not operational this happens repeatedly,Water,General & Utilities,Girls Hostel,Floor 4,CL22,Monday,18,2026-05-19T18:55:00+05:30,3,Medium,80.0,54,0,Open,5.12,0
CL-12155,ANON-0563,classroom door and several chairs need repair on Floor 3,Infrastructure,Labs & Research,A2/2,Floor 3,FF6,Thursday,14,2026-05-19T14:51:00+05:30,4,Low,42.0,63,0,Resolved,3.42,1
CL-12156,ANON-0492,waiting time at Cafeteria / Canteen is more than twenty minutes,Canteen,Food,Cafeteria / Canteen,Floor 2,CL15,Friday,13,2026-05-19T13:33:00+05:30,4,Low,,45,0,Resolved,4.76,0
CL-12157,ANON-0526,low water pressure reported around Swimming Pool,Water,Sports & Recreation,Swimming Pool,Floor 4,CL3,Monday,13,2026-05-19T13:10:00+05:30,4,Low,54.0,35,0,In Progress,2.51,0
CL-12158,ANON-0475,network authentication fails for students around Aryabhatt Bhawan II near a water cooler,Network,Academic & Teaching,Aryabhatt Bhawan II,Ground Floor,CR425,Wednesday,10,2026-05-19T10:44:00+05:30,2,High,82.0,66,1,Resolved,5.63,0
CL-12159,ANON-0280,classroom door and several chairs need repair on Floor 3,Infrastructure,Labs & Research,A2/1,Floor 3,CS1,Saturday,17,2026-05-19T17:31:00+05:30,2,High,76.0,57,0,In Progress,4.23,1
CL-12160,ANON-0146,canteen queue is very long at 13:00 with one counter open,Canteen,Food,Annapurna / Main Mess,Floor 4,CL22,Monday,13,2026-05-20T13:15:00+05:30,4,Low,80.0,51,0,Resolved,4.11,0
CL-12161,ANON-0041,network authentication fails for students around LRC,Network,Academic & Teaching,LRC,Ground Floor,CL3,Thursday,11,2026-05-20T11:29:00+05:30,3,Medium,42.0,56,0,Resolved,3.27,0
CL-12162,ANON-0463,projector hdmi port is loose in FF6,Cleanliness,Labs & Research,CL3,Floor 4,FF6,Saturday,8,2026-05-20T08:46:00+05:30,2,High,31.0,44,1,Resolved,4.0,1
CL-12163,ANON-0264,internet disconnects repeatedly during the lecture in CL15,Network,Academic & Teaching,LRC,Floor 1,CL15,Wednesday,10,2026-05-20T10:43:00+05:30,2,High,81.0,55,0,Open,4.31,1
CL-12164,ANON-0230,canteen queue is very long at 14:00 with one counter open,Canteen,Food,Cafeteria / Canteen,Floor 2,CS1,Saturday,14,2026-05-20T14:42:00+05:30,1,Critical,58.0,70,0,In Progress,5.82,0
CL-12165,ANON-0158,broken writing desk is blocking the aisle in G2 beside the canteen queue,Infrastructure,Academic & Teaching,Aryabhatt Bhawan II,Ground Floor,G2,Saturday,10,2026-05-20T10:44:00+05:30,2,High,28.0,70,1,Open,5.8,1
CL-12166,ANON-0397,canteen queue is very long at 13:00 with one counter open,Canteen,Food,Cafeteria / Canteen,Floor 4,CL22,Monday,13,2026-05-20T13:39:00+05:30,1,Critical,66.0,62,0,Resolved,6.88,0
CL-12167,ANON-0178,food counter is overcrowded between 13:00 and 15:00,Canteen,Food,Cafeteria / Canteen,Ground Floor,G2,Thursday,13,2026-05-20T13:10:00+05:30,4,Low,89.0,66,0,Escalated,3.87,0
CL-12168,ANON-0222,broken writing desk is blocking the aisle in CR425,Infrastructure,Academic & Teaching,Aryabhatt Bhawan II,Ground Floor,CR425,Saturday,8,2026-05-20T08:09:00+05:30,4,Low,74.0,51,1,Verified,5.77,0
CL-12169,ANON-0141,waiting time at Cafeteria / Canteen is more than twenty minutes,Network,Food,Cafeteria / Canteen,Floor 1,CR425,Thursday,14,2026-05-20T14:34:00+05:30,3,Medium,78.0,42,1,Open,5.77,0
CL-12170,ANON-0214,classroom door and several chairs need repair on Ground Floor while the wifi is also unstable,Infrastructure,Academic & Teaching,A2/1,Ground Floor,G2,Tuesday,12,2026-05-20T12:18:00+05:30,1,Critical,32.0,61,0,In Progress,5.24,0
CL-12171,ANON-0291,very weak wifi signal on Floor 3 of CL15 please fix urgently,Network,Academic & Teaching,CL15,Floor 3,CS1,Thursday,9,2026-05-20T09:43:00+05:30,2,High,91.0,57,0,Resolved,5.3,0
CL-12172,ANON-0225,water point near Swimming Pool is not operational,Water,Sports & Recreation,Swimming Pool,Floor 1,CS1,Saturday,16,2026-05-20T16:13:00+05:30,2,High,62.0,36,0,Resolved,3.84,0
CL-12173,ANON-0389,monitor and keyboard are not detected at workstation in TS17,Lab Equipment,Labs & Research,CL15,Floor 2,TS17,Saturday,16,2026-05-20T16:09:00+05:30,1,Critical,52.0,68,1,Open,7.64,1
CL-12174,ANON-0031,lights flicker repeatedly inside CL15 please fix urgently after a power interruption,Electrical,Academic & Teaching,H5 Boys Hostel,Floor 3,CL15,Monday,13,2026-05-20T13:56:00+05:30,2,High,78.0,84,0,In Progress,5.4,1
CL-12175,ANON-0467,garbage is overflowing in the corridor on Floor 2,Cleanliness,Hostels,Aryabhatt Bhawan III,Floor 2,CS1,Wednesday,15,2026-05-20T15:33:00+05:30,2,High,76.0,51,1,Escalated,6.79,1
CL-12176,ANON-0113,projector hdmi port is loose in FF6,Infrastructure,Labs & Research,Aryabhatt Bhawan II,Floor 1,FF6,Thursday,10,2026-05-21T10:01:00+05:30,1,Critical,46.0,54,0,Open,5.24,0
CL-12177,ANON-0136,spill outside CL3 creates a safety hazard this happens repeatedly,Cleanliness,Academic & Teaching,Aryabhatt Bhawan III,Ground Floor,CL3,Wednesday,13,2026-05-21T13:28:00+05:30,1,Critical,35.0,42,0,Open,4.89,0
CL-12178,ANON-0260,waiting time at Annapurna / Main Mess is more than twenty minutes,Canteen,Food,Annapurna / Main Mess,Floor 4,CR425,Friday,13,2026-05-21T13:16:00+05:30,2,High,100.0,56,0,Resolved,4.47,0
CL-12179,ANON-0438,monitor and keyboard are not detected at workstation in CS1,Lab Equipment,Labs & Research,ECE Labs,Floor 1,CS1,Friday,13,2026-05-21T13:26:00+05:30,1,Critical,19.0,58,0,Resolved,5.59,1
CL-12180,ANON-0380,air conditioner stops cooling after noon on Floor 1 near a water cooler,Electrical,Labs & Research,CL22,Floor 1,CL3,Monday,11,2026-05-21T11:31:00+05:30,1,Critical,80.0,70,0,Verified,5.92,0
CL-12181,ANON-0413,projector hdmi port is loose in CL15 please fix urgently,Infrastructure,Academic & Teaching,A2/2,Floor 2,CL15,Tuesday,16,2026-05-21T16:47:00+05:30,4,Low,27.0,21,0,Open,2.93,0
CL-12182,ANON-0010,unclassified campus issue reported around Auditorium near a water cooler,Other,Administration,Auditorium,Ground Floor,CL22,Thursday,8,2026-05-21T08:53:00+05:30,2,High,56.0,51,0,Resolved,4.44,1
CL-12183,ANON-0158,waiting time at Cafeteria / Canteen is more than twenty minutes students cannot continue class,Canteen,Food,Cafeteria / Canteen,Ground Floor,CR425,Monday,13,2026-05-21T13:06:00+05:30,1,Critical,70.0,57,0,Resolved,7.04,0
CL-12184,ANON-0180,parking congestion blocks the entrance near Auditorium please fix urgently,Other,Administration,Auditorium,Floor 4,CL15,Tuesday,13,2026-05-21T13:30:00+05:30,3,Medium,83.0,49,0,In Progress,4.19,0
CL-12185,ANON-0119,wifi becomes extremely slow near CS1 between 14:00 and 16:00,Lab Equipment,Library & Study,CL15,Floor 3,CS1,Thursday,14,2026-05-21T14:49:00+05:30,2,High,74.0,41,0,In Progress,6.47,0
CL-12186,ANON-0168,power socket near the desk is unsafe in TS17,Electrical,Academic & Teaching,CL22,Floor 4,TS17,Monday,16,2026-05-21T16:26:00+05:30,2,High,33.0,79,0,Resolved,3.59,1
CL-12187,ANON-0484,lights flicker repeatedly inside CL3,Electrical,Academic & Teaching,A2/1,Floor 3,CL3,Friday,15,2026-05-21T15:36:00+05:30,2,High,,62,0,Resolved,4.33,0
CL-12188,ANON-0042,network authentication fails for students around CL15,Network,Academic & Teaching,CL15,Floor 3,CL15,Saturday,11,2026-05-21T11:03:00+05:30,5,Low,53.0,43,1,In Progress,3.41,0
CL-12189,ANON-0600,wifi becomes extremely slow near CR425 between 9:00 and 11:00,Network,Academic & Teaching,LRC,Ground Floor,CR425,Monday,9,2026-05-21T09:56:00+05:30,4,Low,93.0,68,0,Open,4.62,1
CL-12190,ANON-0153,wifi becomes extremely slow near FF6 between 14:00 and 16:00,Network,Library & Study,CL15,Ground Floor,FF6,Wednesday,14,2026-05-21T14:50:00+05:30,2,High,100.0,82,0,Verified,5.56,1
CL-12191,ANON-0346,canteen queue is very long at 12:00 with one counter open,Canteen,Food,Annapurna / Main Mess,Floor 4,CS1,Tuesday,12,2026-05-21T12:15:00+05:30,3,Medium,83.0,51,0,Open,5.13,1
CL-12192,ANON-0377,garbage is overflowing in the corridor on Floor 2,Cleanliness,General & Utilities,H4 Boys Hostel,Floor 2,TS17,Friday,16,2026-05-22T16:01:00+05:30,4,Low,39.0,36,0,Verified,2.51,0
CL-12193,ANON-0016,projector in CR425 switches off after ten minutes after a power interruption,Infrastructure,Academic & Teaching,A2/2,Floor 1,CR425,Monday,17,2026-05-22T17:36:00+05:30,1,Critical,52.0,59,0,Resolved,6.2,0
CL-12194,ANON-0300,projector in FF6 switches off after ten minutes,Infrastructure,Labs & Research,Aryabhatt Bhawan II,Floor 2,FF6,Tuesday,15,2026-05-22T15:01:00+05:30,2,High,26.0,45,0,Resolved,5.2,1
CL-12195,ANON-0068,unclassified campus issue reported around Administration Block,Other,Administration,Administration Block,Floor 1,CL15,Saturday,12,2026-05-22T12:35:00+05:30,5,Low,73.0,53,1,Verified,4.76,0
CL-12196,ANON-0104,projector hdmi port is loose in CL3,Infrastructure,Labs & Research,A2/1,Floor 3,CL3,Wednesday,18,2026-05-22T18:41:00+05:30,3,Medium,45.0,53,0,Verified,4.56,0
CL-12197,ANON-0299,broken writing desk is blocking the aisle in CL3,Infrastructure,Labs & Research,A2/2,Floor 2,CL3,Friday,15,2026-05-22T15:36:00+05:30,1,Critical,58.0,66,0,Resolved,6.46,0
CL-12198,ANON-0261,projector hdmi port is loose in CL22,Infrastructure,Labs & Research,Aryabhatt Bhawan II,Floor 2,CL22,Wednesday,17,2026-05-22T17:45:00+05:30,5,Low,63.0,45,0,Escalated,3.2,1
CL-12199,ANON-0257,network authentication fails for students around LRC,Network,Labs & Research,LRC,Floor 1,CL22,Thursday,14,2026-05-22T14:31:00+05:30,1,Critical,59.0,72,0,In Progress,5.51,0
CL-12200,ANON-0513,wifi becomes extremely slow near TS17 between 10:00 and 12:00,Network,Library & Study,Aryabhatt Bhawan II,Floor 1,TS17,Saturday,10,2026-05-22T10:00:00+05:30,2,High,73.0,57,0,Open,4.95,1
CL-12201,ANON-0266,classroom door and several chairs need repair on Floor 3 while the wifi is also unstable,Infrastructure,Labs & Research,A2/1,Floor 3,TS17,Friday,18,2026-05-22T18:26:00+05:30,2,High,45.0,60,1,Open,6.21,0
CL-12202,ANON-0077,classroom door and several chairs need repair on Floor 3,Infrastructure,Academic & Teaching,A2/1,Floor 3,CL3,Wednesday,9,2026-05-22T09:01:00+05:30,2,High,44.0,64,1,In Progress,5.84,1
CL-12203,ANON-0232,projector in CR425 switches off after ten minutes near a water cooler,Infrastructure,Labs & Research,CL3,Floor 2,CR425,Saturday,13,2026-05-22T13:26:00+05:30,1,Critical,30.0,63,0,Verified,6.03,0
CL-12204,ANON-0449,computer fails to boot during practical class in CL15 !!!!,Lab Equipment,Labs & Research,CL1,Floor 4,CL15,Monday,17,2026-05-22T17:53:00+05:30,4,Low,51.0,51,0,Resolved,3.12,1
CL-12205,ANON-0055,broken writing desk is blocking the aisle in FF6,Infrastructure,Labs & Research,CL3,Ground Floor,FF6,Tuesday,8,2026-05-22T08:28:00+05:30,5,Low,31.0,51,0,Verified,3.13,0
CL-12206,ANON-0166,monitor and keyboard are not detected at workstation in TS17,Lab Equipment,Labs & Research,CL15,Floor 1,TS17,Friday,16,2026-05-22T16:24:00+05:30,1,Critical,45.0,93,0,Escalated,6.7,0
CL-12207,ANON-0345,food counter is overcrowded between 14:00 and 16:00 beside the canteen queue,Canteen,Food,Annapurna / Main Mess,Floor 3,FF6,Saturday,14,2026-05-22T14:15:00+05:30,1,Critical,95.0,62,0,In Progress,5.89,0
CL-12208,ANON-0120,network authentication fails for students around CL15,Network,Academic & Teaching,CL15,Floor 3,G2,Wednesday,14,2026-05-23T14:48:00+05:30,5,Low,80.0,80,1,Verified,3.97,0
CL-12209,ANON-0187,air conditioner stops cooling after noon on Ground Floor this happens repeatedly,Electrical,Labs & Research,CL22,Ground Floor,CL22,Wednesday,18,2026-05-23T18:31:00+05:30,1,Critical,79.0,65,0,Open,6.01,1
CL-12210,ANON-0031,internet disconnects repeatedly during the lecture in FF6 near a water cooler,Network,Library & Study,LRC,Floor 1,FF6,Friday,11,2026-05-23T11:56:00+05:30,4,Low,66.0,37,1,Verified,4.15,1
CL-12211,ANON-0447,projector hdmi port is loose in FF6,Infrastructure,Academic & Teaching,Aryabhatt Bhawan II,Floor 2,FF6,Tuesday,13,2026-05-23T13:50:00+05:30,2,High,74.0,23,0,Verified,5.9,0
CL-12212,ANON-0493,waiting time at Cafeteria / Canteen is more than twenty minutes,Canteen,Food,Cafeteria / Canteen,Floor 2,CL22,Friday,14,2026-05-23T14:02:00+05:30,3,Medium,96.0,60,0,Open,5.03,1
CL-12213,ANON-0366,classroom door and several chairs need repair on Ground Floor,Infrastructure,Labs & Research,A2/2,Ground Floor,TS17,Tuesday,16,2026-05-23T16:58:00+05:30,2,High,51.0,54,0,Open,5.33,0
CL-12214,ANON-0043,billing queue reaches the stairwell near Cafeteria / Canteen please fix urgently,Canteen,Food,Cafeteria / Canteen,Ground Floor,FF6,Wednesday,14,2026-05-23T14:52:00+05:30,2,High,86.0,63,0,Verified,5.17,1
CL-12215,ANON-0571,water point near Water cooler is not operational,Lab Equipment,Hostels,Water cooler,Floor 3,CR425,Monday,16,2026-05-23T16:30:00+05:30,2,High,53.0,49,0,Resolved,5.04,0
CL-12216,ANON-0345,water is leaking into the corridor on Floor 1,Water,General & Utilities,Girls Hostel,Floor 1,CL22,Monday,12,2026-05-23T12:31:00+05:30,4,Low,15.0,58,0,Resolved,2.69,0
CL-12217,ANON-0012,food counter is overcrowded between 13:00 and 15:00,Canteen,Food,Cafeteria / Canteen,Floor 1,CL3,Friday,13,2026-05-23T13:33:00+05:30,2,High,100.0,54,0,Open,5.16,1
CL-12218,ANON-0129,canteen queue is very long at 13:00 with one counter open this happens repeatedly,Canteen,Food,Cafeteria / Canteen,Floor 2,CL15,Tuesday,13,2026-05-23T13:14:00+05:30,1,Critical,71.0,88,0,In Progress,5.03,0
CL-12219,ANON-0419,projector in CL15 switches off after ten minutes,Infrastructure,Labs & Research,CL3,Floor 3,CL15,Thursday,12,2026-05-23T12:00:00+05:30,4,Low,58.0,43,0,Open,3.96,0
CL-12220,ANON-0115,canteen queue is very long at 13:00 with one counter open,Canteen,Food,Annapurna / Main Mess,Floor 3,CL22,Wednesday,13,2026-05-23T13:08:00+05:30,3,Medium,89.0,43,0,Open,4.34,0
CL-12221,ANON-0216,spill outside CL3 creates a safety hazard,Infrastructure,Hostels,Washrooms,Floor 4,CL3,Saturday,16,2026-05-23T16:11:00+05:30,1,Critical,63.0,54,0,Verified,5.54,0
CL-12222,ANON-0470,internet disconnects repeatedly during the lecture in CS1,Cleanliness,Library & Study,CL15,Floor 4,CS1,Saturday,10,2026-05-23T10:24:00+05:30,2,High,57.0,87,1,Verified,6.04,0
CL-12223,ANON-0529,wifi becomes extremely slow near CR425 between 14:00 and 16:00,Network,Library & Study,CL15,Floor 3,CR425,Friday,14,2026-05-23T14:22:00+05:30,4,Low,96.0,32,1,Open,5.11,0
CL-12224,ANON-0047,broken writing desk is blocking the aisle in CL15,Infrastructure,Labs & Research,Aryabhatt Bhawan II,Ground Floor,CL15,Saturday,11,2026-05-24T11:28:00+05:30,1,Critical,55.0,41,0,Resolved,5.52,1
CL-12225,ANON-0484,internet disconnects repeatedly during the lecture in CL3 beside the canteen queue,Network,Library & Study,CL15,Floor 2,CL3,Monday,12,2026-05-24T12:37:00+05:30,5,Low,80.0,70,0,In Progress,3.4,0
CL-12226,ANON-0597,computer fails to boot during practical class in CL15,Lab Equipment,Labs & Research,CL15,Floor 4,CL15,Wednesday,16,2026-05-24T16:10:00+05:30,1,Critical,60.0,38,1,In Progress,6.74,1
CL-12227,ANON-0107,internet disconnects repeatedly during the lecture in FF6,Network,Library & Study,CL15,Ground Floor,FF6,Friday,10,2026-05-24T10:14:00+05:30,1,Critical,69.0,75,0,Open,5.07,0
CL-12228,ANON-0360,wifi becomes extremely slow near CL3 between 10:00 and 12:00,Network,Labs & Research,Aryabhatt Bhawan II,Floor 1,CL3,Monday,10,2026-05-24T10:07:00+05:30,2,High,100.0,31,0,In Progress,6.64,1
CL-12229,ANON-0584,computer fails to boot during practical class in FF6,Lab Equipment,Labs & Research,CL15,Floor 3,FF6,Monday,13,2026-05-24T13:43:00+05:30,2,High,78.0,59,0,Open,4.38,0
CL-12230,ANON-0310,broken writing desk is blocking the aisle in FF6 and the room is overcrowded,Infrastructure,Labs & Research,A2/2,Ground Floor,FF6,Wednesday,17,2026-05-24T17:37:00+05:30,2,High,31.0,58,0,Resolved,4.04,0
CL-12231,ANON-0140,lights flicker repeatedly inside CR425,Electrical,Hostels,A2/1,Floor 4,CR425,Wednesday,17,2026-05-24T17:09:00+05:30,3,Medium,58.0,63,0,Resolved,4.02,0
CL-12232,ANON-0330,laboratory equipment reports a calibration error in CL22 after a power interruption,Lab Equipment,Labs & Research,ECE Labs,Ground Floor,CL22,Monday,11,2026-05-24T11:13:00+05:30,2,High,79.0,50,0,In Progress,5.68,0
CL-12233,ANON-0421,student common area is overcrowded after 13:00,Other,Administration,Auditorium,Floor 2,CL15,Monday,13,2026-05-24T13:04:00+05:30,3,Medium,80.0,50,0,In Progress,4.59,1
CL-12234,ANON-0382,waiting time at Cafeteria / Canteen is more than twenty minutes students cannot continue class,Canteen,Food,Cafeteria / Canteen,Floor 3,G2,Wednesday,13,2026-05-24T13:11:00+05:30,4,Low,66.0,20,0,In Progress,2.43,1
CL-12235,ANON-0569,power socket near the desk is unsafe in CS1,Electrical,Academic & Teaching,A2/1,Ground Floor,CS1,Wednesday,8,2026-05-24T08:48:00+05:30,1,Critical,90.0,70,0,Resolved,5.26,1
CL-12236,ANON-0348,food counter is overcrowded between 13:00 and 15:00,Canteen,Food,,Ground Floor,CS1,Wednesday,13,2026-05-24T13:14:00+05:30,2,High,45.0,44,0,Open,4.9,1
CL-12237,ANON-0274,wifi becomes extremely slow near CS1 between 10:00 and 12:00 after a power interruption,Network,Library & Study,CL3,Floor 3,CS1,Wednesday,10,2026-05-24T10:31:00+05:30,3,Medium,76.0,57,0,In Progress,3.96,1
CL-12238,ANON-0577,network authentication fails for students around LRC while the wifi is also unstable,Network,Academic & Teaching,LRC,Floor 2,CR425,Monday,9,2026-05-24T09:50:00+05:30,5,Low,71.0,71,1,Resolved,3.81,0
CL-12239,ANON-0189,floor near Aryabhatt Bhawan III is dirty and slippery,Cleanliness,General & Utilities,Aryabhatt Bhawan III,Floor 1,CL22,Monday,15,2026-05-24T15:20:00+05:30,3,Medium,,63,0,Open,3.76,0
CL-12240,ANON-0080,network authentication fails for students around CL15,Network,Academic & Teaching,CL15,Floor 2,CL22,Friday,9,2026-05-25T09:02:00+05:30,4,Low,94.0,54,0,Open,4.18,1
CL-12241,ANON-0409,two ceiling fans are not working in CL3,Electrical,Academic & Teaching,H5 Boys Hostel,Floor 3,CL3,Tuesday,17,2026-05-25T17:42:00+05:30,4,Low,61.0,64,0,Escalated,3.2,0
CL-12242,ANON-0502,floor near Washrooms is dirty and slippery !!!!,Cleanliness,Academic & Teaching,Washrooms,Floor 3,TS17,Tuesday,18,2026-05-25T18:42:00+05:30,3,Medium,37.0,63,0,Escalated,3.87,1
CL-12243,ANON-0345,waiting time at Cafeteria / Canteen is more than twenty minutes,Cleanliness,Food,Cafeteria / Canteen,Ground Floor,CR425,Tuesday,13,2026-05-25T13:28:00+05:30,2,High,66.0,58,1,Open,5.39,0
CL-12244,ANON-0145,air conditioner stops cooling after noon on Floor 1 students cannot continue class beside the canteen queue,Electrical,Labs & Research,CL22,Floor 1,TS17,Monday,17,2026-05-25T17:06:00+05:30,3,Medium,52.0,93,0,Open,2.86,1
CL-12245,ANON-0009,laboratory equipment reports a calibration error in CL15,Lab Equipment,Labs & Research,CL15,Ground Floor,CL15,Friday,8,2026-05-25T08:57:00+05:30,5,Low,27.0,41,1,Escalated,2.57,0
CL-12246,ANON-0091,two ceiling fans are not working in FF6,Electrical,Hostels,H5 Boys Hostel,Floor 2,FF6,Tuesday,14,2026-05-25T14:01:00+05:30,1,Critical,55.0,63,1,In Progress,6.58,0
CL-12247,ANON-0420,garbage is overflowing in the corridor on Floor 3,Cleanliness,General & Utilities,Aryabhatt Bhawan III,Floor 3,G2,Wednesday,12,2026-05-25T12:48:00+05:30,3,Medium,36.0,68,0,In Progress,3.84,0
CL-12248,ANON-0309,very weak wifi signal on Ground Floor of Aryabhatt Bhawan II,Network,Labs & Research,Aryabhatt Bhawan II,Ground Floor,FF6,Tuesday,10,2026-05-25T10:00:00+05:30,4,Low,76.0,35,1,Verified,5.24,1
CL-12249,ANON-0524,water point near Girls Hostel is not operational,Water,Sports & Recreation,Girls Hostel,Ground Floor,CL22,Friday,15,2026-05-25T15:46:00+05:30,2,High,62.0,71,0,Verified,4.61,0
CL-12250,ANON-0011,power socket near the desk is unsafe in CR425 after a power interruption,Electrical,Hostels,A2/1,Ground Floor,CR425,Friday,11,2026-05-25T11:01:00+05:30,4,Low,31.0,50,0,Resolved,2.84,0
CL-12251,ANON-0331,classroom door and several chairs need repair on Floor 3,Infrastructure,Labs & Research,A2/1,Floor 3,CL3,Tuesday,16,2026-05-25T16:08:00+05:30,3,Medium,48.0,77,0,Resolved,3.57,1
CL-12252,ANON-0160,water is leaking into the corridor on Floor 1,Water,General & Utilities,Water cooler,Floor 1,CL15,Friday,17,2026-05-25T17:48:00+05:30,3,Medium,14.0,26,0,Verified,3.47,0
CL-12253,ANON-0545,three lab systems freeze during compilation in FF6 beside the canteen queue,Lab Equipment,Labs & Research,CL3,Floor 4,FF6,Friday,16,2026-05-25T16:39:00+05:30,2,High,45.0,56,0,In Progress,4.47,0
CL-12254,ANON-0460,network authentication fails for students around CL15,Network,Academic & Teaching,CL15,Floor 3,FF6,Saturday,11,2026-05-25T11:34:00+05:30,1,Critical,94.0,52,1,Resolved,8.88,0
CL-12255,ANON-0304,billing queue reaches the stairwell near Cafeteria / Canteen,Canteen,Food,Cafeteria / Canteen,Floor 1,CL22,Thursday,12,2026-05-25T12:44:00+05:30,1,Critical,77.0,50,1,Verified,5.96,1
CL-12256,ANON-0560,network authentication fails for students around CL15,Network,Library & Study,CL15,Floor 4,CL15,Friday,10,2026-05-26T10:26:00+05:30,3,Medium,98.0,32,1,Verified,5.44,0
CL-12257,ANON-0036,network authentication fails for students around LRC !!!! while the wifi is also unstable,Network,Labs & Research,LRC,Floor 1,CL22,Monday,10,2026-05-26T10:33:00+05:30,2,High,98.0,26,1,In Progress,7.42,0
CL-12258,ANON-0298,wifi becomes extremely slow near CR425 between 10:00 and 12:00 please fix urgently,Network,Library & Study,CL15,Floor 4,CR425,Friday,10,2026-05-26T10:49:00+05:30,2,High,87.0,45,1,Open,6.49,1
CL-12259,ANON-0285,network authentication fails for students around Aryabhatt Bhawan II,Network,Academic & Teaching,Aryabhatt Bhawan II,Floor 3,G2,Tuesday,12,2026-05-26T12:20:00+05:30,3,Medium,94.0,63,1,Open,6.47,1
CL-12260,ANON-0585,food counter is overcrowded between 12:00 and 14:00,Canteen,Food,Annapurna / Main Mess,Floor 2,TS17,Saturday,12,2026-05-26T12:13:00+05:30,2,High,77.0,51,0,Resolved,5.69,0
CL-12261,ANON-0166,floor near H4 Boys Hostel is dirty and slippery,Cleanliness,Hostels,H4 Boys Hostel,Floor 3,FF6,Saturday,11,2026-05-26T11:22:00+05:30,4,Low,,32,0,Escalated,4.69,0
CL-12262,ANON-0447,computer fails to boot during practical class in FF6 near a water cooler,Lab Equipment,Labs & Research,CL22,Floor 2,FF6,Wednesday,15,2026-05-26T15:57:00+05:30,2,High,77.0,47,0,Resolved,5.69,0
CL-12263,ANON-0165,garbage is overflowing in the corridor on Ground Floor,Cleanliness,General & Utilities,H4 Boys Hostel,Ground Floor,FF6,Tuesday,8,2026-05-26T08:52:00+05:30,3,Medium,45.0,38,0,Resolved,3.25,0
CL-12264,ANON-0234,network authentication fails for students around CL3,Network,Academic & Teaching,CL3,Floor 3,CR425,Monday,10,2026-05-26T10:31:00+05:30,3,Medium,100.0,49,1,Open,6.12,0
CL-12265,ANON-0286,three lab systems freeze during compilation in CL3,Lab Equipment,Labs & Research,ECE Labs,Ground Floor,CL3,Thursday,8,2026-05-26T08:21:00+05:30,2,High,39.0,50,1,Escalated,4.27,0
CL-12266,ANON-0247,internet disconnects repeatedly during the lecture in FF6,Network,Labs & Research,CL3,Floor 2,FF6,Friday,12,2026-05-26T12:11:00+05:30,2,High,45.0,46,1,In Progress,5.69,0
CL-12267,ANON-0193,waiting time at Cafeteria / Canteen is more than twenty minutes,Canteen,Food,Cafeteria / Canteen,Floor 1,CL22,Wednesday,13,2026-05-26T13:43:00+05:30,3,Medium,85.0,53,0,Verified,5.09,0
CL-12268,ANON-0430,signage is missing for FF6 on Ground Floor while the wifi is also unstable,Other,Sports & Recreation,Auditorium,Ground Floor,FF6,Wednesday,18,2026-05-26T18:44:00+05:30,5,Low,46.0,47,0,Resolved,2.32,0
CL-12269,ANON-0352,internet disconnects repeatedly during the lecture in CR425 while the wifi is also unstable,Network,Academic & Teaching,LRC,Floor 1,CR425,Friday,12,2026-05-26T12:14:00+05:30,2,High,70.0,29,0,In Progress,5.92,0
CL-12270,ANON-0340,two ceiling fans are not working in CR425,Electrical,Labs & Research,CL22,Ground Floor,CR425,Thursday,12,2026-05-26T12:53:00+05:30,1,Critical,66.0,56,0,Open,5.22,1
CL-12271,ANON-0071,washroom near TS17 has not been cleaned today please fix urgently,Cleanliness,Hostels,Aryabhatt Bhawan III,Ground Floor,TS17,Wednesday,12,2026-05-26T12:56:00+05:30,2,High,88.0,49,1,In Progress,6.79,0
CL-12272,ANON-0383,very weak wifi signal on Ground Floor of CL15 students cannot continue class while the wifi is also unstable,Network,Library & Study,CL15,Ground Floor,CR425,Thursday,14,2026-05-27T14:58:00+05:30,3,Medium,62.0,38,1,Open,5.47,1
CL-12273,ANON-0194,projector hdmi port is loose in CS1,Infrastructure,Academic & Teaching,Aryabhatt Bhawan II,Ground Floor,CS1,Friday,11,2026-05-27T11:56:00+05:30,2,High,49.0,53,1,Escalated,5.97,1
CL-12274,ANON-0560,two ceiling fans are not working in TS17,Electrical,Labs & Research,A2/1,Ground Floor,TS17,Thursday,8,2026-05-27T08:10:00+05:30,1,Critical,50.0,41,0,Verified,5.36,0
CL-12275,ANON-0290,very weak wifi signal on Floor 4 of LRC,Network,Academic & Teaching,LRC,Floor 4,G2,Tuesday,10,2026-05-27T10:27:00+05:30,5,Low,73.0,65,1,Open,4.75,0
CL-12276,ANON-0231,lights flicker repeatedly inside FF6 while the wifi is also unstable,Electrical,Hostels,A2/1,Ground Floor,FF6,Friday,12,2026-05-27T12:00:00+05:30,2,High,34.0,56,1,In Progress,4.28,0
CL-12277,ANON-0005,very weak wifi signal on Floor 3 of Aryabhatt Bhawan II,Network,Library & Study,Aryabhatt Bhawan II,Floor 3,CL15,Saturday,10,2026-05-27T10:44:00+05:30,2,High,67.0,43,0,In Progress,5.6,0
CL-12278,ANON-0452,computer fails to boot during practical class in CL3,Lab Equipment,Labs & Research,CL15,Floor 2,CL3,Tuesday,13,2026-05-27T13:13:00+05:30,2,High,50.0,67,0,Resolved,5.22,1
CL-12279,ANON-0592,network authentication fails for students around Aryabhatt Bhawan II this happens repeatedly,Network,Academic & Teaching,Aryabhatt Bhawan II,Ground Floor,CS1,Friday,10,2026-05-27T10:04:00+05:30,4,Low,91.0,39,1,Escalated,5.34,0
CL-12280,ANON-0011,food counter is overcrowded between 12:00 and 14:00,Lab Equipment,Food,Cafeteria / Canteen,Floor 1,CS1,Tuesday,12,2026-05-27T12:04:00+05:30,2,High,100.0,71,0,Resolved,5.74,1
CL-12281,ANON-0526,washroom near CR425 has not been cleaned today,Cleanliness,General & Utilities,Aryabhatt Bhawan III,Floor 1,CR425,Monday,8,2026-05-27T08:57:00+05:30,3,Medium,51.0,69,0,Resolved,4.82,0
CL-12282,ANON-0577,unclassified campus issue reported around Auditorium,Other,General & Utilities,Auditorium,Floor 3,G2,Thursday,13,2026-05-27T13:30:00+05:30,3,Medium,71.0,84,0,In Progress,5.13,0
CL-12283,ANON-0423,power socket near the desk is unsafe in FF6,Electrical,Labs & Research,A2/1,Floor 4,FF6,Friday,10,2026-05-27T10:19:00+05:30,4,Low,61.0,63,0,Resolved,3.62,0
CL-12284,ANON-0515,projector hdmi port is loose in CS1,Infrastructure,Labs & Research,Aryabhatt Bhawan II,Floor 2,CS1,Saturday,16,2026-05-27T16:06:00+05:30,1,Critical,34.0,77,0,Resolved,5.85,0
CL-12285,ANON-0548,broken writing desk is blocking the aisle in CL15,Infrastructure,Academic & Teaching,A2/1,Ground Floor,CL15,Friday,12,2026-05-27T12:39:00+05:30,2,High,38.0,32,0,Open,5.23,0
CL-12286,ANON-0523,water point near Swimming Pool is not operational,Water,Hostels,Swimming Pool,Floor 2,FF6,Monday,10,2026-05-27T10:55:00+05:30,5,Low,30.0,47,0,Resolved,2.31,1
CL-12287,ANON-0479,classroom door and several chairs need repair on Floor 3,Infrastructure,Labs & Research,,Floor 3,CS1,Thursday,8,2026-05-27T08:12:00+05:30,2,High,54.0,58,1,Resolved,5.76,0
CL-12288,ANON-0498,water is leaking into the corridor on Floor 2,Water,General & Utilities,Girls Hostel,Floor 2,FF6,Friday,16,2026-05-28T16:48:00+05:30,3,Medium,85.0,62,0,Open,5.25,1
CL-12289,ANON-0239,waiting time at Cafeteria / Canteen is more than twenty minutes students cannot continue class and the room is overcrowded,Water,Food,Cafeteria / Canteen,Floor 4,CS1,Saturday,13,2026-05-28T13:44:00+05:30,1,Critical,97.0,59,1,Resolved,6.71,0
CL-12290,ANON-0134,low water pressure reported around Water cooler,Water,General & Utilities,Water cooler,Floor 4,TS17,Thursday,14,2026-05-28T14:34:00+05:30,1,Critical,54.0,51,0,Resolved,5.74,0
CL-12291,ANON-0099,low water pressure reported around Girls Hostel,Water,Sports & Recreation,Girls Hostel,Floor 4,G2,Tuesday,18,2026-05-28T18:24:00+05:30,3,Medium,53.0,67,0,Open,3.55,0
CL-12292,ANON-0201,two ceiling fans are not working in CL3 and the room is overcrowded,Electrical,Hostels,CL22,Ground Floor,CL3,Wednesday,16,2026-05-28T16:29:00+05:30,1,Critical,27.0,71,0,Escalated,5.15,0
CL-12293,ANON-0391,lights flicker repeatedly inside CR425,Electrical,Hostels,A2/1,Floor 4,CR425,Saturday,13,2026-05-28T13:42:00+05:30,3,Medium,36.0,66,0,In Progress,3.55,0
CL-12294,ANON-0192,three lab systems freeze during compilation in CR425 !!!!,Lab Equipment,Labs & Research,ECE Labs,Floor 2,CR425,Wednesday,13,2026-05-28T13:40:00+05:30,3,Medium,68.0,42,1,Resolved,5.76,0
CL-12295,ANON-0114,lights flicker repeatedly inside FF6,Electrical,Hostels,H5 Boys Hostel,Floor 3,FF6,Friday,8,2026-05-28T08:43:00+05:30,3,Medium,57.0,56,0,In Progress,4.63,1
CL-12296,ANON-0148,very weak wifi signal on Floor 1 of CL15,Network,Academic & Teaching,CL15,Floor 1,G2,Friday,9,2026-05-28T09:29:00+05:30,5,Low,77.0,61,0,Open,2.58,1
CL-12297,ANON-0073,washroom near CL15 has not been cleaned today,Cleanliness,General & Utilities,H4 Boys Hostel,Floor 3,CL15,Monday,17,2026-05-28T17:23:00+05:30,2,High,69.0,54,1,Open,5.63,0
CL-12298,ANON-0023,food counter is overcrowded between 12:00 and 14:00 while the wifi is also unstable,Canteen,Food,Cafeteria / Canteen,Floor 1,CL15,Wednesday,12,2026-05-28T12:55:00+05:30,2,High,63.0,63,0,In Progress,5.62,0
CL-12299,ANON-0179,projector in TS17 switches off after ten minutes,Infrastructure,Labs & Research,A2/2,Floor 3,TS17,Saturday,13,2026-05-28T13:39:00+05:30,3,Medium,70.0,25,1,Escalated,5.55,1
CL-12300,ANON-0288,low water pressure reported around Girls Hostel and the room is overcrowded,Water,Hostels,Girls Hostel,Floor 1,FF6,Wednesday,18,2026-05-28T18:35:00+05:30,4,Low,75.0,68,0,Resolved,3.56,0
CL-12301,ANON-0252,projector in FF6 switches off after ten minutes,Infrastructure,Academic & Teaching,CL3,Floor 2,FF6,Monday,15,2026-05-28T15:34:00+05:30,2,High,54.0,59,0,In Progress,4.82,0
CL-12302,ANON-0459,two ceiling fans are not working in TS17 students cannot continue class and the room is overcrowded,Electrical,Labs & Research,A2/1,Floor 2,TS17,Friday,13,2026-05-28T13:31:00+05:30,3,Medium,24.0,87,1,Resolved,4.53,1
CL-12303,ANON-0224,canteen queue is very long at 13:00 with one counter open while the wifi is also unstable,Canteen,Food,Annapurna / Main Mess,Floor 4,TS17,Saturday,13,2026-05-28T13:21:00+05:30,1,Critical,80.0,64,0,Escalated,6.3,0
CL-12304,ANON-0334,network authentication fails for students around CL15 while the wifi is also unstable,Network,Labs & Research,CL15,Floor 2,CS1,Tuesday,10,2026-05-29T10:38:00+05:30,2,High,100.0,54,0,Open,5.68,1
CL-12305,ANON-0153,power socket near the desk is unsafe in CR425 students cannot continue class,Electrical,Hostels,CL22,Floor 3,CR425,Friday,9,2026-05-29T09:53:00+05:30,2,High,64.0,57,0,In Progress,6.48,1
CL-12306,ANON-0486,broken writing desk is blocking the aisle in CS1 near a water cooler,Infrastructure,Academic & Teaching,Aryabhatt Bhawan II,Floor 1,CS1,Friday,11,2026-05-29T11:02:00+05:30,3,Medium,49.0,43,0,In Progress,4.37,0
CL-12307,ANON-0501,classroom door and several chairs need repair on Floor 3,Infrastructure,Labs & Research,A2/2,Floor 3,CL3,Thursday,11,2026-05-29T11:06:00+05:30,3,Medium,100.0,74,0,Verified,5.0,0
CL-12308,ANON-0277,billing queue reaches the stairwell near Annapurna / Main Mess,Canteen,Food,Annapurna / Main Mess,Floor 4,G2,Thursday,13,2026-05-29T13:03:00+05:30,4,Low,44.0,63,0,Open,3.42,0
CL-12309,ANON-0393,internet disconnects repeatedly during the lecture in CL15,Network,Library & Study,CL3,Floor 4,CL15,Wednesday,9,2026-05-29T09:23:00+05:30,3,Medium,44.0,44,1,Open,5.56,0
CL-12310,ANON-0485,air conditioner stops cooling after noon on Floor 2 near a water cooler,Electrical,Academic & Teaching,A2/1,Floor 2,CS1,Saturday,13,2026-05-29T13:29:00+05:30,2,High,33.0,48,0,Resolved,3.01,0
CL-12311,ANON-0453,classroom door and several chairs need repair on Floor 3,Infrastructure,Labs & Research,CL3,Floor 3,CL15,Thursday,14,2026-05-29T14:02:00+05:30,3,Medium,65.0,41,1,Open,4.71,0
CL-12312,ANON-0159,internet disconnects repeatedly during the lecture in CS1,Network,Labs & Research,LRC,Floor 2,CS1,Wednesday,11,2026-05-29T11:11:00+05:30,3,Medium,100.0,73,0,Resolved,4.12,1
CL-12313,ANON-0324,very weak wifi signal on Floor 3 of CL3 while the wifi is also unstable,Network,Library & Study,CL3,Floor 3,CL15,Friday,12,2026-05-29T12:35:00+05:30,3,Medium,43.0,28,0,In Progress,3.81,1
CL-12314,ANON-0242,classroom door and several chairs need repair on Floor 4,Infrastructure,Labs & Research,A2/1,Floor 4,CL15,Friday,15,2026-05-29T15:23:00+05:30,3,Medium,70.0,38,0,Open,4.62,0
CL-12315,ANON-0215,signage is missing for TS17 on Floor 4 please fix urgently near a water cooler,Other,General & Utilities,Parking,Floor 4,TS17,Friday,10,2026-05-29T10:19:00+05:30,3,Medium,36.0,24,1,In Progress,4.33,1
CL-12316,ANON-0387,projector in CS1 switches off after ten minutes,Infrastructure,Labs & Research,A2/2,Floor 2,CS1,Friday,8,2026-05-29T08:47:00+05:30,4,Low,57.0,28,0,Resolved,2.95,0
CL-12317,ANON-0374,spill outside TS17 creates a safety hazard,Cleanliness,Academic & Teaching,H4 Boys Hostel,Floor 4,TS17,Saturday,16,2026-05-29T16:54:00+05:30,4,Low,45.0,44,0,Verified,3.06,0
CL-12318,ANON-0551,projector hdmi port is loose in CL15 !!!! and the room is overcrowded,Infrastructure,Academic & Teaching,A2/2,Floor 4,CL15,Thursday,10,2026-05-29T10:26:00+05:30,1,Critical,58.0,55,1,Open,7.24,0
CL-12319,ANON-0576,food counter is overcrowded between 14:00 and 16:00,Canteen,Food,Cafeteria / Canteen,Floor 4,CL22,Tuesday,14,2026-05-29T14:35:00+05:30,1,Critical,44.0,74,0,In Progress,6.14,0
CL-12320,ANON-0041,floor near H4 Boys Hostel is dirty and slippery,Cleanliness,General & Utilities,H4 Boys Hostel,Floor 4,CL22,Friday,10,2026-05-30T10:27:00+05:30,4,Low,46.0,63,0,Resolved,3.92,0
CL-12321,ANON-0436,lights flicker repeatedly inside CL3 while the wifi is also unstable,Electrical,Academic & Teaching,A2/1,Floor 3,CL3,Monday,8,2026-05-30T08:21:00+05:30,4,Low,35.0,87,1,Open,5.25,0
CL-12322,ANON-0017,food counter is overcrowded between 12:00 and 14:00,Water,Food,Annapurna / Main Mess,Floor 3,CS1,Friday,12,2026-05-30T12:54:00+05:30,3,Medium,91.0,47,0,Resolved,5.77,0
CL-12323,ANON-0053,internet disconnects repeatedly during the lecture in CL15,Network,Labs & Research,LRC,Floor 3,CL15,Thursday,9,2026-05-30T09:23:00+05:30,5,Low,73.0,35,0,In Progress,2.87,1
CL-12324,ANON-0336,very weak wifi signal on Ground Floor of CL3 please fix urgently beside the canteen queue,Network,Labs & Research,CL3,Ground Floor,FF6,Friday,11,2026-05-30T11:48:00+05:30,3,Medium,78.0,20,0,Resolved,6.01,0
CL-12325,ANON-0442,DRINKING WATER COOLER NEAR FF6 IS EMPTY   !!!,Water,General & Utilities,Girls Hostel,Ground Floor,FF6,Tuesday,15,2026-05-30T15:56:00+05:30,4,Low,48.0,62,0,Verified,4.6,1
CL-12326,ANON-0548,classroom door and several chairs need repair on Floor 1,Infrastructure,Academic & Teaching,A2/2,Floor 1,CL22,Saturday,17,2026-05-30T17:19:00+05:30,3,Medium,58.0,48,0,Resolved,3.87,1
CL-12327,ANON-0432,projector in CR425 switches off after ten minutes after a power interruption,Infrastructure,Labs & Research,Aryabhatt Bhawan II,Floor 1,CR425,Friday,16,2026-05-30T16:19:00+05:30,1,Critical,56.0,51,1,Resolved,6.74,0
CL-12328,ANON-0551,broken writing desk is blocking the aisle in TS17,Infrastructure,Labs & Research,CL3,Ground Floor,TS17,Monday,13,2026-05-30T13:27:00+05:30,1,Critical,51.0,54,1,Escalated,5.26,0
CL-12329,ANON-0195,very weak wifi signal on Ground Floor of LRC please fix urgently,Network,Library & Study,LRC,Ground Floor,TS17,Friday,11,2026-05-30T11:55:00+05:30,2,High,58.0,74,0,Resolved,5.16,0
CL-12330,ANON-0518,waiting time at Cafeteria / Canteen is more than twenty minutes !!!!,Canteen,Food,Cafeteria / Canteen,Floor 3,CS1,Wednesday,13,2026-05-30T13:20:00+05:30,2,High,97.0,65,1,Resolved,7.92,0
CL-12331,ANON-0206,signage is missing for FF6 on Floor 4,Other,General & Utilities,Administration Block,Floor 4,FF6,Friday,9,2026-05-30T09:10:00+05:30,1,Critical,100.0,46,0,Resolved,5.45,1
CL-12332,ANON-0589,classroom door and several chairs need repair on Floor 1,Infrastructure,Academic & Teaching,CL3,Floor 1,CR425,Tuesday,16,2026-05-30T16:12:00+05:30,4,Low,47.0,63,0,Resolved,3.64,0
CL-12333,ANON-0409,very weak wifi signal on Floor 4 of Aryabhatt Bhawan II,Network,Library & Study,Aryabhatt Bhawan II,Floor 4,CR425,Thursday,12,2026-05-30T12:08:00+05:30,3,Medium,81.0,35,0,In Progress,4.85,0
CL-12334,ANON-0340,laboratory equipment reports a calibration error in CL3 students cannot continue class,Lab Equipment,Labs & Research,CL3,Floor 4,CL3,Friday,14,2026-05-30T14:37:00+05:30,1,Critical,36.0,49,0,Resolved,6.13,0
CL-12335,ANON-0488,FOOD COUNTER IS OVERCROWDED BETWEEN 13:00 AND 15:00   !!!,Canteen,Food,Annapurna / Main Mess,Floor 1,CL15,Monday,13,2026-05-30T13:26:00+05:30,1,Critical,77.0,36,0,Resolved,5.66,0
CL-12336,ANON-0329,very weak wifi signal on Ground Floor of CL15,Network,Labs & Research,CL15,Ground Floor,G2,Thursday,10,2026-05-31T10:47:00+05:30,3,Medium,100.0,45,0,Open,4.95,0
CL-12337,ANON-0139,garbage is overflowing in the corridor on Floor 4,Canteen,General & Utilities,Washrooms,Floor 4,FF6,Tuesday,18,2026-05-31T18:06:00+05:30,2,High,76.0,54,1,In Progress,6.59,0
CL-12338,ANON-0057,internet disconnects repeatedly during the lecture in FF6 after a power interruption,Network,Academic & Teaching,CL15,Floor 2,FF6,Saturday,11,2026-05-31T11:22:00+05:30,1,Critical,50.0,88,0,Open,5.7,0
CL-12339,ANON-0060,network authentication fails for students around Aryabhatt Bhawan II,Network,Labs & Research,Aryabhatt Bhawan II,Floor 3,CL3,Saturday,14,2026-05-31T14:52:00+05:30,1,Critical,90.0,32,0,In Progress,6.7,1
CL-12340,ANON-0498,projector hdmi port is loose in TS17,Infrastructure,Academic & Teaching,A2/2,Floor 1,TS17,Wednesday,17,2026-05-31T17:47:00+05:30,2,High,55.0,44,0,Resolved,4.65,0
CL-12341,ANON-0332,water is leaking into the corridor on Floor 4,Water,Hostels,Girls Hostel,Floor 4,CL3,Saturday,17,2026-05-31T17:32:00+05:30,1,Critical,34.0,68,1,Resolved,5.78,0
CL-12342,ANON-0030,broken writing desk is blocking the aisle in CS1 please fix urgently,Infrastructure,Academic & Teaching,A2/2,Floor 4,CS1,Thursday,8,2026-05-31T08:16:00+05:30,1,Critical,84.0,38,0,Escalated,5.57,1
CL-12343,ANON-0343,waiting time at Annapurna / Main Mess is more than twenty minutes while the wifi is also unstable,Canteen,Food,Annapurna / Main Mess,Ground Floor,CR425,Monday,14,2026-05-31T14:45:00+05:30,2,High,75.0,55,0,Verified,4.97,0
CL-12344,ANON-0377,internet disconnects repeatedly during the lecture in G2 beside the canteen queue,Network,Library & Study,LRC,Floor 2,G2,Monday,9,2026-05-31T09:45:00+05:30,3,Medium,63.0,54,1,Open,5.01,0
CL-12345,ANON-0401,broken writing desk is blocking the aisle in FF6,Infrastructure,Academic & Teaching,A2/1,Floor 2,FF6,Friday,18,2026-05-31T18:08:00+05:30,4,Low,48.0,38,0,In Progress,3.19,1
CL-12346,ANON-0201,two ceiling fans are not working in CL3,Electrical,Academic & Teaching,CL22,Ground Floor,CL3,Tuesday,16,2026-05-31T16:30:00+05:30,1,Critical,44.0,51,0,Escalated,4.61,1
CL-12347,ANON-0513,three lab systems freeze during compilation in CL3 !!!! near a water cooler,Lab Equipment,Labs & Research,CL15,Floor 1,CL3,Wednesday,16,2026-05-31T16:30:00+05:30,3,Medium,55.0,83,0,In Progress,5.32,0
CL-12348,ANON-0201,wifi becomes extremely slow near CS1 between 10:00 and 12:00,Network,Labs & Research,CL15,Floor 2,CS1,Monday,10,2026-05-31T10:42:00+05:30,3,Medium,67.0,61,0,Resolved,3.89,1
CL-12349,ANON-0271,unclassified campus issue reported around Parking after a power interruption,Other,Administration,Parking,Ground Floor,CR425,Tuesday,10,2026-05-31T10:20:00+05:30,2,High,38.0,52,1,Open,5.16,0
CL-12350,ANON-0450,spill outside TS17 creates a safety hazard,Cleanliness,Hostels,H4 Boys Hostel,Floor 1,TS17,Saturday,13,2026-05-31T13:07:00+05:30,3,Medium,40.0,54,0,Open,4.51,0
CL-12351,ANON-0477,wifi becomes extremely slow near CR425 between 14:00 and 16:00 near a water cooler,Network,Labs & Research,CL15,Ground Floor,CR425,Wednesday,14,2026-05-31T14:54:00+05:30,5,Low,81.0,46,1,Verified,3.73,0
CL-12352,ANON-0086,projector in CS1 switches off after ten minutes,Infrastructure,Academic & Teaching,Aryabhatt Bhawan II,Floor 3,CS1,Friday,9,2026-06-01T09:18:00+05:30,1,Critical,52.0,65,0,Verified,5.29,0
CL-12353,ANON-0439,water is leaking into the corridor on Floor 2 beside the canteen queue,Water,Sports & Recreation,Girls Hostel,Floor 2,CL3,Wednesday,10,2026-06-01T10:09:00+05:30,3,Medium,60.0,75,0,Resolved,4.71,0
CL-12354,ANON-0321,air conditioner stops cooling after noon on Ground Floor,Electrical,Hostels,CL22,Ground Floor,CS1,Tuesday,9,2026-06-01T09:20:00+05:30,3,Medium,54.0,53,0,Open,3.68,0
CL-12355,ANON-0348,garbage is overflowing in the corridor on Floor 2,Cleanliness,General & Utilities,Washrooms,Floor 2,CR425,Thursday,8,2026-06-01T08:04:00+05:30,3,Medium,35.0,37,0,Verified,3.63,0
CL-12356,ANON-0283,spill outside FF6 creates a safety hazard,Cleanliness,Academic & Teaching,Aryabhatt Bhawan III,Floor 4,FF6,Monday,10,2026-06-01T10:40:00+05:30,1,Critical,65.0,90,1,In Progress,7.98,0
CL-12357,ANON-0437,broken writing desk is blocking the aisle in G2,Infrastructure,Labs & Research,A2/2,Ground Floor,G2,Wednesday,10,2026-06-01T10:00:00+05:30,3,Medium,61.0,48,1,In Progress,5.38,0
CL-12358,ANON-0398,projector in FF6 switches off after ten minutes,Infrastructure,Labs & Research,CL3,Floor 4,FF6,Wednesday,16,2026-06-01T16:20:00+05:30,2,High,49.0,50,1,Escalated,6.04,1
CL-12359,ANON-0114,wifi becomes extremely slow near TS17 between 11:00 and 13:00,Lab Equipment,Academic & Teaching,,Floor 3,TS17,Thursday,11,2026-06-01T11:23:00+05:30,1,Critical,81.0,45,0,In Progress,5.57,0
CL-12360,ANON-0319,parking congestion blocks the entrance near Administration Block,Other,General & Utilities,Administration Block,Ground Floor,CR425,Saturday,8,2026-06-01T08:06:00+05:30,4,Low,,50,0,In Progress,3.35,0
CL-12361,ANON-0249,internet disconnects repeatedly during the lecture in CS1,Network,Library & Study,CL15,Floor 2,CS1,Wednesday,12,2026-06-01T12:02:00+05:30,4,Low,71.0,48,0,In Progress,4.36,0
CL-12362,ANON-0534,parking congestion blocks the entrance near Administration Block,Other,General & Utilities,Administration Block,Floor 2,CL15,Monday,18,2026-06-01T18:39:00+05:30,2,High,65.0,30,1,In Progress,5.96,1
CL-12363,ANON-0272,billing queue reaches the stairwell near Cafeteria / Canteen,Canteen,Food,Cafeteria / Canteen,Ground Floor,CS1,Monday,13,2026-06-01T13:14:00+05:30,2,High,65.0,55,0,Resolved,4.77,0
CL-12364,ANON-0429,projector in CL22 switches off after ten minutes near a water cooler,Infrastructure,Labs & Research,CL3,Floor 4,CL22,Thursday,9,2026-06-01T09:14:00+05:30,4,Low,64.0,46,1,Resolved,4.75,0
CL-12365,ANON-0040,power socket near the desk is unsafe in CL22,Electrical,Hostels,CL22,Floor 1,CL22,Saturday,9,2026-06-01T09:07:00+05:30,2,High,61.0,59,0,Open,5.21,1
CL-12366,ANON-0543,network authentication fails for students around CL3 near a water cooler,Network,Academic & Teaching,CL3,Floor 1,CL22,Friday,11,2026-06-01T11:47:00+05:30,4,Low,57.0,66,1,Open,4.88,1
CL-12367,ANON-0488,billing queue reaches the stairwell near Cafeteria / Canteen this happens repeatedly,Canteen,Food,Cafeteria / Canteen,Floor 2,G2,Monday,13,2026-06-01T13:29:00+05:30,4,Low,68.0,50,0,Open,3.27,0
CL-12368,ANON-0311,billing queue reaches the stairwell near Cafeteria / Canteen,Canteen,Food,Cafeteria / Canteen,Ground Floor,CL15,Saturday,12,2026-06-02T12:48:00+05:30,2,High,83.0,57,0,Open,4.22,0
CL-12369,ANON-0307,floor near H4 Boys Hostel is dirty and slippery,Cleanliness,General & Utilities,H4 Boys Hostel,Floor 2,FF6,Wednesday,11,2026-06-02T11:12:00+05:30,2,High,76.0,78,0,Verified,5.24,0
CL-12370,ANON-0555,projector hdmi port is loose in CR425 after a power interruption,Infrastructure,Labs & Research,A2/1,Floor 1,CR425,Thursday,18,2026-06-02T18:51:00+05:30,5,Low,63.0,45,1,Resolved,3.77,1
CL-12371,ANON-0598,projector hdmi port is loose in FF6,Infrastructure,Academic & Teaching,CL3,Floor 3,FF6,Wednesday,12,2026-06-02T12:21:00+05:30,3,Medium,47.0,73,1,Resolved,4.78,1
CL-12372,ANON-0246,wifi becomes extremely slow near CL22 between 10:00 and 12:00,Network,Academic & Teaching,CL15,Floor 4,CL22,Tuesday,10,2026-06-02T10:45:00+05:30,4,Low,100.0,32,0,Open,4.68,0
CL-12373,ANON-0031,power socket near the desk is unsafe in FF6 after a power interruption,Electrical,Academic & Teaching,CL22,Ground Floor,FF6,Thursday,8,2026-06-02T08:57:00+05:30,1,Critical,76.0,43,0,In Progress,6.39,0
CL-12374,ANON-0073,internet disconnects repeatedly during the lecture in G2,Network,Academic & Teaching,CL3,Floor 1,G2,Thursday,12,2026-06-02T12:20:00+05:30,2,High,80.0,46,0,Open,4.36,0
CL-12375,ANON-0302,network authentication fails for students around LRC,Network,Labs & Research,LRC,Floor 4,CL15,Saturday,12,2026-06-02T12:24:00+05:30,1,Critical,59.0,40,0,Open,5.23,0
CL-12376,ANON-0370,monitor and keyboard are not detected at workstation in TS17,Lab Equipment,Labs & Research,CL3,Floor 2,TS17,Friday,11,2026-06-02T11:38:00+05:30,3,Medium,71.0,44,0,Resolved,5.22,0
CL-12377,ANON-0425,wifi becomes extremely slow near CL15 between 9:00 and 11:00,Network,Academic & Teaching,CL3,Floor 4,CL15,Saturday,9,2026-06-02T09:10:00+05:30,1,Critical,75.0,63,1,In Progress,6.67,1
CL-12378,ANON-0181,internet disconnects repeatedly during the lecture in CL15,Network,Academic & Teaching,Aryabhatt Bhawan II,Floor 1,CL15,Tuesday,14,2026-06-02T14:47:00+05:30,3,Medium,100.0,36,1,Resolved,6.31,1
CL-12379,ANON-0412,projector hdmi port is loose in G2 please fix urgently,Infrastructure,Labs & Research,CL3,Floor 1,G2,Wednesday,12,2026-06-02T12:02:00+05:30,2,High,,30,0,In Progress,5.16,1
CL-12380,ANON-0577,very weak wifi signal on Floor 3 of LRC please fix urgently after a power interruption,Network,Library & Study,LRC,Floor 3,TS17,Saturday,12,2026-06-02T12:08:00+05:30,2,High,35.0,36,1,Escalated,5.79,0
CL-12381,ANON-0445,billing queue reaches the stairwell near Cafeteria / Canteen !!!!,Canteen,Food,Cafeteria / Canteen,Floor 2,CL22,Tuesday,12,2026-06-02T12:47:00+05:30,5,Low,84.0,41,0,Open,3.51,0
CL-12382,ANON-0360,air conditioner stops cooling after noon on Floor 2,Electrical,Academic & Teaching,A2/1,Floor 2,CL3,Monday,18,2026-06-02T18:57:00+05:30,2,High,69.0,85,1,Resolved,5.76,1
CL-12383,ANON-0334,air conditioner stops cooling after noon on Ground Floor,Electrical,Labs & Research,H5 Boys Hostel,Ground Floor,CL15,Monday,18,2026-06-02T18:03:00+05:30,2,High,15.0,80,0,Resolved,5.44,0
CL-12384,ANON-0538,billing queue reaches the stairwell near Cafeteria / Canteen,Canteen,Food,Cafeteria / Canteen,Floor 4,CL15,Monday,12,2026-06-03T12:39:00+05:30,2,High,94.0,58,0,Resolved,5.9,0
CL-12385,ANON-0563,projector in CL22 switches off after ten minutes this happens repeatedly,Canteen,Labs & Research,A2/2,Ground Floor,CL22,Tuesday,15,2026-06-03T15:37:00+05:30,1,Critical,19.0,48,0,In Progress,5.01,0
CL-12386,ANON-0269,billing queue reaches the stairwell near Cafeteria / Canteen,Canteen,Food,Cafeteria / Canteen,Floor 3,CL3,Thursday,12,2026-06-03T12:35:00+05:30,4,Low,88.0,50,1,In Progress,4.69,1
CL-12387,ANON-0334,projector in FF6 switches off after ten minutes,Infrastructure,Academic & Teaching,CL3,Floor 2,FF6,Saturday,17,2026-06-03T17:29:00+05:30,2,High,70.0,34,1,Resolved,4.96,0
CL-12388,ANON-0007,water is leaking into the corridor on Floor 2,Water,Sports & Recreation,Girls Hostel,Floor 2,G2,Monday,11,2026-06-03T11:33:00+05:30,5,Low,31.0,78,0,Open,1.42,0
CL-12389,ANON-0162,signage is missing for CR425 on Floor 2,Other,Administration,Main Gate,Floor 2,CR425,Monday,16,2026-06-03T16:38:00+05:30,4,Low,32.0,33,0,Open,3.88,0
CL-12390,ANON-0567,broken writing desk is blocking the aisle in TS17 students cannot continue class beside the canteen queue,Infrastructure,Academic & Teaching,A2/1,Floor 4,TS17,Monday,17,2026-06-03T17:19:00+05:30,2,High,45.0,47,1,Verified,6.46,0
CL-12391,ANON-0466,monitor and keyboard are not detected at workstation in CL22,Lab Equipment,Labs & Research,CL1,Floor 2,CL22,Wednesday,13,2026-06-03T13:11:00+05:30,2,High,80.0,55,1,In Progress,5.99,1
CL-12392,ANON-0386,lights flicker repeatedly inside CL15,Canteen,Labs & Research,H5 Boys Hostel,Floor 2,CL15,Thursday,8,2026-06-03T08:38:00+05:30,1,Critical,66.0,85,0,Resolved,5.52,1
CL-12393,ANON-0127,food counter is overcrowded between 14:00 and 16:00 while the wifi is also unstable,Canteen,Food,Annapurna / Main Mess,Floor 3,CR425,Tuesday,14,2026-06-03T14:42:00+05:30,1,Critical,39.0,49,0,Resolved,4.89,0
CL-12394,ANON-0359,internet disconnects repeatedly during the lecture in FF6,Network,Library & Study,CL3,Floor 2,FF6,Monday,9,2026-06-03T09:54:00+05:30,2,High,100.0,42,0,Open,6.24,0
CL-12395,ANON-0390,air conditioner stops cooling after noon on Floor 2 students cannot continue class,Electrical,Labs & Research,H5 Boys Hostel,Floor 2,G2,Friday,10,2026-06-03T10:17:00+05:30,1,Critical,40.0,66,1,Open,6.67,0
CL-12396,ANON-0448,lights flicker repeatedly inside CR425 and the room is overcrowded,Electrical,Hostels,CL22,Floor 2,CR425,Friday,18,2026-06-03T18:40:00+05:30,2,High,55.0,73,0,Resolved,3.74,1
CL-12397,ANON-0231,canteen queue is very long at 12:00 with one counter open please fix urgently,Canteen,Food,Cafeteria / Canteen,Floor 2,CL22,Thursday,12,2026-06-03T12:13:00+05:30,2,High,67.0,78,0,In Progress,5.12,1
CL-12398,ANON-0538,monitor and keyboard are not detected at workstation in CR425 please fix urgently,Water,Labs & Research,CL22,Ground Floor,CR425,Friday,12,2026-06-03T12:19:00+05:30,1,Critical,67.0,67,1,Resolved,6.83,1
CL-12399,ANON-0336,monitor and keyboard are not detected at workstation in TS17 and the room is overcrowded,Lab Equipment,Labs & Research,ECE Labs,Floor 2,TS17,Thursday,10,2026-06-03T10:24:00+05:30,2,High,44.0,41,0,Verified,4.88,0
CL-12400,ANON-0021,BROKEN WRITING DESK IS BLOCKING THE AISLE IN FF6   !!!,Infrastructure,Academic & Teaching,Aryabhatt Bhawan II,Floor 2,FF6,Monday,17,2026-06-04T17:02:00+05:30,2,High,67.0,57,1,Resolved,6.9,0
CL-12401,ANON-0352,waiting time at Annapurna / Main Mess is more than twenty minutes while the wifi is also unstable,Canteen,Food,Annapurna / Main Mess,Floor 4,CL3,Wednesday,14,2026-06-04T14:21:00+05:30,1,Critical,77.0,96,0,Verified,6.05,0
CL-12402,ANON-0384,waiting time at Cafeteria / Canteen is more than twenty minutes,Canteen,Food,Cafeteria / Canteen,Floor 3,FF6,Friday,13,2026-06-04T13:43:00+05:30,5,Low,50.0,54,0,Verified,1.9,0
CL-12403,ANON-0361,spill outside G2 creates a safety hazard near a water cooler,Cleanliness,Academic & Teaching,Washrooms,Floor 1,G2,Friday,10,2026-06-04T10:45:00+05:30,1,Critical,78.0,60,0,In Progress,5.88,0
CL-12404,ANON-0284,low water pressure reported around Water cooler,Water,Sports & Recreation,Water cooler,Ground Floor,CL15,Wednesday,12,2026-06-04T12:34:00+05:30,1,Critical,54.0,86,0,Open,5.45,0
CL-12405,ANON-0184,projector hdmi port is loose in G2 near a water cooler,Infrastructure,Academic & Teaching,A2/2,Floor 2,G2,Tuesday,10,2026-06-04T10:33:00+05:30,3,Medium,45.0,51,0,Resolved,4.76,1
CL-12406,ANON-0477,canteen queue is very long at 13:00 with one counter open,Canteen,Food,Cafeteria / Canteen,Ground Floor,CL22,Wednesday,13,2026-06-04T13:13:00+05:30,4,Low,53.0,55,0,Resolved,3.95,1
CL-12407,ANON-0534,garbage is overflowing in the corridor on Floor 3,Cleanliness,General & Utilities,H4 Boys Hostel,Floor 3,FF6,Monday,10,2026-06-04T10:18:00+05:30,2,High,50.0,32,1,Escalated,5.76,1
CL-12408,ANON-0297,floor near Washrooms is dirty and slippery !!!!,Cleanliness,Academic & Teaching,Washrooms,Floor 3,FF6,Saturday,12,2026-06-04T12:06:00+05:30,1,Critical,34.0,73,1,Resolved,7.32,1
CL-12409,ANON-0583,garbage is overflowing in the corridor on Ground Floor this happens repeatedly,Cleanliness,Hostels,H4 Boys Hostel,Ground Floor,CL22,Wednesday,12,2026-06-04T12:34:00+05:30,1,Critical,36.0,58,0,Resolved,4.42,0
CL-12410,ANON-0323,washroom near CL22 has not been cleaned today this happens repeatedly after a power interruption,Cleanliness,General & Utilities,Aryabhatt Bhawan III,Floor 1,CL22,Monday,14,2026-06-04T14:05:00+05:30,2,High,39.0,59,0,Resolved,3.61,0
CL-12411,ANON-0155,lights flicker repeatedly inside CL22,Electrical,Hostels,H5 Boys Hostel,Floor 1,CL22,Saturday,9,2026-06-04T09:46:00+05:30,1,Critical,60.0,46,0,In Progress,7.76,0
CL-12412,ANON-0281,network authentication fails for students around CL15 while the wifi is also unstable,Network,Library & Study,CL15,Floor 4,TS17,Saturday,14,2026-06-04T14:46:00+05:30,2,High,61.0,66,1,Open,5.38,0
CL-12413,ANON-0364,three lab systems freeze during compilation in CL3,Lab Equipment,Labs & Research,CL1,Ground Floor,CL3,Friday,9,2026-06-04T09:07:00+05:30,2,High,57.0,47,1,In Progress,6.89,1
CL-12414,ANON-0413,very weak wifi signal on Floor 4 of LRC,Network,Academic & Teaching,LRC,Floor 4,CL3,Wednesday,11,2026-06-04T11:33:00+05:30,2,High,69.0,58,1,Resolved,4.96,1
CL-12415,ANON-0571,waiting time at Cafeteria / Canteen is more than twenty minutes,Canteen,Food,Cafeteria / Canteen,Floor 2,CL22,Monday,14,2026-06-04T14:24:00+05:30,3,Medium,63.0,21,0,Verified,4.11,0
CL-12416,ANON-0458,washroom near CR425 has not been cleaned today,Cleanliness,General & Utilities,H4 Boys Hostel,Floor 2,CR425,Thursday,12,2026-06-05T12:34:00+05:30,4,Low,52.0,76,0,In Progress,3.76,1
CL-12417,ANON-0080,internet disconnects repeatedly during the lecture in CL3,Network,Labs & Research,Aryabhatt Bhawan II,Floor 1,CL3,Wednesday,12,2026-06-05T12:24:00+05:30,2,High,71.0,70,1,Open,6.43,1
CL-12418,ANON-0242,canteen queue is very long at 13:00 with one counter open and the room is overcrowded,Canteen,Food,Cafeteria / Canteen,Ground Floor,FF6,Monday,13,2026-06-05T13:48:00+05:30,4,Low,72.0,61,0,Escalated,4.09,1
CL-12419,ANON-0590,spill outside FF6 creates a safety hazard !!!!,Cleanliness,Hostels,Aryabhatt Bhawan III,Floor 4,FF6,Tuesday,8,2026-06-05T08:50:00+05:30,2,High,38.0,45,0,Resolved,3.91,1
CL-12420,ANON-0538,classroom door and several chairs need repair on Floor 1 beside the canteen queue,Infrastructure,Labs & Research,A2/2,Floor 1,FF6,Thursday,18,2026-06-05T18:13:00+05:30,1,Critical,57.0,81,0,Open,6.27,0
CL-12421,ANON-0255,air conditioner stops cooling after noon on Floor 2,Electrical,Hostels,CL22,Floor 2,FF6,Tuesday,10,2026-06-05T10:53:00+05:30,4,Low,15.0,54,0,Open,2.84,0
CL-12422,ANON-0577,very weak wifi signal on Ground Floor of CL15,Network,Labs & Research,CL15,Ground Floor,CR425,Wednesday,11,2026-06-05T11:31:00+05:30,3,Medium,89.0,52,1,Open,5.19,1
CL-12423,ANON-0310,low water pressure reported around Girls Hostel after a power interruption,Water,Hostels,Girls Hostel,Floor 3,G2,Monday,18,2026-06-05T18:17:00+05:30,1,Critical,60.0,82,0,Resolved,5.51,1
CL-12424,ANON-0374,classroom door and several chairs need repair on Floor 3,Infrastructure,Academic & Teaching,A2/2,Floor 3,G2,Friday,12,2026-06-05T12:34:00+05:30,2,High,51.0,56,0,Open,4.09,0
CL-12425,ANON-0342,internet disconnects repeatedly during the lecture in FF6 !!!!,Electrical,Labs & Research,CL3,Floor 1,FF6,Monday,12,2026-06-05T12:53:00+05:30,3,Medium,72.0,36,1,Resolved,5.08,0
CL-12426,ANON-0550,laboratory equipment reports a calibration error in CL22,Lab Equipment,Labs & Research,CL22,Ground Floor,CL22,Wednesday,8,2026-06-05T08:11:00+05:30,4,Low,58.0,62,0,Resolved,4.05,0
CL-12427,ANON-0208,classroom door and several chairs need repair on Floor 4 while the wifi is also unstable,Infrastructure,Academic & Teaching,A2/1,Floor 4,CS1,Thursday,11,2026-06-05T11:23:00+05:30,3,Medium,31.0,74,0,Open,3.43,0
CL-12428,ANON-0111,power socket near the desk is unsafe in CS1 while the wifi is also unstable,Electrical,Labs & Research,CL22,Floor 2,CS1,Saturday,17,2026-06-05T17:47:00+05:30,2,High,50.0,81,0,Resolved,4.08,0
CL-12429,ANON-0367,very weak wifi signal on Floor 4 of CL15,Network,Labs & Research,CL15,Floor 4,CS1,Saturday,10,2026-06-05T10:07:00+05:30,1,Critical,91.0,37,0,Verified,6.33,0
CL-12430,ANON-0434,low water pressure reported around Swimming Pool,Water,General & Utilities,Swimming Pool,Ground Floor,CL3,Thursday,14,2026-06-05T14:56:00+05:30,1,Critical,45.0,69,0,In Progress,5.17,0
CL-12431,ANON-0489,wifi becomes extremely slow near FF6 between 11:00 and 13:00,Network,Library & Study,LRC,Floor 3,FF6,Thursday,11,2026-06-05T11:26:00+05:30,2,High,30.0,53,1,In Progress,5.75,0
CL-12432,ANON-0111,projector in CL22 switches off after ten minutes,Infrastructure,Academic & Teaching,Aryabhatt Bhawan II,Floor 3,CL22,Friday,16,2026-06-06T16:22:00+05:30,3,Medium,34.0,78,1,Resolved,4.82,0
CL-12433,ANON-0442,two ceiling fans are not working in CR425 and the room is overcrowded,Electrical,Academic & Teaching,A2/1,Floor 1,CR425,Wednesday,16,2026-06-06T16:21:00+05:30,5,Low,41.0,77,1,Open,3.06,0
CL-12434,ANON-0044,network authentication fails for students around LRC after a power interruption,Network,Library & Study,LRC,Floor 4,CR425,Saturday,10,2026-06-06T10:27:00+05:30,1,Critical,48.0,47,1,Open,6.9,0
CL-12435,ANON-0144,spill outside CL22 creates a safety hazard,Cleanliness,General & Utilities,H4 Boys Hostel,Floor 4,CL22,Monday,10,2026-06-06T10:16:00+05:30,2,High,32.0,60,0,Resolved,4.6,0
CL-12436,ANON-0421,projector hdmi port is loose in TS17,Lab Equipment,Labs & Research,CL3,Floor 2,TS17,Wednesday,17,2026-06-06T17:22:00+05:30,1,Critical,83.0,59,0,Open,5.82,0
CL-12437,ANON-0369,parking congestion blocks the entrance near Parking !!!!,Other,Administration,Parking,Floor 1,FF6,Friday,11,2026-06-06T11:16:00+05:30,4,Low,57.0,43,0,Resolved,3.15,0
CL-12438,ANON-0472,three lab systems freeze during compilation in G2,Lab Equipment,Labs & Research,CL22,Floor 1,G2,Friday,10,2026-06-06T10:43:00+05:30,2,High,28.0,42,1,Escalated,4.52,1
CL-12439,ANON-0546,projector in G2 switches off after ten minutes after a power interruption,Infrastructure,Labs & Research,Aryabhatt Bhawan II,Floor 2,G2,Saturday,11,2026-06-06T11:28:00+05:30,2,High,77.0,43,1,Resolved,6.37,1
CL-12440,ANON-0416,floor near H4 Boys Hostel is dirty and slippery students cannot continue class beside the canteen queue,Cleanliness,General & Utilities,H4 Boys Hostel,Floor 2,CL3,Wednesday,11,2026-06-06T11:57:00+05:30,1,Critical,70.0,36,0,Resolved,5.52,0
CL-12441,ANON-0561,network authentication fails for students around CL3 while the wifi is also unstable,Network,Library & Study,CL3,Floor 1,TS17,Tuesday,9,2026-06-06T09:27:00+05:30,1,Critical,96.0,54,0,Open,6.32,0
CL-12442,ANON-0591,lights flicker repeatedly inside CS1,Electrical,Hostels,H5 Boys Hostel,Floor 3,CS1,Tuesday,14,2026-06-06T14:08:00+05:30,3,Medium,66.0,69,0,In Progress,5.1,1
CL-12443,ANON-0108,classroom door and several chairs need repair on Floor 4,Infrastructure,Labs & Research,A2/1,Floor 4,CS1,Tuesday,14,2026-06-06T14:49:00+05:30,3,Medium,41.0,44,0,Resolved,4.34,0
CL-12444,ANON-0053,two ceiling fans are not working in CL22 beside the canteen queue,Electrical,Academic & Teaching,H5 Boys Hostel,Floor 2,CL22,Monday,8,2026-06-06T08:54:00+05:30,2,High,25.0,41,0,Verified,3.93,0
CL-12445,ANON-0426,wifi becomes extremely slow near CL22 between 12:00 and 14:00 after a power interruption,Network,Library & Study,CL15,Floor 1,CL22,Wednesday,12,2026-06-06T12:36:00+05:30,2,High,100.0,47,0,Verified,5.24,1
CL-12446,ANON-0099,monitor and keyboard are not detected at workstation in G2,Lab Equipment,Labs & Research,CL15,Floor 3,G2,Wednesday,17,2026-06-06T17:08:00+05:30,2,High,37.0,70,0,Open,4.65,0
CL-12447,ANON-0149,wifi becomes extremely slow near CL3 between 12:00 and 14:00,Network,Library & Study,LRC,Floor 4,CL3,Monday,12,2026-06-06T12:25:00+05:30,1,Critical,100.0,94,1,Resolved,6.56,0
CL-12448,ANON-0552,waiting time at Annapurna / Main Mess is more than twenty minutes,Canteen,Food,Annapurna / Main Mess,Floor 2,TS17,Saturday,13,2026-06-07T13:29:00+05:30,3,Medium,84.0,68,0,In Progress,4.96,0
CL-12449,ANON-0147,projector hdmi port is loose in FF6,Infrastructure,Academic & Teaching,CL3,Floor 1,FF6,Thursday,11,2026-06-07T11:03:00+05:30,2,High,59.0,68,1,Escalated,6.25,0
CL-12450,ANON-0405,food counter is overcrowded between 14:00 and 16:00,Canteen,Food,Cafeteria / Canteen,Floor 1,TS17,Saturday,14,2026-06-07T14:46:00+05:30,3,Medium,55.0,46,1,In Progress,5.62,0
CL-12451,ANON-0301,billing queue reaches the stairwell near Cafeteria / Canteen,Canteen,Food,Cafeteria / Canteen,Floor 4,CL3,Wednesday,13,2026-06-07T13:11:00+05:30,2,High,100.0,68,0,Open,4.48,0
CL-12452,ANON-0351,very weak wifi signal on Floor 4 of CL15 after a power interruption,Network,Library & Study,CL15,Floor 4,CL22,Monday,9,2026-06-07T09:33:00+05:30,3,Medium,69.0,63,1,Escalated,5.7,1
CL-12453,ANON-0315,food counter is overcrowded between 14:00 and 16:00 please fix urgently,Canteen,Food,Annapurna / Main Mess,Ground Floor,CL22,Thursday,14,2026-06-07T14:33:00+05:30,3,Medium,84.0,61,0,In Progress,5.64,0
CL-12454,ANON-0407,two ceiling fans are not working in CL22 this happens repeatedly,Electrical,Labs & Research,H5 Boys Hostel,Ground Floor,CL22,Saturday,14,2026-06-07T14:18:00+05:30,4,Low,94.0,73,0,In Progress,3.73,0
CL-12455,ANON-0574,network authentication fails for students around Aryabhatt Bhawan II,Network,Library & Study,Aryabhatt Bhawan II,Floor 3,CS1,Tuesday,9,2026-06-07T09:30:00+05:30,3,Medium,100.0,34,1,Open,5.88,0
CL-12456,ANON-0507,two ceiling fans are not working in CR425,Electrical,Hostels,A2/1,Floor 3,CR425,Monday,8,2026-06-07T08:57:00+05:30,1,Critical,35.0,96,1,In Progress,7.03,1
CL-12457,ANON-0506,billing queue reaches the stairwell near Cafeteria / Canteen,Canteen,Food,Cafeteria / Canteen,Floor 2,CL22,Friday,13,2026-06-07T13:08:00+05:30,2,High,78.0,53,0,Resolved,4.22,0
CL-12458,ANON-0225,student common area is overcrowded after 8:00 and the room is overcrowded,Other,Administration,Auditorium,Floor 2,CR425,Monday,8,2026-06-07T08:09:00+05:30,2,High,29.0,46,0,Resolved,5.47,1
CL-12459,ANON-0543,waiting time at Annapurna / Main Mess is more than twenty minutes !!!!,Canteen,Food,Annapurna / Main Mess,Ground Floor,CR425,Friday,13,2026-06-07T13:35:00+05:30,3,Medium,54.0,61,0,Verified,4.47,1
CL-12460,ANON-0410,very weak wifi signal on Ground Floor of Aryabhatt Bhawan II,Network,Labs & Research,Aryabhatt Bhawan II,Ground Floor,CL15,Tuesday,12,2026-06-07T12:22:00+05:30,1,Critical,100.0,49,1,Escalated,7.55,0
CL-12461,ANON-0082,drinking water cooler near CS1 is empty students cannot continue class,Water,General & Utilities,,Floor 3,CS1,Tuesday,10,2026-06-07T10:49:00+05:30,1,Critical,100.0,20,0,Verified,6.62,0
CL-12462,ANON-0135,waiting time at Cafeteria / Canteen is more than twenty minutes students cannot continue class,Canteen,Food,Cafeteria / Canteen,Floor 4,FF6,Friday,13,2026-06-07T13:22:00+05:30,1,Critical,62.0,45,0,In Progress,5.45,0
CL-12463,ANON-0585,monitor and keyboard are not detected at workstation in CS1,Lab Equipment,Labs & Research,CL15,Floor 1,CS1,Friday,10,2026-06-07T10:15:00+05:30,1,Critical,38.0,62,0,Verified,5.68,1
CL-12464,ANON-0115,air conditioner stops cooling after noon on Floor 2 this happens repeatedly,Electrical,Hostels,A2/1,Floor 2,CL3,Wednesday,8,2026-06-08T08:14:00+05:30,1,Critical,,77,0,Open,6.05,1
CL-12465,ANON-0502,canteen queue is very long at 12:00 with one counter open after a power interruption,Canteen,Food,Annapurna / Main Mess,Floor 1,G2,Wednesday,12,2026-06-08T12:33:00+05:30,3,Medium,86.0,63,0,Open,4.93,1
CL-12466,ANON-0424,student common area is overcrowded after 8:00,Other,General & Utilities,Auditorium,Floor 3,G2,Tuesday,8,2026-06-08T08:54:00+05:30,2,High,61.0,51,0,In Progress,5.13,0
CL-12467,ANON-0435,laboratory equipment reports a calibration error in TS17,Lab Equipment,Labs & Research,CL22,Floor 3,TS17,Friday,14,2026-06-08T14:24:00+05:30,5,Low,36.0,51,1,Resolved,3.61,0
CL-12468,ANON-0477,internet disconnects repeatedly during the lecture in CL15,Network,Library & Study,LRC,Floor 4,CL15,Monday,10,2026-06-08T10:17:00+05:30,2,High,57.0,37,0,Resolved,4.5,0
CL-12469,ANON-0540,internet disconnects repeatedly during the lecture in CR425,Network,Academic & Teaching,LRC,Floor 3,CR425,Wednesday,9,2026-06-08T09:31:00+05:30,1,Critical,58.0,47,0,Resolved,6.14,0
CL-12470,ANON-0458,projector in CR425 switches off after ten minutes near a water cooler,Infrastructure,Academic & Teaching,A2/2,Floor 2,CR425,Monday,9,2026-06-08T09:14:00+05:30,4,Low,55.0,30,0,Resolved,3.72,0
CL-12471,ANON-0038,power socket near the desk is unsafe in CL3,Electrical,Academic & Teaching,A2/1,Floor 3,CL3,Friday,14,2026-06-08T14:31:00+05:30,3,Medium,14.0,84,0,Resolved,3.72,0
CL-12472,ANON-0185,lights flicker repeatedly inside CL3,Electrical,Hostels,H5 Boys Hostel,Ground Floor,CL3,Wednesday,12,2026-06-08T12:38:00+05:30,1,Critical,57.0,54,0,Resolved,5.41,1
CL-12473,ANON-0522,low water pressure reported around Girls Hostel near a water cooler,Water,Sports & Recreation,Girls Hostel,Floor 1,CR425,Wednesday,12,2026-06-08T12:24:00+05:30,5,Low,58.0,74,0,Escalated,1.59,0
CL-12474,ANON-0308,projector hdmi port is loose in CL22 this happens repeatedly beside the canteen queue,Infrastructure,Labs & Research,A2/1,Floor 4,CL22,Thursday,8,2026-06-08T08:08:00+05:30,2,High,58.0,40,0,Open,5.77,0
CL-12475,ANON-0080,water is leaking into the corridor on Ground Floor students cannot continue class,Water,General & Utilities,Girls Hostel,Ground Floor,CL22,Friday,13,2026-06-08T13:49:00+05:30,1,Critical,5.0,62,0,Escalated,5.04,0
CL-12476,ANON-0016,broken writing desk is blocking the aisle in FF6,Infrastructure,Labs & Research,A2/1,Floor 4,FF6,Saturday,14,2026-06-08T14:13:00+05:30,3,Medium,62.0,59,1,Resolved,4.06,0
CL-12477,ANON-0286,network authentication fails for students around Aryabhatt Bhawan II students cannot continue class after a power interruption,Network,Labs & Research,Aryabhatt Bhawan II,Floor 1,FF6,Saturday,9,2026-06-08T09:25:00+05:30,5,Low,83.0,42,0,Verified,2.14,1
CL-12478,ANON-0391,water is leaking into the corridor on Floor 4 students cannot continue class near a water cooler,Water,Sports & Recreation,Water cooler,Floor 4,CL15,Saturday,14,2026-06-08T14:36:00+05:30,4,Low,37.0,57,0,In Progress,2.86,0
CL-12479,ANON-0021,wifi becomes extremely slow near CR425 between 9:00 and 11:00,Water,Labs & Research,CL15,Floor 4,CR425,Friday,9,2026-06-08T09:37:00+05:30,3,Medium,49.0,33,0,In Progress,4.26,0
CL-12480,ANON-0248,air conditioner stops cooling after noon on Floor 4 this happens repeatedly and the room is overcrowded,Electrical,Academic & Teaching,H5 Boys Hostel,Floor 4,CL3,Monday,13,2026-06-09T13:02:00+05:30,2,High,37.0,55,0,Verified,4.75,1
CL-12481,ANON-0161,internet disconnects repeatedly during the lecture in CL3 !!!!,Network,Labs & Research,CL3,Floor 2,CL3,Monday,9,2026-06-09T09:24:00+05:30,2,High,58.0,37,1,Resolved,6.12,1
CL-12482,ANON-0194,canteen queue is very long at 13:00 with one counter open students cannot continue class,Other,Food,Annapurna / Main Mess,Floor 2,CL15,Monday,13,2026-06-09T13:15:00+05:30,4,Low,47.0,33,0,Escalated,3.66,0
CL-12483,ANON-0418,power socket near the desk is unsafe in CL22,Electrical,Academic & Teaching,CL22,Floor 4,CL22,Friday,17,2026-06-09T17:31:00+05:30,5,Low,44.0,80,0,In Progress,3.27,0
CL-12484,ANON-0358,network authentication fails for students around Aryabhatt Bhawan II,Network,Academic & Teaching,Aryabhatt Bhawan II,Floor 1,CL3,Wednesday,12,2026-06-09T12:03:00+05:30,4,Low,57.0,41,1,Escalated,5.47,0
CL-12485,ANON-0513,water is leaking into the corridor on Floor 1 !!!!,Water,Sports & Recreation,Girls Hostel,Floor 1,CS1,Thursday,18,2026-06-09T18:48:00+05:30,1,Critical,11.0,59,0,Open,5.14,1
CL-12486,ANON-0148,two ceiling fans are not working in CL15,Electrical,Labs & Research,H5 Boys Hostel,Floor 1,CL15,Friday,13,2026-06-09T13:55:00+05:30,3,Medium,70.0,48,0,Open,5.05,1
CL-12487,ANON-0035,floor near H4 Boys Hostel is dirty and slippery,Cleanliness,Hostels,H4 Boys Hostel,Floor 3,CL15,Thursday,14,2026-06-09T14:43:00+05:30,3,Medium,72.0,83,0,Open,3.91,0
CL-12488,ANON-0053,washroom near FF6 has not been cleaned today,Cleanliness,General & Utilities,Washrooms,Floor 4,FF6,Friday,16,2026-06-09T16:57:00+05:30,3,Medium,68.0,47,1,Verified,5.58,0
CL-12489,ANON-0034,food counter is overcrowded between 12:00 and 14:00,Canteen,Food,Cafeteria / Canteen,Floor 2,CR425,Thursday,12,2026-06-09T12:15:00+05:30,2,High,70.0,36,0,Resolved,6.06,0
CL-12490,ANON-0560,classroom door and several chairs need repair on Floor 2 this happens repeatedly,Infrastructure,Academic & Teaching,A2/2,Floor 2,G2,Friday,8,2026-06-09T08:39:00+05:30,2,High,63.0,46,1,Open,5.88,0
CL-12491,ANON-0335,broken writing desk is blocking the aisle in CS1,Infrastructure,Labs & Research,A2/1,Ground Floor,CS1,Wednesday,9,2026-06-09T09:40:00+05:30,2,High,78.0,70,0,Resolved,4.98,1
CL-12492,ANON-0045,network authentication fails for students around Aryabhatt Bhawan II,Network,Academic & Teaching,Aryabhatt Bhawan II,Floor 1,TS17,Tuesday,14,2026-06-09T14:10:00+05:30,3,Medium,80.0,96,1,Resolved,7.12,0
CL-12493,ANON-0326,network authentication fails for students around CL15 near a water cooler,Network,Academic & Teaching,CL15,Ground Floor,CL22,Monday,10,2026-06-09T10:30:00+05:30,2,High,93.0,80,1,In Progress,6.26,0
CL-12494,ANON-0578,food counter is overcrowded between 14:00 and 16:00,Canteen,Food,Annapurna / Main Mess,Floor 4,FF6,Saturday,14,2026-06-09T14:21:00+05:30,2,High,66.0,20,0,In Progress,4.41,1
CL-12495,ANON-0171,classroom door and several chairs need repair on Ground Floor near a water cooler,Infrastructure,Labs & Research,CL3,Ground Floor,CL22,Thursday,13,2026-06-09T13:01:00+05:30,3,Medium,48.0,69,0,Verified,4.0,1
CL-12496,ANON-0513,signage is missing for CL22 on Floor 4,Water,General & Utilities,Auditorium,Floor 4,CL22,Thursday,16,2026-06-10T16:51:00+05:30,1,Critical,73.0,41,0,Escalated,6.27,0
CL-12497,ANON-0537,very weak wifi signal on Ground Floor of Aryabhatt Bhawan II,Network,Academic & Teaching,Aryabhatt Bhawan II,Ground Floor,CL22,Thursday,10,2026-06-10T10:01:00+05:30,4,Low,73.0,58,0,Resolved,4.12,1
CL-12498,ANON-0167,garbage is overflowing in the corridor on Ground Floor,Cleanliness,General & Utilities,Aryabhatt Bhawan III,Ground Floor,TS17,Thursday,8,2026-06-10T08:21:00+05:30,1,Critical,75.0,36,0,Open,5.72,1
CL-12499,ANON-0517,classroom door and several chairs need repair on Floor 1,Infrastructure,Academic & Teaching,A2/2,Floor 1,FF6,Monday,9,2026-06-10T09:06:00+05:30,2,High,58.0,20,1,In Progress,6.29,0
CL-12500,ANON-0135,classroom door and several chairs need repair on Floor 3,Infrastructure,Labs & Research,Aryabhatt Bhawan II,Floor 3,CL15,Friday,14,2026-06-10T14:16:00+05:30,2,High,40.0,40,1,Verified,5.19,0
CL-12501,ANON-0212,two ceiling fans are not working in G2 this happens repeatedly,Electrical,Hostels,H5 Boys Hostel,Floor 3,G2,Tuesday,17,2026-06-10T17:57:00+05:30,1,Critical,36.0,70,0,Verified,4.86,1
CL-12502,ANON-0288,THREE LAB SYSTEMS FREEZE DURING COMPILATION IN CS1   !!!,Lab Equipment,Labs & Research,ECE Labs,Floor 3,CS1,Thursday,13,2026-06-10T13:07:00+05:30,3,Medium,44.0,49,1,In Progress,5.31,0
CL-12503,ANON-0013,projector in CL3 switches off after ten minutes,Infrastructure,Academic & Teaching,CL3,Floor 2,CL3,Tuesday,15,2026-06-10T15:06:00+05:30,1,Critical,50.0,71,0,Escalated,6.32,1
CL-12504,ANON-0286,billing queue reaches the stairwell near Cafeteria / Canteen,Canteen,Food,Cafeteria / Canteen,Ground Floor,CS1,Thursday,13,2026-06-10T13:22:00+05:30,3,Medium,100.0,65,0,Open,5.39,0
CL-12505,ANON-0312,computer fails to boot during practical class in CS1,Lab Equipment,Labs & Research,CL3,Floor 1,CS1,Tuesday,14,2026-06-10T14:46:00+05:30,1,Critical,40.0,64,0,In Progress,5.54,1
CL-12506,ANON-0072,lights flicker repeatedly inside G2 while the wifi is also unstable,Electrical,Labs & Research,H5 Boys Hostel,Floor 2,G2,Monday,13,2026-06-10T13:21:00+05:30,1,Critical,58.0,67,0,Resolved,5.16,0
CL-12507,ANON-0202,waiting time at Cafeteria / Canteen is more than twenty minutes,Canteen,Food,Cafeteria / Canteen,Ground Floor,G2,Thursday,13,2026-06-10T13:13:00+05:30,1,Critical,77.0,82,0,Verified,5.19,0
CL-12508,ANON-0305,water is leaking into the corridor on Floor 1,Water,Hostels,Water cooler,Floor 1,TS17,Tuesday,15,2026-06-10T15:35:00+05:30,1,Critical,51.0,90,1,In Progress,6.13,0
CL-12509,ANON-0135,wifi becomes extremely slow near TS17 between 10:00 and 12:00,Network,Library & Study,LRC,Floor 4,TS17,Friday,10,2026-06-10T10:59:00+05:30,3,Medium,71.0,64,0,Verified,4.23,0
CL-12510,ANON-0297,water is leaking into the corridor on Floor 4,Water,Sports & Recreation,Girls Hostel,Floor 4,FF6,Tuesday,12,2026-06-10T12:25:00+05:30,1,Critical,62.0,48,0,Open,5.83,0
CL-12511,ANON-0569,network authentication fails for students around Aryabhatt Bhawan II please fix urgently,Network,Labs & Research,Aryabhatt Bhawan II,Floor 1,FF6,Thursday,10,2026-06-10T10:57:00+05:30,4,Low,76.0,48,0,Verified,3.95,0
CL-12512,ANON-0151,network authentication fails for students around CL15,Network,Library & Study,CL15,Ground Floor,CL22,Monday,10,2026-06-11T10:03:00+05:30,2,High,44.0,40,1,Verified,5.3,0
CL-12513,ANON-0028,wifi becomes extremely slow near CL15 between 14:00 and 16:00 and the room is overcrowded,Network,Labs & Research,LRC,Floor 4,CL15,Monday,14,2026-06-11T14:53:00+05:30,2,High,100.0,59,1,In Progress,7.47,0
CL-12514,ANON-0487,internet disconnects repeatedly during the lecture in FF6,Network,Academic & Teaching,CL15,Floor 3,FF6,Monday,11,2026-06-11T11:10:00+05:30,3,Medium,76.0,51,1,In Progress,5.37,1
CL-12515,ANON-0006,power socket near the desk is unsafe in CL3,Electrical,Hostels,A2/1,Floor 1,CL3,Wednesday,13,2026-06-11T13:21:00+05:30,4,Low,68.0,57,0,Resolved,4.02,1
CL-12516,ANON-0571,signage is missing for CS1 on Floor 1,Other,Administration,Auditorium,Floor 1,CS1,Tuesday,17,2026-06-11T17:57:00+05:30,1,Critical,40.0,45,1,Verified,6.57,0
CL-12517,ANON-0160,projector in CL15 switches off after ten minutes after a power interruption,Infrastructure,Academic & Teaching,CL3,Floor 2,CL15,Friday,8,2026-06-11T08:55:00+05:30,1,Critical,44.0,64,0,Verified,6.27,1
CL-12518,ANON-0086,garbage is overflowing in the corridor on Floor 2 please fix urgently,Cleanliness,Hostels,H4 Boys Hostel,Floor 2,FF6,Monday,17,2026-06-11T17:38:00+05:30,3,Medium,63.0,56,0,Resolved,4.3,1
CL-12519,ANON-0260,very weak wifi signal on Floor 3 of LRC,Network,Labs & Research,LRC,Floor 3,CL3,Friday,10,2026-06-11T10:19:00+05:30,3,Medium,83.0,38,1,Resolved,6.12,0
CL-12520,ANON-0008,broken writing desk is blocking the aisle in G2,Infrastructure,Labs & Research,,Ground Floor,G2,Monday,16,2026-06-11T16:12:00+05:30,2,High,42.0,61,0,Resolved,4.85,0
CL-12521,ANON-0182,internet disconnects repeatedly during the lecture in G2,Network,Library & Study,LRC,Floor 4,G2,Monday,9,2026-06-11T09:06:00+05:30,1,Critical,81.0,58,0,In Progress,4.89,0
CL-12522,ANON-0485,water is leaking into the corridor on Floor 4,Water,General & Utilities,Water cooler,Floor 4,CR425,Tuesday,14,2026-06-11T14:02:00+05:30,2,High,33.0,66,0,Open,4.35,0
CL-12523,ANON-0053,very weak wifi signal on Floor 4 of CL3 this happens repeatedly,Network,Library & Study,CL3,Floor 4,CL22,Monday,11,2026-06-11T11:49:00+05:30,1,Critical,74.0,57,0,Escalated,6.4,0
CL-12524,ANON-0066,internet disconnects repeatedly during the lecture in FF6,Network,Academic & Teaching,,Ground Floor,FF6,Friday,9,2026-06-11T09:00:00+05:30,1,Critical,52.0,96,0,Resolved,5.07,1
CL-12525,ANON-0148,wifi becomes extremely slow near CS1 between 9:00 and 11:00,Network,Labs & Research,CL3,Ground Floor,CS1,Thursday,9,2026-06-11T09:32:00+05:30,1,Critical,84.0,50,1,Verified,7.36,0
CL-12526,ANON-0269,monitor and keyboard are not detected at workstation in CR425,Lab Equipment,Labs & Research,ECE Labs,Floor 4,CR425,Thursday,17,2026-06-11T17:53:00+05:30,2,High,12.0,36,1,Open,4.59,1
CL-12527,ANON-0558,network authentication fails for students around Aryabhatt Bhawan II,Network,Labs & Research,Aryabhatt Bhawan II,Ground Floor,FF6,Friday,9,2026-06-11T09:52:00+05:30,3,Medium,51.0,52,0,Resolved,4.61,0
CL-12528,ANON-0494,TWO CEILING FANS ARE NOT WORKING IN CL22 AFTER A POWER INTERRUPTION   !!!,Electrical,Academic & Teaching,A2/1,Ground Floor,CL22,Thursday,8,2026-06-12T08:12:00+05:30,2,High,20.0,85,1,In Progress,5.07,0
CL-12529,ANON-0341,garbage is overflowing in the corridor on Floor 1 near a water cooler,Cleanliness,Academic & Teaching,H4 Boys Hostel,Floor 1,G2,Tuesday,9,2026-06-12T09:15:00+05:30,5,Low,57.0,74,0,Verified,3.16,0
CL-12530,ANON-0041,three lab systems freeze during compilation in G2,Lab Equipment,Labs & Research,CL1,Floor 1,G2,Tuesday,8,2026-06-12T08:25:00+05:30,2,High,76.0,62,1,Open,6.37,0
CL-12531,ANON-0197,unclassified campus issue reported around Administration Block,Other,Sports & Recreation,Administration Block,Ground Floor,TS17,Tuesday,14,2026-06-12T14:17:00+05:30,3,Medium,34.0,59,0,Resolved,4.13,0
CL-12532,ANON-0338,washroom near TS17 has not been cleaned today !!!!,Cleanliness,General & Utilities,Aryabhatt Bhawan III,Floor 3,TS17,Friday,13,2026-06-12T13:43:00+05:30,1,Critical,46.0,67,0,Verified,5.0,0
CL-12533,ANON-0483,power socket near the desk is unsafe in CL22 after a power interruption,Electrical,Academic & Teaching,A2/1,Floor 2,CL22,Monday,18,2026-06-12T18:59:00+05:30,1,Critical,17.0,51,0,Verified,5.06,1
CL-12534,ANON-0030,very weak wifi signal on Floor 2 of Aryabhatt Bhawan II,Network,Labs & Research,Aryabhatt Bhawan II,Floor 2,CL22,Tuesday,9,2026-06-12T09:34:00+05:30,5,Low,65.0,28,0,Open,2.27,0
CL-12535,ANON-0424,wifi becomes extremely slow near CS1 between 10:00 and 12:00,Network,Library & Study,LRC,Floor 2,CS1,Monday,10,2026-06-12T10:33:00+05:30,5,Low,91.0,31,1,Open,4.15,1
CL-12536,ANON-0273,PROJECTOR HDMI PORT IS LOOSE IN TS17   !!!,Infrastructure,Academic & Teaching,A2/1,Ground Floor,TS17,Friday,12,2026-06-12T12:32:00+05:30,5,Low,36.0,46,0,Open,1.11,0
CL-12537,ANON-0325,classroom door and several chairs need repair on Floor 2 while the wifi is also unstable,Water,Labs & Research,CL3,Floor 2,G2,Saturday,16,2026-06-12T16:53:00+05:30,3,Medium,51.0,59,0,Open,4.04,0
CL-12538,ANON-0010,billing queue reaches the stairwell near Cafeteria / Canteen after a power interruption,Canteen,Food,Cafeteria / Canteen,Floor 4,CR425,Wednesday,12,2026-06-12T12:40:00+05:30,4,Low,83.0,51,0,Open,3.86,0
CL-12539,ANON-0116,three lab systems freeze during compilation in G2 while the wifi is also unstable,Lab Equipment,Labs & Research,CL22,Floor 4,G2,Friday,13,2026-06-12T13:37:00+05:30,2,High,55.0,44,1,Resolved,5.65,0
CL-12540,ANON-0434,washroom near G2 has not been cleaned today,Cleanliness,General & Utilities,Washrooms,Ground Floor,G2,Friday,12,2026-06-12T12:25:00+05:30,2,High,36.0,20,0,Resolved,5.17,0
CL-12541,ANON-0342,laboratory equipment reports a calibration error in CL15 beside the canteen queue,Lab Equipment,Labs & Research,CL15,Ground Floor,CL15,Thursday,10,2026-06-12T10:38:00+05:30,3,Medium,68.0,30,0,Open,4.09,1
CL-12542,ANON-0152,classroom door and several chairs need repair on Floor 4,Infrastructure,Labs & Research,Aryabhatt Bhawan II,Floor 4,G2,Thursday,14,2026-06-12T14:16:00+05:30,1,Critical,71.0,44,1,Verified,6.16,0
CL-12543,ANON-0450,network authentication fails for students around LRC,Network,Library & Study,LRC,Floor 3,G2,Thursday,9,2026-06-12T09:04:00+05:30,4,Low,87.0,43,0,Resolved,3.68,0
CL-12544,ANON-0375,broken writing desk is blocking the aisle in CL3 !!!! while the wifi is also unstable,Infrastructure,Labs & Research,A2/1,Floor 2,CL3,Thursday,8,2026-06-13T08:57:00+05:30,2,High,20.0,34,0,Open,3.9,0
CL-12545,ANON-0585,two ceiling fans are not working in FF6,Electrical,Labs & Research,A2/1,Ground Floor,FF6,Friday,8,2026-06-13T08:21:00+05:30,1,Critical,48.0,46,0,Verified,4.04,0
CL-12546,ANON-0573,broken writing desk is blocking the aisle in FF6,Infrastructure,Labs & Research,A2/2,Ground Floor,FF6,Monday,12,2026-06-13T12:28:00+05:30,2,High,32.0,30,0,In Progress,3.77,0
CL-12547,ANON-0065,canteen queue is very long at 13:00 with one counter open,Canteen,Food,Annapurna / Main Mess,Floor 2,G2,Thursday,13,2026-06-13T13:28:00+05:30,2,High,95.0,80,1,Verified,7.11,0
CL-12548,ANON-0061,two ceiling fans are not working in CR425 beside the canteen queue,Electrical,Labs & Research,H5 Boys Hostel,Floor 3,CR425,Wednesday,14,2026-06-13T14:29:00+05:30,3,Medium,69.0,76,1,Open,6.89,0
CL-12549,ANON-0590,monitor and keyboard are not detected at workstation in G2,Lab Equipment,Labs & Research,CL1,Floor 2,G2,Tuesday,14,2026-06-13T14:15:00+05:30,1,Critical,54.0,73,0,Open,7.37,1
CL-12550,ANON-0088,classroom door and several chairs need repair on Floor 4,Infrastructure,Academic & Teaching,Aryabhatt Bhawan II,Floor 4,CR425,Saturday,17,2026-06-13T17:17:00+05:30,1,Critical,45.0,44,0,In Progress,5.97,0
CL-12551,ANON-0495,very weak wifi signal on Floor 1 of CL3 this happens repeatedly,Network,Academic & Teaching,CL3,Floor 1,CL15,Monday,9,2026-06-13T09:55:00+05:30,2,High,84.0,36,1,Open,6.72,0
CL-12552,ANON-0361,student common area is overcrowded after 12:00,Network,Administration,Auditorium,Floor 3,CL15,Wednesday,12,2026-06-13T12:02:00+05:30,1,Critical,71.0,88,0,In Progress,6.42,1
CL-12553,ANON-0457,internet disconnects repeatedly during the lecture in CR425,Network,Academic & Teaching,CL15,Floor 2,CR425,Wednesday,9,2026-06-13T09:35:00+05:30,2,High,80.0,63,0,Verified,5.54,0
CL-12554,ANON-0487,spill outside CS1 creates a safety hazard,Cleanliness,General & Utilities,Aryabhatt Bhawan III,Ground Floor,CS1,Friday,10,2026-06-13T10:25:00+05:30,2,High,63.0,56,0,Open,4.62,0
CL-12555,ANON-0156,washroom near CL15 has not been cleaned today,Cleanliness,Academic & Teaching,H4 Boys Hostel,Floor 1,CL15,Monday,8,2026-06-13T08:58:00+05:30,2,High,68.0,21,0,Open,4.42,1
CL-12556,ANON-0351,projector in CL3 switches off after ten minutes,Infrastructure,Academic & Teaching,A2/1,Floor 2,CL3,Saturday,10,2026-06-13T10:42:00+05:30,1,Critical,52.0,48,1,Verified,7.72,1
CL-12557,ANON-0495,drinking water cooler near CL15 is empty after a power interruption,Water,Hostels,Girls Hostel,Floor 2,CL15,Monday,15,2026-06-13T15:16:00+05:30,3,Medium,100.0,61,0,Open,5.29,0
CL-12558,ANON-0229,waiting time at Cafeteria / Canteen is more than twenty minutes please fix urgently,Canteen,Food,Cafeteria / Canteen,Floor 2,CR425,Friday,12,2026-06-13T12:17:00+05:30,3,Medium,66.0,55,0,Resolved,3.83,1
CL-12559,ANON-0272,very weak wifi signal on Floor 3 of LRC while the wifi is also unstable,Network,Library & Study,LRC,Floor 3,CL22,Tuesday,12,2026-06-13T12:10:00+05:30,5,Low,51.0,40,0,Open,3.34,0
CL-12560,ANON-0173,internet disconnects repeatedly during the lecture in CS1,Network,Library & Study,LRC,Floor 1,CS1,Saturday,12,2026-06-14T12:51:00+05:30,2,High,88.0,59,0,Verified,5.38,1
CL-12561,ANON-0226,spill outside CL3 creates a safety hazard,Cleanliness,General & Utilities,Washrooms,Floor 3,CL3,Monday,15,2026-06-14T15:44:00+05:30,2,High,44.0,58,0,Open,5.16,0
CL-12562,ANON-0560,water is leaking into the corridor on Ground Floor,Water,Hostels,Girls Hostel,Ground Floor,CL22,Saturday,10,2026-06-14T10:41:00+05:30,3,Medium,57.0,94,0,Resolved,4.25,0
CL-12563,ANON-0482,monitor and keyboard are not detected at workstation in CL3,Lab Equipment,Labs & Research,CL15,Floor 2,CL3,Tuesday,14,2026-06-14T14:30:00+05:30,3,Medium,46.0,43,1,Verified,5.41,1
CL-12564,ANON-0572,garbage is overflowing in the corridor on Floor 3,Cleanliness,Academic & Teaching,Aryabhatt Bhawan III,Floor 3,TS17,Thursday,9,2026-06-14T09:54:00+05:30,2,High,100.0,22,1,Resolved,7.2,0
CL-12565,ANON-0227,very weak wifi signal on Floor 3 of CL3 this happens repeatedly beside the canteen queue,Network,Academic & Teaching,CL3,Floor 3,CS1,Tuesday,12,2026-06-14T12:27:00+05:30,1,Critical,100.0,74,0,Open,6.29,1
CL-12566,ANON-0232,unclassified campus issue reported around Parking beside the canteen queue,Other,Administration,Parking,Floor 4,G2,Thursday,10,2026-06-14T10:56:00+05:30,2,High,86.0,72,0,Verified,5.73,0
CL-12567,ANON-0209,floor near Washrooms is dirty and slippery,Cleanliness,General & Utilities,Washrooms,Floor 3,G2,Friday,13,2026-06-14T13:49:00+05:30,4,Low,77.0,51,0,Open,3.85,1
CL-12568,ANON-0555,broken writing desk is blocking the aisle in CL22 beside the canteen queue,Infrastructure,Academic & Teaching,Aryabhatt Bhawan II,Floor 4,CL22,Tuesday,16,2026-06-14T16:37:00+05:30,3,Medium,70.0,58,1,Resolved,5.62,1
CL-12569,ANON-0171,projector hdmi port is loose in TS17 after a power interruption,Infrastructure,Labs & Research,A2/2,Ground Floor,TS17,Saturday,16,2026-06-14T16:13:00+05:30,3,Medium,39.0,91,0,Resolved,4.23,1
CL-12570,ANON-0127,broken writing desk is blocking the aisle in CS1,Infrastructure,Academic & Teaching,A2/2,Ground Floor,CS1,Monday,14,2026-06-14T14:45:00+05:30,2,High,51.0,43,1,In Progress,6.04,1
CL-12571,ANON-0288,garbage is overflowing in the corridor on Floor 4,Cleanliness,Academic & Teaching,Washrooms,Floor 4,CL15,Tuesday,16,2026-06-14T16:13:00+05:30,4,Low,80.0,61,0,In Progress,3.11,0
CL-12572,ANON-0021,wifi becomes extremely slow near FF6 between 11:00 and 13:00,Network,Academic & Teaching,Aryabhatt Bhawan II,Floor 1,FF6,Tuesday,11,2026-06-14T11:01:00+05:30,1,Critical,66.0,73,0,Resolved,6.37,1
CL-12573,ANON-0195,billing queue reaches the stairwell near Annapurna / Main Mess beside the canteen queue,Canteen,Food,Annapurna / Main Mess,Floor 3,CL22,Monday,13,2026-06-14T13:46:00+05:30,3,Medium,68.0,47,0,Resolved,3.44,0
CL-12574,ANON-0278,laboratory equipment reports a calibration error in TS17,Lab Equipment,Labs & Research,ECE Labs,Floor 2,TS17,Monday,11,2026-06-14T11:05:00+05:30,4,Low,38.0,42,1,Resolved,2.62,1
CL-12575,ANON-0531,very weak wifi signal on Floor 2 of CL15,Canteen,Labs & Research,CL15,Floor 2,CS1,Thursday,9,2026-06-14T09:59:00+05:30,3,Medium,91.0,62,0,Resolved,4.07,1
CL-12576,ANON-0580,network authentication fails for students around CL15 after a power interruption,Network,Academic & Teaching,CL15,Floor 4,FF6,Thursday,10,2026-06-15T10:28:00+05:30,3,Medium,75.0,43,0,Resolved,4.44,0
CL-12577,ANON-0276,waiting time at Cafeteria / Canteen is more than twenty minutes,Canteen,Food,Cafeteria / Canteen,Floor 2,CL22,Wednesday,14,2026-06-15T14:05:00+05:30,3,Medium,100.0,46,1,Resolved,7.15,0
CL-12578,ANON-0146,very weak wifi signal on Floor 1 of Aryabhatt Bhawan II,Network,Academic & Teaching,Aryabhatt Bhawan II,Floor 1,CL3,Thursday,10,2026-06-15T10:36:00+05:30,2,High,100.0,38,1,Resolved,6.48,0
CL-12579,ANON-0587,wifi becomes extremely slow near CS1 between 10:00 and 12:00 students cannot continue class,Network,Labs & Research,LRC,Floor 1,CS1,Friday,10,2026-06-15T10:45:00+05:30,5,Low,,44,0,Escalated,3.75,0
CL-12580,ANON-0119,waiting time at Cafeteria / Canteen is more than twenty minutes,Other,Food,Cafeteria / Canteen,Floor 4,CL15,Monday,13,2026-06-15T13:24:00+05:30,2,High,100.0,60,0,Open,5.74,1
CL-12581,ANON-0291,projector in CS1 switches off after ten minutes this happens repeatedly while the wifi is also unstable,Infrastructure,Labs & Research,A2/2,Floor 4,CS1,Wednesday,12,2026-06-15T12:59:00+05:30,4,Low,50.0,56,1,In Progress,5.1,0
CL-12582,ANON-0332,classroom door and several chairs need repair on Floor 1 while the wifi is also unstable,Infrastructure,Labs & Research,A2/1,Floor 1,G2,Monday,14,2026-06-15T14:08:00+05:30,3,Medium,48.0,48,1,Verified,4.92,0
CL-12583,ANON-0341,classroom door and several chairs need repair on Floor 3,Infrastructure,Academic & Teaching,CL3,Floor 3,G2,Saturday,10,2026-06-15T10:23:00+05:30,2,High,69.0,59,0,Resolved,4.12,1
CL-12584,ANON-0189,three lab systems freeze during compilation in TS17 after a power interruption,Lab Equipment,Labs & Research,CL22,Ground Floor,TS17,Monday,11,2026-06-15T11:04:00+05:30,4,Low,68.0,61,1,Resolved,4.84,0
CL-12585,ANON-0272,projector in CL15 switches off after ten minutes !!!!,Infrastructure,Academic & Teaching,Aryabhatt Bhawan II,Ground Floor,CL15,Friday,9,2026-06-15T09:33:00+05:30,4,Low,71.0,75,1,Verified,4.14,0
CL-12586,ANON-0570,network authentication fails for students around CL3 this happens repeatedly,Network,Labs & Research,CL3,Floor 2,CR425,Tuesday,10,2026-06-15T10:37:00+05:30,3,Medium,95.0,21,1,Escalated,5.3,0
CL-12587,ANON-0194,very weak wifi signal on Floor 1 of CL3,Network,Labs & Research,CL3,Floor 1,FF6,Tuesday,9,2026-06-15T09:51:00+05:30,3,Medium,55.0,70,0,Open,3.43,1
CL-12588,ANON-0334,billing queue reaches the stairwell near Annapurna / Main Mess,Canteen,Food,Annapurna / Main Mess,Floor 2,FF6,Monday,12,2026-06-15T12:25:00+05:30,2,High,,84,0,Escalated,4.48,0
CL-12589,ANON-0567,very weak wifi signal on Floor 4 of LRC,Network,Library & Study,LRC,Floor 4,CS1,Friday,12,2026-06-15T12:47:00+05:30,1,Critical,76.0,50,1,Resolved,6.34,0
CL-12590,ANON-0007,canteen queue is very long at 14:00 with one counter open,Canteen,Food,Annapurna / Main Mess,Floor 1,CL3,Monday,14,2026-06-15T14:32:00+05:30,1,Critical,89.0,73,0,Verified,6.73,1
CL-12591,ANON-0537,water point near Water cooler is not operational,Water,Sports & Recreation,Water cooler,Floor 3,FF6,Wednesday,13,2026-06-15T13:43:00+05:30,2,High,45.0,69,1,Verified,6.19,1
CL-12592,ANON-0199,parking congestion blocks the entrance near Parking,Canteen,General & Utilities,Parking,Floor 4,G2,Friday,13,2026-06-16T13:13:00+05:30,1,Critical,50.0,43,1,In Progress,5.66,0
CL-12593,ANON-0482,wifi becomes extremely slow near CL22 between 11:00 and 13:00 students cannot continue class while the wifi is also unstable,Network,Academic & Teaching,LRC,Floor 2,CL22,Monday,11,2026-06-16T11:01:00+05:30,1,Critical,100.0,40,1,Resolved,6.71,1
CL-12594,ANON-0130,billing queue reaches the stairwell near Annapurna / Main Mess near a water cooler,Canteen,Food,Annapurna / Main Mess,Floor 2,TS17,Friday,12,2026-06-16T12:29:00+05:30,3,Medium,97.0,62,0,In Progress,3.08,0
CL-12595,ANON-0305,projector hdmi port is loose in TS17 this happens repeatedly,Infrastructure,Labs & Research,CL3,Floor 2,TS17,Saturday,14,2026-06-16T14:35:00+05:30,5,Low,47.0,44,0,Open,2.89,0
CL-12596,ANON-0088,waiting time at Cafeteria / Canteen is more than twenty minutes,Canteen,Food,Cafeteria / Canteen,Floor 1,TS17,Monday,13,2026-06-16T13:30:00+05:30,4,Low,83.0,72,1,Verified,5.0,0
CL-12597,ANON-0180,broken writing desk is blocking the aisle in CS1 !!!!,Infrastructure,Labs & Research,A2/1,Ground Floor,CS1,Monday,15,2026-06-16T15:42:00+05:30,5,Low,54.0,29,1,Open,3.35,0
CL-12598,ANON-0586,network authentication fails for students around Aryabhatt Bhawan II please fix urgently,Network,Academic & Teaching,Aryabhatt Bhawan II,Floor 4,CR425,Friday,12,2026-06-16T12:16:00+05:30,3,Medium,58.0,63,1,Resolved,4.89,1
CL-12599,ANON-0018,internet disconnects repeatedly during the lecture in FF6,Network,Labs & Research,CL3,Floor 3,FF6,Wednesday,12,2026-06-16T12:01:00+05:30,3,Medium,72.0,32,0,Verified,4.37,0
CL-12600,ANON-0201,network authentication fails for students around CL3,Network,Academic & Teaching,CL3,Floor 2,CL3,Wednesday,10,2026-06-16T10:24:00+05:30,4,Low,84.0,81,1,Open,5.04,0
CL-12601,ANON-0480,laboratory equipment reports a calibration error in TS17,Lab Equipment,Labs & Research,CL15,Ground Floor,TS17,Thursday,17,2026-06-16T17:34:00+05:30,2,High,61.0,59,0,Verified,4.79,0
CL-12602,ANON-0088,internet disconnects repeatedly during the lecture in CL22 students cannot continue class while the wifi is also unstable,Network,Library & Study,CL15,Floor 3,CL22,Tuesday,12,2026-06-16T12:35:00+05:30,2,High,87.0,52,1,Open,6.14,0
CL-12603,ANON-0302,wifi becomes extremely slow near TS17 between 11:00 and 13:00,Network,Library & Study,CL3,Ground Floor,TS17,Tuesday,11,2026-06-16T11:38:00+05:30,5,Low,51.0,55,0,Resolved,2.52,0
CL-12604,ANON-0392,projector in CL15 switches off after ten minutes,Infrastructure,Labs & Research,CL3,Floor 4,CL15,Tuesday,10,2026-06-16T10:58:00+05:30,3,Medium,78.0,65,0,Escalated,4.47,1
CL-12605,ANON-0363,projector in CL3 switches off after ten minutes students cannot continue class,Infrastructure,Labs & Research,CL3,Ground Floor,CL3,Tuesday,16,2026-06-16T16:34:00+05:30,5,Low,72.0,62,0,Open,3.24,0
CL-12606,ANON-0519,billing queue reaches the stairwell near Cafeteria / Canteen this happens repeatedly,Canteen,Food,Cafeteria / Canteen,Floor 3,CL22,Monday,13,2026-06-16T13:02:00+05:30,3,Medium,76.0,51,0,Verified,3.72,0
CL-12607,ANON-0533,water point near Water cooler is not operational please fix urgently while the wifi is also unstable,Water,Sports & Recreation,Water cooler,Floor 4,TS17,Saturday,9,2026-06-16T09:35:00+05:30,2,High,,71,0,Open,5.14,0
CL-12608,ANON-0529,waiting time at Annapurna / Main Mess is more than twenty minutes this happens repeatedly,Cleanliness,Food,Annapurna / Main Mess,Floor 4,TS17,Thursday,13,2026-06-17T13:09:00+05:30,2,High,100.0,85,0,Escalated,6.44,0
CL-12609,ANON-0506,classroom door and several chairs need repair on Floor 1,Infrastructure,Labs & Research,Aryabhatt Bhawan II,Floor 1,FF6,Thursday,11,2026-06-17T11:11:00+05:30,2,High,50.0,53,0,Resolved,6.07,0
CL-12610,ANON-0250,network authentication fails for students around Aryabhatt Bhawan II,Network,Labs & Research,Aryabhatt Bhawan II,Floor 1,TS17,Monday,14,2026-06-17T14:52:00+05:30,3,Medium,61.0,63,1,Open,4.47,0
CL-12611,ANON-0575,very weak wifi signal on Floor 4 of CL3,Network,Academic & Teaching,CL3,Floor 4,CL3,Thursday,9,2026-06-17T09:05:00+05:30,3,Medium,97.0,69,0,Resolved,5.28,0
CL-12612,ANON-0509,water is leaking into the corridor on Floor 1,Water,General & Utilities,Water cooler,Floor 1,G2,Tuesday,12,2026-06-17T12:22:00+05:30,2,High,43.0,68,0,Verified,4.62,0
CL-12613,ANON-0533,internet disconnects repeatedly during the lecture in CL22,Network,Academic & Teaching,CL3,Floor 2,CL22,Saturday,10,2026-06-17T10:04:00+05:30,4,Low,83.0,24,1,Resolved,3.85,0
CL-12614,ANON-0291,garbage is overflowing in the corridor on Floor 2,Cleanliness,Academic & Teaching,Washrooms,Floor 2,CR425,Monday,11,2026-06-17T11:17:00+05:30,3,Medium,31.0,64,0,In Progress,4.14,1
CL-12615,ANON-0213,network authentication fails for students around LRC please fix urgently,Network,Library & Study,LRC,Floor 2,CS1,Wednesday,14,2026-06-17T14:12:00+05:30,3,Medium,88.0,60,1,In Progress,5.65,0
CL-12616,ANON-0535,INTERNET DISCONNECTS REPEATEDLY DURING THE LECTURE IN CR425 THIS HAPPENS REPEATEDLY AFTER A POWER INTERRUPTION   !!!,Network,Library & Study,Aryabhatt Bhawan II,Floor 4,CR425,Tuesday,10,2026-06-17T10:02:00+05:30,2,High,57.0,73,1,In Progress,6.19,0
CL-12617,ANON-0220,projector in CR425 switches off after ten minutes please fix urgently,Infrastructure,Academic & Teaching,CL3,Ground Floor,CR425,Monday,17,2026-06-17T17:40:00+05:30,5,Low,65.0,26,1,Escalated,4.07,1
CL-12618,ANON-0426,very weak wifi signal on Floor 1 of CL15,Lab Equipment,Labs & Research,CL15,Floor 1,CL22,Wednesday,10,2026-06-17T10:49:00+05:30,2,High,57.0,75,0,Verified,3.93,0
CL-12619,ANON-0403,internet disconnects repeatedly during the lecture in G2,Network,Library & Study,Aryabhatt Bhawan II,Floor 4,G2,Friday,14,2026-06-17T14:46:00+05:30,3,Medium,57.0,54,1,Resolved,6.23,1
CL-12620,ANON-0492,projector hdmi port is loose in CS1,Infrastructure,Labs & Research,A2/2,Floor 4,CS1,Friday,16,2026-06-17T16:20:00+05:30,3,Medium,45.0,54,0,Verified,4.91,0
CL-12621,ANON-0577,broken writing desk is blocking the aisle in G2 near a water cooler,Infrastructure,Academic & Teaching,Aryabhatt Bhawan II,Floor 4,G2,Saturday,15,2026-06-17T15:20:00+05:30,5,Low,65.0,64,0,Escalated,2.24,0
CL-12622,ANON-0235,power socket near the desk is unsafe in CL22,Electrical,Labs & Research,CL22,Floor 3,CL22,Monday,15,2026-06-17T15:42:00+05:30,1,Critical,70.0,78,0,In Progress,5.8,0
CL-12623,ANON-0450,projector hdmi port is loose in CL22 while the wifi is also unstable,Infrastructure,Labs & Research,A2/1,Ground Floor,CL22,Thursday,15,2026-06-17T15:35:00+05:30,2,High,42.0,57,0,Resolved,4.46,0
CL-12624,ANON-0104,internet disconnects repeatedly during the lecture in CS1,Network,Labs & Research,Aryabhatt Bhawan II,Floor 4,CS1,Friday,14,2026-06-18T14:23:00+05:30,2,High,100.0,58,0,Resolved,4.59,0
CL-12625,ANON-0471,broken writing desk is blocking the aisle in CS1,Infrastructure,Academic & Teaching,CL3,Floor 4,CS1,Saturday,10,2026-06-18T10:29:00+05:30,1,Critical,51.0,58,0,Resolved,4.75,0
CL-12626,ANON-0581,three lab systems freeze during compilation in CR425,Lab Equipment,Labs & Research,CL22,Floor 2,CR425,Tuesday,12,2026-06-18T12:30:00+05:30,2,High,55.0,55,0,In Progress,5.57,1
CL-12627,ANON-0242,power socket near the desk is unsafe in FF6 while the wifi is also unstable,Electrical,Academic & Teaching,CL22,Floor 3,FF6,Thursday,11,2026-06-18T11:11:00+05:30,2,High,50.0,86,0,In Progress,5.22,0
CL-12628,ANON-0059,laboratory equipment reports a calibration error in G2 students cannot continue class,Lab Equipment,Labs & Research,CL22,Floor 3,G2,Thursday,12,2026-06-18T12:34:00+05:30,3,Medium,55.0,29,1,Resolved,4.75,0
CL-12629,ANON-0584,very weak wifi signal on Ground Floor of Aryabhatt Bhawan II and the room is overcrowded,Network,Library & Study,Aryabhatt Bhawan II,Ground Floor,CL15,Monday,11,2026-06-18T11:23:00+05:30,4,Low,77.0,52,0,Verified,4.29,0
CL-12630,ANON-0298,canteen queue is very long at 14:00 with one counter open,Canteen,Food,Annapurna / Main Mess,Ground Floor,CS1,Monday,14,2026-06-18T14:49:00+05:30,3,Medium,78.0,34,0,Open,4.41,0
CL-12631,ANON-0147,power socket near the desk is unsafe in TS17,Electrical,Labs & Research,H5 Boys Hostel,Floor 1,TS17,Friday,13,2026-06-18T13:37:00+05:30,1,Critical,66.0,90,0,Resolved,6.15,0
CL-12632,ANON-0531,projector in TS17 switches off after ten minutes,Infrastructure,Labs & Research,A2/2,Floor 1,TS17,Wednesday,9,2026-06-18T09:05:00+05:30,3,Medium,62.0,72,1,Resolved,5.4,0
CL-12633,ANON-0263,wifi becomes extremely slow near CL15 between 10:00 and 12:00,Network,Labs & Research,LRC,Ground Floor,CL15,Thursday,10,2026-06-18T10:01:00+05:30,2,High,67.0,78,0,Resolved,5.15,0
CL-12634,ANON-0412,LOW WATER PRESSURE REPORTED AROUND SWIMMING POOL !!!! BESIDE THE CANTEEN QUEUE   !!!,Water,General & Utilities,Swimming Pool,Floor 3,CL15,Saturday,18,2026-06-18T18:54:00+05:30,3,Medium,89.0,33,0,Resolved,4.53,1
CL-12635,ANON-0231,internet disconnects repeatedly during the lecture in CL15,Network,Academic & Teaching,CL15,Floor 4,CL15,Tuesday,10,2026-06-18T10:59:00+05:30,1,Critical,72.0,64,0,Resolved,6.2,0
CL-12636,ANON-0225,projector in TS17 switches off after ten minutes please fix urgently,Infrastructure,Labs & Research,A2/1,Floor 3,TS17,Tuesday,17,2026-06-18T17:44:00+05:30,3,Medium,100.0,30,1,Open,5.2,0
CL-12637,ANON-0494,wifi becomes extremely slow near FF6 between 14:00 and 16:00,Network,Library & Study,CL15,Floor 1,FF6,Monday,14,2026-06-18T14:26:00+05:30,2,High,63.0,42,0,In Progress,4.72,1
CL-12638,ANON-0409,billing queue reaches the stairwell near Annapurna / Main Mess please fix urgently after a power interruption,Canteen,Food,Annapurna / Main Mess,Floor 2,CL15,Wednesday,13,2026-06-18T13:27:00+05:30,1,Critical,86.0,58,0,Open,5.36,0
CL-12639,ANON-0536,wifi becomes extremely slow near FF6 between 10:00 and 12:00 students cannot continue class,Network,Labs & Research,LRC,Floor 4,FF6,Monday,10,2026-06-18T10:51:00+05:30,3,Medium,56.0,48,0,Resolved,3.25,0
CL-12640,ANON-0179,washroom near G2 has not been cleaned today,Cleanliness,Hostels,Aryabhatt Bhawan III,Floor 3,G2,Tuesday,17,2026-06-19T17:34:00+05:30,1,Critical,60.0,39,0,In Progress,5.85,1
CL-12641,ANON-0134,garbage is overflowing in the corridor on Floor 4,Cleanliness,Hostels,Washrooms,Floor 4,G2,Monday,9,2026-06-19T09:16:00+05:30,1,Critical,58.0,61,0,Resolved,5.93,0
CL-12642,ANON-0011,very weak wifi signal on Floor 3 of CL3 !!!!,Network,Labs & Research,CL3,Floor 3,CS1,Wednesday,10,2026-06-19T10:41:00+05:30,2,High,100.0,36,0,In Progress,6.2,0
CL-12643,ANON-0056,billing queue reaches the stairwell near Annapurna / Main Mess please fix urgently,Canteen,Food,Annapurna / Main Mess,Ground Floor,CL15,Thursday,14,2026-06-19T14:09:00+05:30,4,Low,79.0,60,0,Resolved,2.94,0
CL-12644,ANON-0459,canteen queue is very long at 13:00 with one counter open !!!! and the room is overcrowded,Canteen,Food,Cafeteria / Canteen,Ground Floor,CL22,Thursday,13,2026-06-19T13:11:00+05:30,3,Medium,44.0,38,0,Open,4.5,0
CL-12645,ANON-0485,wifi becomes extremely slow near CS1 between 14:00 and 16:00 near a water cooler,Network,Academic & Teaching,LRC,Floor 4,CS1,Saturday,14,2026-06-19T14:22:00+05:30,3,Medium,100.0,82,0,Resolved,4.88,0
CL-12646,ANON-0570,network authentication fails for students around CL3,Network,Academic & Teaching,CL3,Floor 2,TS17,Saturday,10,2026-06-19T10:24:00+05:30,5,Low,70.0,49,1,Verified,4.14,1
CL-12647,ANON-0440,three lab systems freeze during compilation in FF6,Lab Equipment,Labs & Research,CL1,Ground Floor,FF6,Thursday,9,2026-06-19T09:51:00+05:30,2,High,52.0,63,0,Open,5.0,0
CL-12648,ANON-0480,signage is missing for TS17 on Ground Floor,Other,General & Utilities,Parking,Ground Floor,TS17,Friday,15,2026-06-19T15:04:00+05:30,2,High,78.0,26,0,Open,5.98,0
CL-12649,ANON-0254,network authentication fails for students around LRC near a water cooler,Network,Labs & Research,LRC,Floor 3,CL15,Tuesday,10,2026-06-19T10:11:00+05:30,3,Medium,66.0,34,1,In Progress,4.42,0
CL-12650,ANON-0593,low water pressure reported around Swimming Pool,Water,General & Utilities,Swimming Pool,Ground Floor,CL22,Wednesday,10,2026-06-19T10:37:00+05:30,3,Medium,85.0,66,0,Open,5.05,1
CL-12651,ANON-0293,projector in CL3 switches off after ten minutes,Infrastructure,Labs & Research,CL3,Ground Floor,CL3,Wednesday,11,2026-06-19T11:40:00+05:30,1,Critical,33.0,72,1,Resolved,7.05,1
CL-12652,ANON-0520,broken writing desk is blocking the aisle in CS1 and the room is overcrowded,Infrastructure,Academic & Teaching,A2/1,Floor 2,CS1,Thursday,14,2026-06-19T14:05:00+05:30,1,Critical,42.0,69,0,In Progress,5.36,1
CL-12653,ANON-0010,internet disconnects repeatedly during the lecture in G2 please fix urgently,Network,Labs & Research,CL15,Floor 4,G2,Thursday,9,2026-06-19T09:35:00+05:30,2,High,100.0,71,1,Resolved,7.61,1
CL-12654,ANON-0150,internet disconnects repeatedly during the lecture in TS17 students cannot continue class,Network,Library & Study,LRC,Floor 1,TS17,Monday,10,2026-06-19T10:30:00+05:30,2,High,66.0,48,0,Verified,5.54,0
CL-12655,ANON-0001,monitor and keyboard are not detected at workstation in CR425,Lab Equipment,Labs & Research,CL15,Ground Floor,CR425,Thursday,11,2026-06-19T11:11:00+05:30,4,Low,39.0,49,1,Verified,3.53,0
CL-12656,ANON-0414,wifi becomes extremely slow near FF6 between 9:00 and 11:00,Network,Library & Study,LRC,Floor 1,FF6,Tuesday,9,2026-06-20T09:47:00+05:30,3,Medium,97.0,46,0,Verified,4.43,1
CL-12657,ANON-0577,projector in CS1 switches off after ten minutes,Infrastructure,Academic & Teaching,A2/2,Floor 4,CS1,Tuesday,12,2026-06-20T12:43:00+05:30,3,Medium,28.0,32,1,Resolved,4.84,1
CL-12658,ANON-0336,internet disconnects repeatedly during the lecture in CL3,Network,Labs & Research,Aryabhatt Bhawan II,Floor 3,CL3,Thursday,9,2026-06-20T09:25:00+05:30,1,Critical,72.0,29,0,In Progress,6.48,1
CL-12659,ANON-0166,broken writing desk is blocking the aisle in CL3,Infrastructure,Academic & Teaching,Aryabhatt Bhawan II,Floor 2,CL3,Monday,16,2026-06-20T16:34:00+05:30,2,High,41.0,58,1,Resolved,7.17,0
CL-12660,ANON-0428,power socket near the desk is unsafe in G2,Electrical,Academic & Teaching,H5 Boys Hostel,Floor 4,G2,Friday,10,2026-06-20T10:50:00+05:30,4,Low,45.0,61,0,Open,3.48,0
CL-12661,ANON-0205,internet disconnects repeatedly during the lecture in CS1 beside the canteen queue,Network,Academic & Teaching,Aryabhatt Bhawan II,Floor 2,CS1,Tuesday,14,2026-06-20T14:25:00+05:30,3,Medium,71.0,52,0,Open,3.54,1
CL-12662,ANON-0224,laboratory equipment reports a calibration error in CL22,Lab Equipment,Labs & Research,CL22,Floor 4,CL22,Thursday,8,2026-06-20T08:16:00+05:30,2,High,36.0,36,1,Open,5.66,0
CL-12663,ANON-0203,computer fails to boot during practical class in CS1,Lab Equipment,Labs & Research,CL22,Floor 4,CS1,Wednesday,8,2026-06-20T08:29:00+05:30,3,Medium,47.0,73,0,Open,4.54,0
CL-12664,ANON-0194,spill outside CL3 creates a safety hazard,Cleanliness,General & Utilities,Aryabhatt Bhawan III,Floor 4,CL3,Friday,18,2026-06-20T18:13:00+05:30,2,High,71.0,51,0,In Progress,3.99,1
CL-12665,ANON-0211,food counter is overcrowded between 12:00 and 14:00,Canteen,Food,Annapurna / Main Mess,Ground Floor,CR425,Friday,12,2026-06-20T12:31:00+05:30,2,High,89.0,71,0,Verified,5.3,1
CL-12666,ANON-0545,projector in CL22 switches off after ten minutes,Infrastructure,Labs & Research,CL3,Floor 1,CL22,Thursday,14,2026-06-20T14:32:00+05:30,3,Medium,47.0,74,0,In Progress,3.35,0
CL-12667,ANON-0420,wifi becomes extremely slow near G2 between 12:00 and 14:00 while the wifi is also unstable,Network,Labs & Research,CL15,Floor 4,G2,Monday,12,2026-06-20T12:57:00+05:30,3,Medium,86.0,70,0,Open,6.04,1
CL-12668,ANON-0144,air conditioner stops cooling after noon on Floor 4,Electrical,Hostels,CL22,Floor 4,CS1,Thursday,13,2026-06-20T13:03:00+05:30,3,Medium,76.0,61,0,Escalated,4.77,0
CL-12669,ANON-0267,classroom door and several chairs need repair on Floor 2 after a power interruption,Infrastructure,Academic & Teaching,CL3,Floor 2,CL15,Monday,18,2026-06-20T18:07:00+05:30,2,High,51.0,68,0,In Progress,5.06,0
CL-12670,ANON-0215,network authentication fails for students around Aryabhatt Bhawan II,Network,Academic & Teaching,Aryabhatt Bhawan II,Floor 4,CS1,Saturday,11,2026-06-20T11:23:00+05:30,3,Medium,84.0,79,0,Escalated,4.76,0
CL-12671,ANON-0284,washroom near CR425 has not been cleaned today,Cleanliness,Hostels,Washrooms,Ground Floor,CR425,Thursday,11,2026-06-20T11:33:00+05:30,1,Critical,63.0,31,0,Verified,5.81,0
CL-12672,ANON-0598,power socket near the desk is unsafe in CR425 !!!!,Electrical,Labs & Research,A2/1,Floor 3,CR425,Monday,14,2026-06-21T14:46:00+05:30,3,Medium,45.0,67,1,Verified,5.96,0
CL-12673,ANON-0476,laboratory equipment reports a calibration error in G2 after a power interruption,Lab Equipment,Labs & Research,CL3,Floor 4,G2,Wednesday,9,2026-06-21T09:13:00+05:30,3,Medium,54.0,91,0,Verified,4.45,0
CL-12674,ANON-0392,INTERNET DISCONNECTS REPEATEDLY DURING THE LECTURE IN CS1 THIS HAPPENS REPEATEDLY AND THE ROOM IS OVERCROWDED   !!!,Network,Library & Study,LRC,Floor 4,CS1,Saturday,10,2026-06-21T10:14:00+05:30,1,Critical,72.0,45,0,Resolved,5.72,0
CL-12675,ANON-0187,very weak wifi signal on Floor 1 of Aryabhatt Bhawan II near a water cooler,Network,Academic & Teaching,Aryabhatt Bhawan II,Floor 1,CL15,Monday,12,2026-06-21T12:52:00+05:30,3,Medium,52.0,69,1,Verified,4.72,1
CL-12676,ANON-0357,wifi becomes extremely slow near G2 between 10:00 and 12:00,Network,Library & Study,CL15,Ground Floor,G2,Thursday,10,2026-06-21T10:59:00+05:30,2,High,79.0,62,0,Resolved,5.39,0
CL-12677,ANON-0015,computer fails to boot during practical class in CL15,Lab Equipment,Labs & Research,CL3,Ground Floor,CL15,Friday,16,2026-06-21T16:18:00+05:30,5,Low,71.0,25,0,Open,2.17,0
CL-12678,ANON-0451,very weak wifi signal on Ground Floor of LRC,Network,Labs & Research,LRC,Ground Floor,G2,Thursday,10,2026-06-21T10:38:00+05:30,4,Low,100.0,38,1,In Progress,6.08,0
CL-12679,ANON-0421,BILLING QUEUE REACHES THE STAIRWELL NEAR ANNAPURNA / MAIN MESS   !!!,Canteen,Food,Annapurna / Main Mess,Ground Floor,G2,Wednesday,14,2026-06-21T14:49:00+05:30,2,High,85.0,72,0,Open,5.38,0
CL-12680,ANON-0073,monitor and keyboard are not detected at workstation in CR425,Lab Equipment,Labs & Research,CL1,Floor 1,CR425,Thursday,14,2026-06-21T14:47:00+05:30,4,Low,44.0,20,0,Resolved,3.51,0
CL-12681,ANON-0345,very weak wifi signal on Floor 2 of Aryabhatt Bhawan II,Network,Labs & Research,Aryabhatt Bhawan II,Floor 2,CS1,Wednesday,14,2026-06-21T14:59:00+05:30,2,High,85.0,78,0,Open,5.53,0
CL-12682,ANON-0007,waiting time at Annapurna / Main Mess is more than twenty minutes this happens repeatedly while the wifi is also unstable,Canteen,Food,Annapurna / Main Mess,Ground Floor,CS1,Tuesday,13,2026-06-21T13:30:00+05:30,3,Medium,73.0,62,0,Resolved,4.34,0
CL-12683,ANON-0214,waiting time at Annapurna / Main Mess is more than twenty minutes,Canteen,Food,Annapurna / Main Mess,Floor 4,CS1,Tuesday,14,2026-06-21T14:44:00+05:30,5,Low,91.0,60,0,Open,3.91,1
CL-12684,ANON-0152,laboratory equipment reports a calibration error in TS17,Lab Equipment,Labs & Research,ECE Labs,Floor 2,TS17,Tuesday,9,2026-06-21T09:13:00+05:30,3,Medium,54.0,48,0,Verified,4.24,0
CL-12685,ANON-0565,washroom near CR425 has not been cleaned today,Cleanliness,Hostels,H4 Boys Hostel,Floor 1,CR425,Tuesday,15,2026-06-21T15:42:00+05:30,1,Critical,67.0,25,1,Open,6.4,0
CL-12686,ANON-0585,monitor and keyboard are not detected at workstation in CR425,Lab Equipment,Labs & Research,CL1,Floor 3,CR425,Tuesday,16,2026-06-21T16:53:00+05:30,4,Low,49.0,63,1,Resolved,4.0,1
CL-12687,ANON-0196,monitor and keyboard are not detected at workstation in CS1 and the room is overcrowded,Lab Equipment,Labs & Research,CL22,Floor 2,CS1,Friday,18,2026-06-21T18:17:00+05:30,3,Medium,73.0,57,0,Resolved,4.03,0
CL-12688,ANON-0115,food counter is overcrowded between 12:00 and 14:00,Electrical,Food,Cafeteria / Canteen,Floor 2,TS17,Friday,12,2026-06-22T12:36:00+05:30,1,Critical,95.0,33,0,Open,5.58,1
CL-12689,ANON-0072,projector in TS17 switches off after ten minutes,Infrastructure,Labs & Research,A2/1,Floor 1,TS17,Saturday,8,2026-06-22T08:21:00+05:30,3,Medium,47.0,20,0,Resolved,3.29,1
CL-12690,ANON-0105,floor near Aryabhatt Bhawan III is dirty and slippery,Cleanliness,Academic & Teaching,Aryabhatt Bhawan III,Floor 1,CR425,Tuesday,14,2026-06-22T14:19:00+05:30,2,High,59.0,51,1,Resolved,6.56,1
CL-12691,ANON-0403,network authentication fails for students around Aryabhatt Bhawan II,Network,Academic & Teaching,Aryabhatt Bhawan II,Floor 4,CL22,Friday,14,2026-06-22T14:50:00+05:30,3,Medium,71.0,79,0,Verified,3.09,0
CL-12692,ANON-0521,air conditioner stops cooling after noon on Floor 4,Network,Labs & Research,A2/1,Floor 4,FF6,Friday,18,2026-06-22T18:55:00+05:30,5,Low,65.0,84,1,Escalated,4.12,1
CL-12693,ANON-0584,canteen queue is very long at 13:00 with one counter open,Canteen,Food,Annapurna / Main Mess,Floor 3,G2,Friday,13,2026-06-22T13:48:00+05:30,4,Low,100.0,37,0,In Progress,3.33,0
CL-12694,ANON-0573,projector in CL15 switches off after ten minutes,Infrastructure,Academic & Teaching,A2/2,Floor 3,CL15,Saturday,16,2026-06-22T16:07:00+05:30,3,Medium,38.0,77,0,Verified,4.05,1
CL-12695,ANON-0205,canteen queue is very long at 13:00 with one counter open,Canteen,Food,Annapurna / Main Mess,Ground Floor,FF6,Wednesday,13,2026-06-22T13:33:00+05:30,3,Medium,65.0,58,0,Open,4.08,1
CL-12696,ANON-0306,network authentication fails for students around Aryabhatt Bhawan II students cannot continue class,Network,Academic & Teaching,Aryabhatt Bhawan II,Floor 1,CL22,Saturday,14,2026-06-22T14:22:00+05:30,2,High,59.0,57,1,In Progress,6.47,0
CL-12697,ANON-0120,wifi becomes extremely slow near CL15 between 11:00 and 13:00,Network,Library & Study,LRC,Floor 4,CL15,Wednesday,11,2026-06-22T11:34:00+05:30,2,High,100.0,51,0,Open,6.53,1
CL-12698,ANON-0594,air conditioner stops cooling after noon on Floor 1 near a water cooler,Electrical,Labs & Research,H5 Boys Hostel,Floor 1,CS1,Tuesday,13,2026-06-22T13:59:00+05:30,5,Low,65.0,72,0,Resolved,2.57,0
CL-12699,ANON-0308,wifi becomes extremely slow near TS17 between 10:00 and 12:00,Network,Labs & Research,CL15,Floor 1,TS17,Thursday,10,2026-06-22T10:10:00+05:30,2,High,55.0,65,1,Resolved,5.73,0
CL-12700,ANON-0119,washroom near FF6 has not been cleaned today this happens repeatedly while the wifi is also unstable,Cleanliness,General & Utilities,Washrooms,Floor 4,FF6,Tuesday,12,2026-06-22T12:19:00+05:30,3,Medium,31.0,61,0,Verified,4.1,1
CL-12701,ANON-0240,washroom near CS1 has not been cleaned today,Cleanliness,General & Utilities,H4 Boys Hostel,Floor 3,CS1,Tuesday,10,2026-06-22T10:28:00+05:30,4,Low,65.0,65,1,In Progress,4.95,0
CL-12702,ANON-0238,lights flicker repeatedly inside CL22 near a water cooler,Electrical,Labs & Research,H5 Boys Hostel,Ground Floor,CL22,Saturday,18,2026-06-22T18:32:00+05:30,2,High,77.0,42,1,In Progress,5.57,0
CL-12703,ANON-0300,water point near Water cooler is not operational !!!! after a power interruption,Water,Sports & Recreation,Water cooler,Floor 1,CL15,Monday,15,2026-06-22T15:34:00+05:30,2,High,95.0,40,0,Escalated,5.14,0
CL-12704,ANON-0058,very weak wifi signal on Floor 2 of Aryabhatt Bhawan II while the wifi is also unstable,Network,Labs & Research,Aryabhatt Bhawan II,Floor 2,CL15,Tuesday,10,2026-06-23T10:51:00+05:30,1,Critical,55.0,75,0,In Progress,5.39,0
CL-12705,ANON-0319,wifi becomes extremely slow near FF6 between 10:00 and 12:00 near a water cooler,Network,Library & Study,CL3,Floor 3,FF6,Friday,10,2026-06-23T10:01:00+05:30,1,Critical,100.0,47,0,Verified,6.68,1
CL-12706,ANON-0389,monitor and keyboard are not detected at workstation in G2,Lab Equipment,Labs & Research,CL1,Floor 4,G2,Friday,13,2026-06-23T13:22:00+05:30,3,Medium,32.0,61,1,In Progress,4.53,0
CL-12707,ANON-0485,billing queue reaches the stairwell near Annapurna / Main Mess,Canteen,Food,Annapurna / Main Mess,Ground Floor,CR425,Thursday,12,2026-06-23T12:38:00+05:30,2,High,63.0,36,0,Resolved,4.99,0
CL-12708,ANON-0204,wifi becomes extremely slow near G2 between 10:00 and 12:00 !!!! near a water cooler,Cleanliness,Library & Study,LRC,Floor 2,G2,Wednesday,10,2026-06-23T10:24:00+05:30,2,High,97.0,50,0,Verified,6.2,0
CL-12709,ANON-0503,water is leaking into the corridor on Ground Floor students cannot continue class beside the canteen queue,Water,Hostels,Girls Hostel,Ground Floor,TS17,Thursday,13,2026-06-23T13:16:00+05:30,2,High,27.0,67,1,Resolved,4.25,0
CL-12710,ANON-0534,very weak wifi signal on Floor 4 of Aryabhatt Bhawan II this happens repeatedly,Network,Labs & Research,Aryabhatt Bhawan II,Floor 4,G2,Friday,11,2026-06-23T11:19:00+05:30,2,High,73.0,41,1,Open,5.54,0
CL-12711,ANON-0321,very weak wifi signal on Floor 3 of CL15,Network,Academic & Teaching,CL15,Floor 3,G2,Friday,11,2026-06-23T11:47:00+05:30,2,High,87.0,40,1,Verified,6.77,0
CL-12712,ANON-0469,garbage is overflowing in the corridor on Floor 4,Cleanliness,General & Utilities,H4 Boys Hostel,Floor 4,CL15,Friday,18,2026-06-23T18:37:00+05:30,4,Low,25.0,52,0,In Progress,3.2,0
CL-12713,ANON-0005,spill outside CL15 creates a safety hazard near a water cooler,Cleanliness,Hostels,H4 Boys Hostel,Floor 4,CL15,Tuesday,17,2026-06-23T17:52:00+05:30,1,Critical,46.0,72,1,Verified,7.16,0
CL-12714,ANON-0485,internet disconnects repeatedly during the lecture in CL22 near a water cooler,Network,Library & Study,CL3,Floor 2,CL22,Saturday,10,2026-06-23T10:49:00+05:30,1,Critical,93.0,50,0,Resolved,7.43,0
CL-12715,ANON-0089,classroom door and several chairs need repair on Floor 1,Infrastructure,Academic & Teaching,Aryabhatt Bhawan II,Floor 1,CR425,Saturday,15,2026-06-23T15:27:00+05:30,4,Low,77.0,60,0,Open,3.33,0
CL-12716,ANON-0197,low water pressure reported around Swimming Pool,Water,General & Utilities,Swimming Pool,Floor 4,CS1,Thursday,14,2026-06-23T14:56:00+05:30,2,High,75.0,53,0,Escalated,4.07,0
CL-12717,ANON-0390,food counter is overcrowded between 12:00 and 14:00 this happens repeatedly,Canteen,Food,Annapurna / Main Mess,Floor 3,G2,Friday,12,2026-06-23T12:06:00+05:30,3,Medium,78.0,64,1,In Progress,5.82,0
CL-12718,ANON-0167,power socket near the desk is unsafe in TS17 and the room is overcrowded,Electrical,Labs & Research,CL22,Floor 2,TS17,Monday,17,2026-06-23T17:11:00+05:30,4,Low,69.0,49,0,In Progress,3.07,1
CL-12719,ANON-0393,network authentication fails for students around LRC this happens repeatedly while the wifi is also unstable,Network,Academic & Teaching,LRC,Floor 2,FF6,Monday,12,2026-06-23T12:16:00+05:30,2,High,67.0,39,0,Escalated,5.36,0
CL-12720,ANON-0417,drinking water cooler near TS17 is empty,Water,Hostels,Girls Hostel,Floor 1,TS17,Monday,14,2026-06-24T14:07:00+05:30,3,Medium,58.0,82,0,Open,3.79,1
CL-12721,ANON-0214,classroom door and several chairs need repair on Ground Floor,Infrastructure,Academic & Teaching,Aryabhatt Bhawan II,Ground Floor,G2,Wednesday,8,2026-06-24T08:40:00+05:30,5,Low,59.0,45,0,Resolved,3.8,0
CL-12722,ANON-0259,air conditioner stops cooling after noon on Floor 1,Electrical,Academic & Teaching,A2/1,Floor 1,CS1,Monday,15,2026-06-24T15:03:00+05:30,4,Low,33.0,75,0,Resolved,2.82,0
CL-12723,ANON-0018,monitor and keyboard are not detected at workstation in G2,Lab Equipment,Labs & Research,,Floor 4,G2,Wednesday,12,2026-06-24T12:42:00+05:30,2,High,33.0,42,1,Open,5.55,1
CL-12724,ANON-0179,projector in FF6 switches off after ten minutes,Infrastructure,Academic & Teaching,Aryabhatt Bhawan II,Floor 3,FF6,Thursday,10,2026-06-24T10:57:00+05:30,1,Critical,66.0,53,0,In Progress,6.66,1
CL-12725,ANON-0202,food counter is overcrowded between 14:00 and 16:00,Canteen,Food,Cafeteria / Canteen,Floor 1,CL3,Wednesday,14,2026-06-24T14:21:00+05:30,4,Low,86.0,70,0,Open,4.37,0
CL-12726,ANON-0331,food counter is overcrowded between 14:00 and 16:00 and the room is overcrowded,Canteen,Food,Annapurna / Main Mess,Floor 2,CR425,Tuesday,14,2026-06-24T14:39:00+05:30,2,High,75.0,61,0,Open,4.71,0
CL-12727,ANON-0063,laboratory equipment reports a calibration error in CS1,Lab Equipment,Labs & Research,ECE Labs,Floor 1,CS1,Saturday,15,2026-06-24T15:35:00+05:30,3,Medium,26.0,33,0,Open,2.57,0
CL-12728,ANON-0582,food counter is overcrowded between 12:00 and 14:00,Canteen,Food,Cafeteria / Canteen,Floor 4,CL22,Friday,12,2026-06-24T12:17:00+05:30,2,High,95.0,81,0,Resolved,7.8,0
CL-12729,ANON-0209,computer fails to boot during practical class in CL22,Lab Equipment,Labs & Research,CL15,Floor 2,CL22,Friday,10,2026-06-24T10:17:00+05:30,3,Medium,75.0,53,1,Escalated,5.61,1
CL-12730,ANON-0363,classroom door and several chairs need repair on Floor 1,Infrastructure,Labs & Research,A2/2,Floor 1,CS1,Monday,8,2026-06-24T08:33:00+05:30,2,High,64.0,50,1,Resolved,5.79,0
CL-12731,ANON-0231,wifi becomes extremely slow near CL22 between 11:00 and 13:00,Network,Academic & Teaching,LRC,Floor 3,CL22,Thursday,11,2026-06-24T11:58:00+05:30,5,Low,75.0,68,1,In Progress,4.41,1
CL-12732,ANON-0096,floor near Washrooms is dirty and slippery,Other,Academic & Teaching,Washrooms,Floor 2,CL3,Wednesday,10,2026-06-24T10:33:00+05:30,1,Critical,62.0,31,0,In Progress,6.44,0
CL-12733,ANON-0261,water point near Girls Hostel is not operational,Water,Sports & Recreation,Girls Hostel,Floor 2,CL15,Saturday,12,2026-06-24T12:00:00+05:30,4,Low,59.0,62,0,Resolved,3.33,0
CL-12734,ANON-0134,garbage is overflowing in the corridor on Floor 3 students cannot continue class,Cleanliness,Academic & Teaching,Aryabhatt Bhawan III,Floor 3,CS1,Friday,10,2026-06-24T10:50:00+05:30,2,High,43.0,54,0,Verified,5.11,0
CL-12735,ANON-0253,laboratory equipment reports a calibration error in G2,Lab Equipment,Labs & Research,CL3,Floor 1,G2,Tuesday,18,2026-06-24T18:01:00+05:30,1,Critical,45.0,55,0,In Progress,5.98,0
CL-12736,ANON-0469,billing queue reaches the stairwell near Cafeteria / Canteen,Canteen,Food,Cafeteria / Canteen,Floor 1,CL3,Tuesday,14,2026-06-25T14:30:00+05:30,3,Medium,89.0,54,0,Open,4.16,1
CL-12737,ANON-0028,wifi becomes extremely slow near G2 between 10:00 and 12:00,Network,Academic & Teaching,CL3,Floor 4,G2,Friday,10,2026-06-25T10:24:00+05:30,3,Medium,46.0,69,0,Resolved,4.11,1
CL-12738,ANON-0551,lights flicker repeatedly inside TS17,Electrical,Hostels,CL22,Ground Floor,TS17,Friday,15,2026-06-25T15:08:00+05:30,1,Critical,65.0,40,0,Resolved,5.65,0
CL-12739,ANON-0227,wifi becomes extremely slow near CL15 between 14:00 and 16:00,Network,Academic & Teaching,LRC,Floor 4,CL15,Thursday,14,2026-06-25T14:57:00+05:30,4,Low,68.0,65,0,Resolved,3.68,0
CL-12740,ANON-0600,two ceiling fans are not working in CL15 after a power interruption,Electrical,Hostels,H5 Boys Hostel,Floor 2,CL15,Saturday,13,2026-06-25T13:55:00+05:30,3,Medium,46.0,47,0,In Progress,5.5,0
CL-12741,ANON-0316,spill outside CL22 creates a safety hazard,Cleanliness,Hostels,H4 Boys Hostel,Floor 4,CL22,Thursday,15,2026-06-25T15:17:00+05:30,1,Critical,45.0,51,1,Open,8.08,1
CL-12742,ANON-0367,projector hdmi port is loose in CR425,Infrastructure,Labs & Research,A2/1,Floor 4,CR425,Friday,18,2026-06-25T18:54:00+05:30,2,High,55.0,47,0,Escalated,4.65,0
CL-12743,ANON-0166,lights flicker repeatedly inside CR425 and the room is overcrowded,Electrical,Labs & Research,H5 Boys Hostel,Floor 3,CR425,Thursday,11,2026-06-25T11:37:00+05:30,2,High,41.0,63,0,In Progress,4.38,0
CL-12744,ANON-0178,spill outside TS17 creates a safety hazard,Cleanliness,Academic & Teaching,H4 Boys Hostel,Floor 1,TS17,Wednesday,8,2026-06-25T08:53:00+05:30,5,Low,40.0,76,1,Resolved,2.29,0
CL-12745,ANON-0196,computer fails to boot during practical class in CL3 after a power interruption,Lab Equipment,Labs & Research,ECE Labs,Floor 2,CL3,Thursday,14,2026-06-25T14:52:00+05:30,1,Critical,58.0,40,0,Verified,4.91,0
CL-12746,ANON-0466,waiting time at Annapurna / Main Mess is more than twenty minutes,Canteen,Food,Annapurna / Main Mess,Floor 3,G2,Monday,13,2026-06-25T13:26:00+05:30,3,Medium,76.0,28,0,In Progress,3.94,0
CL-12747,ANON-0550,wifi becomes extremely slow near FF6 between 12:00 and 14:00,Network,Labs & Research,CL15,Floor 2,FF6,Saturday,12,2026-06-25T12:10:00+05:30,1,Critical,64.0,52,0,In Progress,5.4,0
CL-12748,ANON-0011,three lab systems freeze during compilation in FF6 students cannot continue class,Lab Equipment,Labs & Research,CL22,Floor 4,FF6,Thursday,8,2026-06-25T08:26:00+05:30,3,Medium,54.0,49,0,Resolved,3.97,0
CL-12749,ANON-0400,wifi becomes extremely slow near CL22 between 10:00 and 12:00 !!!!,Network,Library & Study,CL3,Floor 3,CL22,Thursday,10,2026-06-25T10:54:00+05:30,1,Critical,74.0,62,0,Verified,6.07,1
CL-12750,ANON-0565,computer fails to boot during practical class in CL22,Lab Equipment,Labs & Research,CL3,Ground Floor,CL22,Saturday,17,2026-06-25T17:17:00+05:30,1,Critical,33.0,48,1,Verified,5.93,0
CL-12751,ANON-0127,classroom door and several chairs need repair on Ground Floor,Electrical,Labs & Research,CL3,Ground Floor,G2,Wednesday,14,2026-06-25T14:13:00+05:30,2,High,45.0,56,1,In Progress,6.34,1
CL-12752,ANON-0077,classroom door and several chairs need repair on Floor 2,Infrastructure,Labs & Research,CL3,Floor 2,CS1,Monday,9,2026-06-26T09:36:00+05:30,2,High,76.0,25,0,Open,4.67,1
CL-12753,ANON-0061,broken writing desk is blocking the aisle in TS17 and the room is overcrowded,Infrastructure,Labs & Research,Aryabhatt Bhawan II,Floor 2,TS17,Thursday,10,2026-06-26T10:51:00+05:30,1,Critical,50.0,62,0,Open,5.06,1
CL-12754,ANON-0203,monitor and keyboard are not detected at workstation in FF6,Lab Equipment,Labs & Research,CL3,Ground Floor,FF6,Wednesday,10,2026-06-26T10:19:00+05:30,5,Low,38.0,41,0,Resolved,2.51,0
CL-12755,ANON-0406,projector in TS17 switches off after ten minutes beside the canteen queue,Infrastructure,Academic & Teaching,Aryabhatt Bhawan II,Floor 1,TS17,Saturday,13,2026-06-26T13:27:00+05:30,1,Critical,33.0,58,0,Open,4.93,0
CL-12756,ANON-0138,drinking water cooler near CL15 is empty,Water,General & Utilities,Swimming Pool,Ground Floor,CL15,Tuesday,11,2026-06-26T11:47:00+05:30,5,Low,49.0,54,0,Resolved,2.44,1
CL-12757,ANON-0368,drinking water cooler near G2 is empty,Water,Hostels,Girls Hostel,Floor 4,G2,Thursday,8,2026-06-26T08:12:00+05:30,1,Critical,55.0,75,0,Open,4.73,0
CL-12758,ANON-0388,classroom door and several chairs need repair on Floor 2 students cannot continue class,Infrastructure,Labs & Research,A2/1,Floor 2,G2,Thursday,14,2026-06-26T14:33:00+05:30,5,Low,26.0,38,1,Verified,3.18,0
CL-12759,ANON-0206,washroom near CS1 has not been cleaned today please fix urgently,Cleanliness,Academic & Teaching,Washrooms,Floor 2,CS1,Monday,14,2026-06-26T14:18:00+05:30,3,Medium,70.0,60,0,Open,3.44,0
CL-12760,ANON-0423,projector hdmi port is loose in TS17,Cleanliness,Academic & Teaching,A2/2,Floor 2,TS17,Thursday,10,2026-06-26T10:21:00+05:30,2,High,83.0,62,1,Open,6.41,0
CL-12761,ANON-0145,classroom door and several chairs need repair on Floor 2 please fix urgently,Infrastructure,Labs & Research,A2/2,Floor 2,FF6,Friday,17,2026-06-26T17:29:00+05:30,2,High,26.0,51,1,Verified,5.19,0
CL-12762,ANON-0184,floor near Aryabhatt Bhawan III is dirty and slippery near a water cooler,Cleanliness,General & Utilities,Aryabhatt Bhawan III,Floor 2,G2,Monday,10,2026-06-26T10:49:00+05:30,1,Critical,69.0,50,0,Resolved,6.84,0
CL-12763,ANON-0268,PROJECTOR HDMI PORT IS LOOSE IN CS1   !!!,Infrastructure,Labs & Research,Aryabhatt Bhawan II,Floor 2,CS1,Friday,12,2026-06-26T12:52:00+05:30,3,Medium,67.0,51,0,Open,4.78,0
CL-12764,ANON-0542,very weak wifi signal on Floor 1 of Aryabhatt Bhawan II,Network,Academic & Teaching,Aryabhatt Bhawan II,Floor 1,CL15,Thursday,14,2026-06-26T14:50:00+05:30,2,High,96.0,66,1,In Progress,6.0,1
CL-12765,ANON-0215,SPILL OUTSIDE CL22 CREATES A SAFETY HAZARD   !!!,Cleanliness,Hostels,Aryabhatt Bhawan III,Ground Floor,CL22,Saturday,8,2026-06-26T08:21:00+05:30,2,High,73.0,52,0,Escalated,5.45,0
CL-12766,ANON-0159,network authentication fails for students around Aryabhatt Bhawan II,Network,Library & Study,Aryabhatt Bhawan II,Ground Floor,FF6,Friday,9,2026-06-26T09:44:00+05:30,4,Low,73.0,70,1,Resolved,4.81,0
CL-12767,ANON-0314,broken writing desk is blocking the aisle in FF6 please fix urgently,Infrastructure,Labs & Research,CL3,Floor 1,FF6,Monday,9,2026-06-26T09:09:00+05:30,3,Medium,37.0,49,0,Escalated,3.94,0
CL-12768,ANON-0315,very weak wifi signal on Floor 1 of LRC,Network,Labs & Research,LRC,Floor 1,CL22,Friday,12,2026-06-27T12:53:00+05:30,4,Low,65.0,86,1,In Progress,3.93,1
CL-12769,ANON-0120,broken writing desk is blocking the aisle in CL22,Electrical,Labs & Research,A2/2,Floor 4,CL22,Saturday,8,2026-06-27T08:06:00+05:30,2,High,21.0,26,0,Open,4.95,0
CL-12770,ANON-0197,network authentication fails for students around LRC !!!! near a water cooler,Network,Labs & Research,LRC,Floor 2,CR425,Monday,12,2026-06-27T12:58:00+05:30,1,Critical,48.0,54,0,Resolved,5.57,0
CL-12771,ANON-0530,classroom door and several chairs need repair on Floor 3,Infrastructure,Academic & Teaching,Aryabhatt Bhawan II,Floor 3,CS1,Monday,8,2026-06-27T08:36:00+05:30,2,High,37.0,74,1,In Progress,4.74,1
CL-12772,ANON-0263,floor near Aryabhatt Bhawan III is dirty and slippery,Cleanliness,Academic & Teaching,,Floor 1,CL3,Thursday,16,2026-06-27T16:42:00+05:30,2,High,38.0,54,1,Resolved,4.86,0
CL-12773,ANON-0539,classroom door and several chairs need repair on Floor 3,Infrastructure,Academic & Teaching,Aryabhatt Bhawan II,Floor 3,CL15,Saturday,10,2026-06-27T10:58:00+05:30,1,Critical,38.0,80,1,In Progress,6.79,0
CL-12774,ANON-0587,projector hdmi port is loose in CR425,Infrastructure,Academic & Teaching,A2/2,Floor 4,CR425,Wednesday,12,2026-06-27T12:57:00+05:30,1,Critical,50.0,96,1,Resolved,7.11,0
CL-12775,ANON-0322,network authentication fails for students around Aryabhatt Bhawan II,Network,Labs & Research,Aryabhatt Bhawan II,Floor 1,CS1,Tuesday,10,2026-06-27T10:29:00+05:30,3,Medium,36.0,58,0,Resolved,3.93,0
CL-12776,ANON-0184,wifi becomes extremely slow near CL22 between 11:00 and 13:00,Network,Academic & Teaching,CL3,Floor 2,CL22,Friday,11,2026-06-27T11:28:00+05:30,4,Low,62.0,46,0,Open,3.43,0
CL-12777,ANON-0032,floor near H4 Boys Hostel is dirty and slippery,Cleanliness,Hostels,H4 Boys Hostel,Floor 3,FF6,Monday,16,2026-06-27T16:07:00+05:30,1,Critical,57.0,74,1,Open,6.57,0
CL-12778,ANON-0235,projector in TS17 switches off after ten minutes beside the canteen queue,Infrastructure,Labs & Research,A2/2,Floor 1,TS17,Tuesday,17,2026-06-27T17:11:00+05:30,1,Critical,51.0,52,0,Open,5.91,0
CL-12779,ANON-0113,signage is missing for CL15 on Floor 3 while the wifi is also unstable,Other,Sports & Recreation,Main Gate,Floor 3,CL15,Wednesday,15,2026-06-27T15:57:00+05:30,4,Low,66.0,62,0,Open,3.5,0
CL-12780,ANON-0583,network authentication fails for students around LRC,Network,Labs & Research,LRC,Ground Floor,CL15,Monday,10,2026-06-27T10:49:00+05:30,4,Low,53.0,50,0,Verified,4.41,1
CL-12781,ANON-0471,internet disconnects repeatedly during the lecture in G2,Network,Academic & Teaching,Aryabhatt Bhawan II,Floor 2,G2,Monday,11,2026-06-27T11:06:00+05:30,3,Medium,66.0,41,0,Open,3.31,1
CL-12782,ANON-0331,wifi becomes extremely slow near CR425 between 11:00 and 13:00,Network,Academic & Teaching,Aryabhatt Bhawan II,Floor 3,CR425,Thursday,11,2026-06-27T11:50:00+05:30,4,Low,55.0,69,1,Resolved,4.4,1
CL-12783,ANON-0154,water is leaking into the corridor on Floor 4,Water,General & Utilities,Swimming Pool,Floor 4,FF6,Friday,12,2026-06-27T12:30:00+05:30,1,Critical,36.0,82,0,Open,5.13,1
CL-12784,ANON-0104,canteen queue is very long at 13:00 with one counter open,Canteen,Food,Cafeteria / Canteen,Floor 3,CS1,Wednesday,13,2026-06-28T13:30:00+05:30,3,Medium,80.0,81,0,Escalated,5.64,0
CL-12785,ANON-0018,air conditioner stops cooling after noon on Floor 4 !!!!,Electrical,Hostels,CL22,Floor 4,CL15,Friday,13,2026-06-28T13:46:00+05:30,1,Critical,69.0,58,0,Escalated,6.72,1
CL-12786,ANON-0107,water is leaking into the corridor on Floor 3 please fix urgently,Water,General & Utilities,Girls Hostel,Floor 3,FF6,Friday,11,2026-06-28T11:24:00+05:30,4,Low,71.0,79,0,Escalated,3.5,1
CL-12787,ANON-0567,two ceiling fans are not working in CL15 beside the canteen queue,Electrical,Hostels,,Floor 2,CL15,Saturday,12,2026-06-28T12:59:00+05:30,4,Low,58.0,75,0,Open,4.23,1
CL-12788,ANON-0445,low water pressure reported around Swimming Pool,Water,Hostels,Swimming Pool,Floor 4,CS1,Monday,10,2026-06-28T10:21:00+05:30,1,Critical,21.0,63,0,Open,4.02,0
CL-12789,ANON-0269,very weak wifi signal on Floor 1 of LRC,Network,Labs & Research,LRC,Floor 1,CR425,Friday,9,2026-06-28T09:38:00+05:30,2,High,74.0,67,0,Resolved,4.89,0
CL-12790,ANON-0179,spill outside FF6 creates a safety hazard students cannot continue class,Cleanliness,Hostels,H4 Boys Hostel,Ground Floor,FF6,Tuesday,17,2026-06-28T17:26:00+05:30,4,Low,59.0,36,0,Resolved,3.33,1
CL-12791,ANON-0487,wifi becomes extremely slow near TS17 between 11:00 and 13:00,Network,Library & Study,CL3,Floor 4,TS17,Saturday,11,2026-06-28T11:08:00+05:30,2,High,19.0,83,0,Resolved,4.2,0
CL-12792,ANON-0053,THREE LAB SYSTEMS FREEZE DURING COMPILATION IN CL3 NEAR A WATER COOLER   !!!,Lab Equipment,Labs & Research,CL3,Floor 4,CL3,Monday,13,2026-06-28T13:45:00+05:30,2,High,75.0,81,0,Verified,4.75,0
CL-12793,ANON-0308,broken writing desk is blocking the aisle in CS1 please fix urgently,Infrastructure,Labs & Research,A2/2,Floor 1,CS1,Monday,8,2026-06-28T08:21:00+05:30,5,Low,54.0,58,1,Resolved,2.86,0
CL-12794,ANON-0320,internet disconnects repeatedly during the lecture in CR425 !!!!,Network,Labs & Research,CL3,Floor 2,CR425,Saturday,14,2026-06-28T14:42:00+05:30,2,High,100.0,35,1,In Progress,6.53,0
CL-12795,ANON-0149,low water pressure reported around Swimming Pool,Water,Sports & Recreation,Swimming Pool,Floor 2,FF6,Friday,15,2026-06-28T15:29:00+05:30,1,Critical,64.0,54,0,In Progress,6.69,0
CL-12796,ANON-0132,billing queue reaches the stairwell near Annapurna / Main Mess,Lab Equipment,Food,Annapurna / Main Mess,Floor 1,CS1,Tuesday,12,2026-06-28T12:22:00+05:30,4,Low,81.0,50,0,Verified,4.35,1
CL-12797,ANON-0071,lights flicker repeatedly inside FF6 this happens repeatedly,Electrical,Hostels,A2/1,Floor 4,FF6,Wednesday,18,2026-06-28T18:06:00+05:30,1,Critical,79.0,79,0,Open,5.92,0
CL-12798,ANON-0259,projector in TS17 switches off after ten minutes this happens repeatedly,Infrastructure,Labs & Research,A2/2,Floor 2,TS17,Wednesday,8,2026-06-28T08:32:00+05:30,3,Medium,37.0,63,1,Resolved,4.88,1
CL-12799,ANON-0596,broken writing desk is blocking the aisle in TS17 while the wifi is also unstable,Infrastructure,Academic & Teaching,A2/2,Floor 3,TS17,Saturday,13,2026-06-28T13:26:00+05:30,1,Critical,71.0,22,0,In Progress,6.78,0
CL-12800,ANON-0056,very weak wifi signal on Floor 3 of Aryabhatt Bhawan II,Network,Library & Study,Aryabhatt Bhawan II,Floor 3,CL22,Thursday,10,2026-06-29T10:10:00+05:30,3,Medium,80.0,72,0,Open,4.65,1
CL-12801,ANON-0022,lights flicker repeatedly inside CL3,Electrical,Hostels,CL22,Ground Floor,CL3,Wednesday,16,2026-06-29T16:05:00+05:30,1,Critical,73.0,41,0,Verified,6.03,1
CL-12802,ANON-0316,network authentication fails for students around CL15,Network,Academic & Teaching,CL15,Floor 4,CL22,Friday,10,2026-06-29T10:41:00+05:30,3,Medium,82.0,65,0,In Progress,2.77,1
CL-12803,ANON-0565,projector in CL15 switches off after ten minutes,Infrastructure,Labs & Research,A2/1,Floor 2,CL15,Friday,15,2026-06-29T15:45:00+05:30,1,Critical,80.0,76,1,In Progress,6.78,0
CL-12804,ANON-0583,power socket near the desk is unsafe in TS17,Electrical,Labs & Research,A2/1,Floor 4,TS17,Monday,16,2026-06-29T16:58:00+05:30,3,Medium,77.0,83,0,Escalated,5.72,0
CL-12805,ANON-0587,power socket near the desk is unsafe in G2 near a water cooler,Electrical,Labs & Research,A2/1,Floor 4,G2,Wednesday,10,2026-06-29T10:16:00+05:30,2,High,42.0,65,0,Verified,3.67,0
CL-12806,ANON-0478,air conditioner stops cooling after noon on Floor 4,Electrical,Academic & Teaching,H5 Boys Hostel,Floor 4,CL3,Wednesday,8,2026-06-29T08:58:00+05:30,1,Critical,34.0,50,0,Escalated,6.04,0
CL-12807,ANON-0071,spill outside CL22 creates a safety hazard,Other,General & Utilities,H4 Boys Hostel,Floor 2,CL22,Friday,12,2026-06-29T12:36:00+05:30,3,Medium,89.0,41,1,Open,5.82,0
CL-12808,ANON-0517,classroom door and several chairs need repair on Floor 2 and the room is overcrowded,Infrastructure,Academic & Teaching,Aryabhatt Bhawan II,Floor 2,CR425,Thursday,15,2026-06-29T15:33:00+05:30,2,High,71.0,64,1,Verified,5.7,1
CL-12809,ANON-0310,food counter is overcrowded between 14:00 and 16:00,Canteen,Food,Annapurna / Main Mess,Floor 2,CS1,Monday,14,2026-06-29T14:36:00+05:30,2,High,58.0,25,0,Resolved,5.07,0
CL-12810,ANON-0342,student common area is overcrowded after 9:00,Other,Administration,Auditorium,Floor 1,FF6,Saturday,9,2026-06-29T09:01:00+05:30,1,Critical,41.0,51,1,Open,6.08,0
CL-12811,ANON-0525,laboratory equipment reports a calibration error in CL3 after a power interruption,Lab Equipment,Labs & Research,CL3,Floor 4,CL3,Friday,16,2026-06-29T16:48:00+05:30,2,High,23.0,58,0,In Progress,3.92,0
CL-12812,ANON-0519,very weak wifi signal on Floor 3 of CL15 please fix urgently,Network,Academic & Teaching,CL15,Floor 3,G2,Tuesday,10,2026-06-29T10:17:00+05:30,2,High,84.0,44,1,Open,6.72,0
CL-12813,ANON-0367,washroom near CS1 has not been cleaned today,Cleanliness,Academic & Teaching,Aryabhatt Bhawan III,Floor 1,CS1,Friday,14,2026-06-29T14:36:00+05:30,2,High,64.0,56,1,Open,4.46,0
CL-12814,ANON-0239,projector in G2 switches off after ten minutes,Infrastructure,Academic & Teaching,A2/1,Floor 2,G2,Tuesday,12,2026-06-29T12:39:00+05:30,4,Low,57.0,47,1,Resolved,3.68,0
CL-12815,ANON-0426,low water pressure reported around Water cooler,Water,General & Utilities,Water cooler,Floor 2,CL15,Wednesday,18,2026-06-29T18:24:00+05:30,2,High,15.0,80,1,In Progress,5.61,0
CL-12816,ANON-0153,broken writing desk is blocking the aisle in CL22 after a power interruption,Infrastructure,Labs & Research,CL3,Floor 4,CL22,Monday,8,2026-06-30T08:59:00+05:30,4,Low,60.0,67,0,Open,3.9,0
CL-12817,ANON-0312,floor near Aryabhatt Bhawan III is dirty and slippery and the room is overcrowded,Cleanliness,Academic & Teaching,Aryabhatt Bhawan III,Ground Floor,CL3,Friday,12,2026-06-30T12:59:00+05:30,1,Critical,58.0,37,0,Verified,6.81,1
CL-12818,ANON-0327,broken writing desk is blocking the aisle in CL3 while the wifi is also unstable,Infrastructure,Academic & Teaching,A2/1,Floor 4,CL3,Thursday,14,2026-06-30T14:25:00+05:30,4,Low,68.0,38,0,Escalated,3.29,1
CL-12819,ANON-0556,broken writing desk is blocking the aisle in CL3,Infrastructure,Labs & Research,Aryabhatt Bhawan II,Ground Floor,CL3,Friday,17,2026-06-30T17:40:00+05:30,4,Low,64.0,59,0,In Progress,4.82,0
CL-12820,ANON-0397,food counter is overcrowded between 12:00 and 14:00,Canteen,Food,Cafeteria / Canteen,Floor 4,CL22,Thursday,12,2026-06-30T12:50:00+05:30,3,Medium,62.0,41,0,Resolved,3.73,0
CL-12821,ANON-0327,broken writing desk is blocking the aisle in CL15,Infrastructure,Academic & Teaching,Aryabhatt Bhawan II,Floor 3,CL15,Wednesday,16,2026-06-30T16:20:00+05:30,1,Critical,61.0,53,1,In Progress,6.45,1
CL-12822,ANON-0364,garbage is overflowing in the corridor on Floor 3 !!!! after a power interruption,Cleanliness,Academic & Teaching,Aryabhatt Bhawan III,Floor 3,CL15,Monday,8,2026-06-30T08:07:00+05:30,1,Critical,65.0,66,0,In Progress,5.36,0
CL-12823,ANON-0378,projector in CL15 switches off after ten minutes,Infrastructure,Academic & Teaching,A2/1,Floor 4,CL15,Saturday,14,2026-06-30T14:08:00+05:30,1,Critical,82.0,37,0,Resolved,6.84,0
CL-12824,ANON-0432,wifi becomes extremely slow near FF6 between 10:00 and 12:00,Other,Library & Study,CL3,Floor 1,FF6,Thursday,10,2026-06-30T10:28:00+05:30,2,High,64.0,74,0,Open,3.79,0
CL-12825,ANON-0002,drinking water cooler near CS1 is empty,Water,General & Utilities,Girls Hostel,Floor 3,CS1,Wednesday,12,2026-06-30T12:39:00+05:30,3,Medium,29.0,60,0,In Progress,4.41,0
CL-12826,ANON-0364,floor near H4 Boys Hostel is dirty and slippery,Cleanliness,Hostels,H4 Boys Hostel,Floor 4,CR425,Wednesday,18,2026-06-30T18:04:00+05:30,4,Low,31.0,86,1,Resolved,3.96,1
CL-12827,ANON-0529,wifi becomes extremely slow near CS1 between 9:00 and 11:00 !!!! beside the canteen queue,Network,Library & Study,CL3,Floor 1,CS1,Saturday,9,2026-06-30T09:25:00+05:30,4,Low,97.0,60,1,Verified,4.91,0
CL-12828,ANON-0282,monitor and keyboard are not detected at workstation in CS1,Lab Equipment,Labs & Research,CL1,Floor 1,CS1,Saturday,14,2026-06-30T14:42:00+05:30,2,High,87.0,35,1,Verified,7.74,0
CL-12829,ANON-0382,projector in CL3 switches off after ten minutes,Infrastructure,Labs & Research,CL3,Ground Floor,CL3,Tuesday,10,2026-06-30T10:04:00+05:30,3,Medium,47.0,45,0,Resolved,3.56,0
CL-12830,ANON-0470,projector in CL22 switches off after ten minutes,Infrastructure,Academic & Teaching,CL3,Floor 2,CL22,Monday,8,2026-06-30T08:51:00+05:30,4,Low,100.0,21,0,Resolved,4.38,1
CL-12831,ANON-0464,spill outside CS1 creates a safety hazard,Cleanliness,Academic & Teaching,Washrooms,Floor 2,CS1,Wednesday,16,2026-06-30T16:33:00+05:30,3,Medium,61.0,47,0,Escalated,4.82,0
CL-12832,ANON-0260,very weak wifi signal on Ground Floor of CL3,Network,Labs & Research,CL3,Ground Floor,CL22,Monday,10,2026-07-01T10:03:00+05:30,5,Low,57.0,59,1,Verified,3.66,1
CL-12833,ANON-0354,unclassified campus issue reported around Administration Block,Other,Administration,Administration Block,Floor 1,FF6,Wednesday,14,2026-07-01T14:20:00+05:30,1,Critical,79.0,64,0,In Progress,6.54,1
CL-12834,ANON-0028,garbage is overflowing in the corridor on Ground Floor,Cleanliness,General & Utilities,Washrooms,Ground Floor,FF6,Tuesday,8,2026-07-01T08:32:00+05:30,2,High,17.0,36,0,In Progress,3.36,0
CL-12835,ANON-0151,food counter is overcrowded between 13:00 and 15:00,Canteen,Food,Cafeteria / Canteen,Ground Floor,TS17,Saturday,13,2026-07-01T13:18:00+05:30,2,High,89.0,50,1,Resolved,7.89,0
CL-12836,ANON-0548,AIR CONDITIONER STOPS COOLING AFTER NOON ON GROUND FLOOR STUDENTS CANNOT CONTINUE CLASS   !!!,Electrical,Hostels,H5 Boys Hostel,Ground Floor,CR425,Wednesday,15,2026-07-01T15:44:00+05:30,5,Low,54.0,69,0,Open,3.3,1
CL-12837,ANON-0072,air conditioner stops cooling after noon on Floor 2,Electrical,Labs & Research,H5 Boys Hostel,Floor 2,G2,Monday,15,2026-07-01T15:31:00+05:30,1,Critical,51.0,37,0,Open,5.47,0
CL-12838,ANON-0422,power socket near the desk is unsafe in FF6,Electrical,Labs & Research,CL22,Floor 1,FF6,Wednesday,10,2026-07-01T10:54:00+05:30,3,Medium,61.0,65,1,Resolved,5.8,1
CL-12839,ANON-0087,billing queue reaches the stairwell near Cafeteria / Canteen this happens repeatedly,Canteen,Food,Cafeteria / Canteen,Floor 2,FF6,Wednesday,13,2026-07-01T13:05:00+05:30,1,Critical,79.0,44,0,In Progress,5.99,1
