session_id,route,facility,search_term,dwell_seconds,converted_to_report,observed_at
WS-000000,/explore,Aryabhatt Bhawan II,parking,20,0,2025-08-04T11:00:00+05:30
WS-000001,/explore,H4 Boys Hostel,wifi,40,0,2025-08-04T09:00:00+05:30
WS-000002,/help,H4 Boys Hostel,water,28,0,2025-08-04T10:00:00+05:30
WS-000003,/explore,CL1,parking,47,0,2025-08-04T18:00:00+05:30
WS-000004,/report,LRC,wifi,63,1,2025-08-04T16:00:00+05:30
WS-000005,/campus-map,CL15,cleaning,20,1,2025-08-04T16:00:00+05:30
WS-000006,/status,Parking,lab,15,0,2025-08-04T17:00:00+05:30
WS-000007,/help,H4 Boys Hostel,parking,133,0,2025-08-04T20:00:00+05:30
WS-000008,/campus-map,A2/1,lab,19,0,2025-08-04T17:00:00+05:30
WS-000009,/campus-map,A2/1,cleaning,43,0,2025-08-04T20:00:00+05:30
WS-000010,/help,Aryabhatt Bhawan II,cleaning,92,0,2025-08-04T18:00:00+05:30
WS-000011,/status,A2/1,projector,32,1,2025-08-04T21:00:00+05:30
WS-000012,/explore,H5 Boys Hostel,lab,49,0,2025-08-05T02:00:00+05:30
WS-000013,/explore,A2/1,cleaning,33,1,2025-08-04T23:00:00+05:30
WS-000014,/help,LRC,water,70,0,2025-08-04T22:00:00+05:30
WS-000015,/report,H5 Boys Hostel,cleaning,23,0,2025-08-05T04:00:00+05:30
WS-000016,/help,Main Gate,projector,67,0,2025-08-05T03:00:00+05:30
WS-000017,/status,A2/1,projector,55,0,2025-08-05T04:00:00+05:30
WS-000018,/report,H4 Boys Hostel,cleaning,37,0,2025-08-05T04:00:00+05:30
WS-000019,/report,A2/1,water,52,1,2025-08-05T08:00:00+05:30
WS-000020,/explore,A2/2,parking,37,0,2025-08-05T11:00:00+05:30
WS-000021,/help,A2/1,wifi,31,0,2025-08-05T12:00:00+05:30
WS-000022,/report,Aryabhatt Bhawan II,cleaning,25,0,2025-08-05T07:00:00+05:30
WS-000023,/help,H5 Boys Hostel,wifi,46,1,2025-08-05T09:00:00+05:30
WS-000024,/explore,Parking,cleaning,55,0,2025-08-05T12:00:00+05:30
WS-000025,/campus-map,A2/2,projector,54,0,2025-08-05T14:00:00+05:30
WS-000026,/explore,Girls Hostel,lab,85,0,2025-08-05T14:00:00+05:30
WS-000027,/explore,Water Points,projector,61,0,2025-08-05T16:00:00+05:30
WS-000028,/status,Sports Complex,queue,36,0,2025-08-05T17:00:00+05:30
WS-000029,/report,Aryabhatt Bhawan II,lab,105,0,2025-08-05T17:00:00+05:30
WS-000030,/report,CL1,parking,71,1,2025-08-05T21:00:00+05:30
WS-000031,/status,A2/1,queue,57,0,2025-08-05T17:00:00+05:30
WS-000032,/campus-map,Aryabhatt Bhawan III,parking,49,0,2025-08-05T22:00:00+05:30
WS-000033,/status,A2/1,parking,68,0,2025-08-05T18:00:00+05:30
WS-000034,/explore,Auditorium,cleaning,16,0,2025-08-05T19:00:00+05:30
WS-000035,/help,Aryabhatt Bhawan III,water,8,0,2025-08-06T02:00:00+05:30
WS-000036,/help,A2/1,projector,40,0,2025-08-05T21:00:00+05:30
WS-000037,/explore,Washrooms,lab,29,0,2025-08-06T04:00:00+05:30
WS-000038,/status,H4 Boys Hostel,water,8,0,2025-08-05T23:00:00+05:30
WS-000039,/explore,A2/2,parking,9,0,2025-08-05T23:00:00+05:30
WS-000040,/status,H5 Boys Hostel,projector,50,1,2025-08-06T04:00:00+05:30
WS-000041,/report,LRC,lab,53,0,2025-08-06T05:00:00+05:30
WS-000042,/help,H4 Boys Hostel,parking,35,0,2025-08-06T02:00:00+05:30
WS-000043,/campus-map,ECE Labs,projector,17,0,2025-08-06T05:00:00+05:30
WS-000044,/status,H4 Boys Hostel,wifi,48,0,2025-08-06T10:00:00+05:30
WS-000045,/campus-map,A2/1,cleaning,29,0,2025-08-06T12:00:00+05:30
WS-000046,/status,H5 Boys Hostel,cleaning,58,1,2025-08-06T12:00:00+05:30
WS-000047,/help,A2/2,cleaning,38,0,2025-08-06T11:00:00+05:30
WS-000048,/help,H5 Boys Hostel,projector,55,0,2025-08-06T08:00:00+05:30
WS-000049,/campus-map,H5 Boys Hostel,parking,33,0,2025-08-06T11:00:00+05:30
WS-000050,/help,Water Points,projector,18,0,2025-08-06T11:00:00+05:30
WS-000051,/report,Girls Hostel,parking,53,0,2025-08-06T11:00:00+05:30
WS-000052,/help,H5 Boys Hostel,parking,35,1,2025-08-06T16:00:00+05:30
WS-000053,/explore,LRC,wifi,22,0,2025-08-06T17:00:00+05:30
WS-000054,/status,LRC,cleaning,63,0,2025-08-06T16:00:00+05:30
WS-000055,/campus-map,LRC,wifi,17,0,2025-08-06T17:00:00+05:30
WS-000056,/campus-map,CL3,lab,19,0,2025-08-06T21:00:00+05:30
WS-000057,/explore,Aryabhatt Bhawan III,wifi,14,1,2025-08-06T23:00:00+05:30
WS-000058,/explore,Administration Block,water,47,0,2025-08-07T01:00:00+05:30
WS-000059,/report,A2/2,water,26,0,2025-08-06T19:00:00+05:30
WS-000060,/report,ECE Labs,parking,16,0,2025-08-07T01:00:00+05:30
WS-000061,/status,H4 Boys Hostel,cleaning,13,0,2025-08-06T22:00:00+05:30
WS-000062,/explore,Aryabhatt Bhawan II,water,12,1,2025-08-07T03:00:00+05:30
WS-000063,/status,H4 Boys Hostel,cleaning,62,1,2025-08-07T06:00:00+05:30
WS-000064,/explore,Sports Complex,cleaning,106,0,2025-08-07T04:00:00+05:30
WS-000065,/report,LRC,queue,17,0,2025-08-07T06:00:00+05:30
WS-000066,/campus-map,Girls Hostel,cleaning,5,0,2025-08-07T06:00:00+05:30
WS-000067,/campus-map,CL1,lab,78,0,2025-08-07T07:00:00+05:30
WS-000068,/report,Administration Block,water,65,0,2025-08-07T05:00:00+05:30
WS-000069,/explore,H4 Boys Hostel,cleaning,42,0,2025-08-07T08:00:00+05:30
WS-000070,/explore,Parking,projector,39,1,2025-08-07T08:00:00+05:30
WS-000071,/campus-map,LRC,cleaning,98,0,2025-08-07T09:00:00+05:30
WS-000072,/explore,Annapurna / Main Mess,cleaning,31,0,2025-08-07T11:00:00+05:30
WS-000073,/status,Parking,queue,174,0,2025-08-07T15:00:00+05:30
WS-000074,/help,Aryabhatt Bhawan III,queue,70,1,2025-08-07T12:00:00+05:30
WS-000075,/campus-map,CL3,projector,73,0,2025-08-07T12:00:00+05:30
WS-000076,/status,Auditorium,projector,20,0,2025-08-07T12:00:00+05:30
WS-000077,/status,A2/1,water,58,0,2025-08-07T16:00:00+05:30
WS-000078,/status,Washrooms,lab,18,0,2025-08-07T21:00:00+05:30
WS-000079,/campus-map,Main Gate,queue,52,0,2025-08-07T15:00:00+05:30
WS-000080,/status,A2/2,wifi,28,0,2025-08-07T23:00:00+05:30
WS-000081,/report,A2/1,wifi,26,0,2025-08-07T18:00:00+05:30
WS-000082,/status,Aryabhatt Bhawan II,projector,8,0,2025-08-08T00:00:00+05:30
WS-000083,/report,Girls Hostel,projector,41,1,2025-08-07T23:00:00+05:30
WS-000084,/campus-map,Aryabhatt Bhawan II,lab,32,0,2025-08-08T01:00:00+05:30
WS-000085,/report,H4 Boys Hostel,wifi,50,0,2025-08-07T21:00:00+05:30
WS-000086,/help,Aryabhatt Bhawan II,cleaning,31,0,2025-08-07T23:00:00+05:30
WS-000087,/report,Cafeteria / Canteen,queue,39,0,2025-08-08T00:00:00+05:30
WS-000088,/campus-map,Main Gate,projector,46,0,2025-08-08T01:00:00+05:30
WS-000089,/campus-map,A2/2,lab,37,0,2025-08-08T03:00:00+05:30
WS-000090,/campus-map,Main Gate,cleaning,17,0,2025-08-08T02:00:00+05:30
WS-000091,/explore,Sports Complex,cleaning,18,0,2025-08-08T06:00:00+05:30
WS-000092,/explore,Aryabhatt Bhawan III,wifi,63,0,2025-08-08T08:00:00+05:30
WS-000093,/explore,Administration Block,wifi,10,1,2025-08-08T07:00:00+05:30
WS-000094,/help,CL15,cleaning,21,0,2025-08-08T13:00:00+05:30
WS-000095,/report,Aryabhatt Bhawan II,parking,20,0,2025-08-08T09:00:00+05:30
WS-000096,/report,Aryabhatt Bhawan III,parking,32,0,2025-08-08T11:00:00+05:30
WS-000097,/campus-map,Parking,parking,57,0,2025-08-08T16:00:00+05:30
WS-000098,/explore,Washrooms,queue,4,0,2025-08-08T17:00:00+05:30
WS-000099,/explore,A2/1,cleaning,19,0,2025-08-08T12:00:00+05:30
WS-000100,/campus-map,A2/1,projector,66,1,2025-08-08T13:00:00+05:30
WS-000101,/status,Aryabhatt Bhawan II,queue,61,0,2025-08-08T18:00:00+05:30
WS-000102,/campus-map,Washrooms,parking,27,0,2025-08-08T15:00:00+05:30
WS-000103,/help,Administration Block,wifi,39,0,2025-08-08T20:00:00+05:30
WS-000104,/help,Main Gate,water,20,0,2025-08-08T22:00:00+05:30
WS-000105,/help,H4 Boys Hostel,projector,51,0,2025-08-08T18:00:00+05:30
WS-000106,/status,H4 Boys Hostel,parking,8,0,2025-08-08T18:00:00+05:30
WS-000107,/explore,LRC,queue,44,0,2025-08-08T19:00:00+05:30
WS-000108,/report,A2/1,wifi,24,0,2025-08-08T20:00:00+05:30
WS-000109,/report,H4 Boys Hostel,cleaning,79,0,2025-08-09T03:00:00+05:30
WS-000110,/status,Aryabhatt Bhawan II,parking,65,0,2025-08-09T02:00:00+05:30
WS-000111,/campus-map,Washrooms,wifi,102,0,2025-08-09T03:00:00+05:30
WS-000112,/explore,ECE Labs,cleaning,25,0,2025-08-09T00:00:00+05:30
WS-000113,/status,CL1,lab,55,0,2025-08-09T04:00:00+05:30
WS-000114,/campus-map,Administration Block,water,119,0,2025-08-09T08:00:00+05:30
WS-000115,/explore,Administration Block,projector,12,0,2025-08-09T10:00:00+05:30
WS-000116,/explore,Washrooms,cleaning,28,1,2025-08-09T10:00:00+05:30
WS-000117,/help,Aryabhatt Bhawan II,water,41,0,2025-08-09T06:00:00+05:30
WS-000118,/report,Sports Complex,cleaning,40,0,2025-08-09T11:00:00+05:30
WS-000119,/campus-map,Main Gate,parking,63,1,2025-08-09T07:00:00+05:30
WS-000120,/explore,LRC,projector,18,0,2025-08-09T09:00:00+05:30
WS-000121,/explore,Sports Complex,parking,36,0,2025-08-09T12:00:00+05:30
WS-000122,/status,ECE Labs,water,38,1,2025-08-09T17:00:00+05:30
WS-000123,/report,A2/1,wifi,8,1,2025-08-09T18:00:00+05:30
WS-000124,/help,Aryabhatt Bhawan III,cleaning,42,0,2025-08-09T12:00:00+05:30
WS-000125,/campus-map,ECE Labs,water,89,0,2025-08-09T15:00:00+05:30
WS-000126,/report,Administration Block,cleaning,29,0,2025-08-09T21:00:00+05:30
WS-000127,/campus-map,CL1,projector,53,0,2025-08-09T15:00:00+05:30
WS-000128,/status,H5 Boys Hostel,parking,24,1,2025-08-09T16:00:00+05:30
WS-000129,/explore,A2/1,parking,45,0,2025-08-09T17:00:00+05:30
WS-000130,/status,Water Points,projector,25,0,2025-08-09T18:00:00+05:30
WS-000131,/help,Water Points,queue,15,0,2025-08-09T21:00:00+05:30
WS-000132,/status,Administration Block,water,56,0,2025-08-10T00:00:00+05:30
WS-000133,/campus-map,H5 Boys Hostel,cleaning,66,0,2025-08-10T03:00:00+05:30
WS-000134,/help,Aryabhatt Bhawan III,water,196,0,2025-08-10T00:00:00+05:30
WS-000135,/campus-map,ECE Labs,lab,44,0,2025-08-10T00:00:00+05:30
WS-000136,/status,A2/2,queue,120,0,2025-08-10T05:00:00+05:30
WS-000137,/status,A2/1,projector,10,0,2025-08-10T05:00:00+05:30
WS-000138,/report,Cafeteria / Canteen,water,20,0,2025-08-10T08:00:00+05:30
WS-000139,/explore,Main Gate,wifi,14,0,2025-08-10T06:00:00+05:30
WS-000140,/campus-map,CL15,cleaning,32,0,2025-08-10T05:00:00+05:30
WS-000141,/report,Aryabhatt Bhawan II,projector,41,0,2025-08-10T09:00:00+05:30
WS-000142,/report,Girls Hostel,water,69,0,2025-08-10T09:00:00+05:30
WS-000143,/report,LRC,queue,42,0,2025-08-10T07:00:00+05:30
WS-000144,/status,A2/1,water,72,0,2025-08-10T08:00:00+05:30
WS-000145,/help,A2/1,parking,34,1,2025-08-10T11:00:00+05:30
WS-000146,/campus-map,CL3,lab,14,0,2025-08-10T12:00:00+05:30
WS-000147,/status,Aryabhatt Bhawan II,cleaning,10,1,2025-08-10T15:00:00+05:30
WS-000148,/explore,Girls Hostel,queue,87,0,2025-08-10T18:00:00+05:30
WS-000149,/report,LRC,wifi,37,1,2025-08-10T17:00:00+05:30
WS-000150,/campus-map,Annapurna / Main Mess,lab,36,1,2025-08-10T20:00:00+05:30
WS-000151,/report,H5 Boys Hostel,lab,63,1,2025-08-10T18:00:00+05:30
WS-000152,/status,Administration Block,projector,61,0,2025-08-10T19:00:00+05:30
WS-000153,/report,Aryabhatt Bhawan II,queue,22,0,2025-08-10T23:00:00+05:30
WS-000154,/help,Main Gate,wifi,35,0,2025-08-10T22:00:00+05:30
WS-000155,/status,CL1,water,3,0,2025-08-10T22:00:00+05:30
WS-000156,/status,CL1,queue,46,0,2025-08-10T22:00:00+05:30
WS-000157,/report,Main Gate,queue,18,0,2025-08-10T21:00:00+05:30
WS-000158,/campus-map,Cafeteria / Canteen,wifi,16,0,2025-08-11T01:00:00+05:30
WS-000159,/help,Annapurna / Main Mess,water,46,0,2025-08-11T05:00:00+05:30
WS-000160,/help,LRC,cleaning,121,0,2025-08-11T02:00:00+05:30
WS-000161,/status,Parking,cleaning,45,0,2025-08-11T06:00:00+05:30
WS-000162,/status,Auditorium,queue,11,1,2025-08-11T04:00:00+05:30
WS-000163,/status,H5 Boys Hostel,cleaning,17,0,2025-08-11T07:00:00+05:30
WS-000164,/explore,H4 Boys Hostel,water,47,1,2025-08-11T06:00:00+05:30
WS-000165,/status,A2/1,queue,35,0,2025-08-11T07:00:00+05:30
WS-000166,/status,Annapurna / Main Mess,lab,73,1,2025-08-11T09:00:00+05:30
WS-000167,/help,Parking,wifi,111,1,2025-08-11T07:00:00+05:30
WS-000168,/status,A2/2,cleaning,85,0,2025-08-11T13:00:00+05:30
WS-000169,/explore,Auditorium,lab,38,0,2025-08-11T10:00:00+05:30
WS-000170,/help,Sports Complex,water,13,0,2025-08-11T14:00:00+05:30
WS-000171,/help,Sports Complex,parking,63,0,2025-08-11T16:00:00+05:30
WS-000172,/explore,Cafeteria / Canteen,queue,31,0,2025-08-11T13:00:00+05:30
WS-000173,/help,Aryabhatt Bhawan II,cleaning,63,0,2025-08-11T20:00:00+05:30
WS-000174,/report,CL3,queue,21,0,2025-08-11T21:00:00+05:30
WS-000175,/campus-map,CL3,projector,69,1,2025-08-11T18:00:00+05:30
WS-000176,/help,Aryabhatt Bhawan III,parking,78,0,2025-08-11T20:00:00+05:30
WS-000177,/explore,Aryabhatt Bhawan II,lab,77,0,2025-08-11T17:00:00+05:30
WS-000178,/help,Parking,wifi,47,1,2025-08-11T20:00:00+05:30
WS-000179,/report,H5 Boys Hostel,water,43,0,2025-08-12T00:00:00+05:30
WS-000180,/report,Annapurna / Main Mess,lab,16,0,2025-08-11T22:00:00+05:30
WS-000181,/campus-map,Washrooms,wifi,53,0,2025-08-12T02:00:00+05:30
WS-000182,/report,A2/1,wifi,17,0,2025-08-12T01:00:00+05:30
WS-000183,/help,CL1,projector,34,0,2025-08-12T05:00:00+05:30
WS-000184,/explore,Washrooms,parking,95,0,2025-08-12T04:00:00+05:30
WS-000185,/status,Main Gate,lab,33,0,2025-08-12T02:00:00+05:30
WS-000186,/explore,Aryabhatt Bhawan III,parking,103,0,2025-08-12T03:00:00+05:30
WS-000187,/report,A2/2,queue,29,0,2025-08-12T08:00:00+05:30
WS-000188,/report,Cafeteria / Canteen,queue,65,1,2025-08-12T11:00:00+05:30
WS-000189,/status,Administration Block,projector,61,0,2025-08-12T12:00:00+05:30
WS-000190,/status,CL22,wifi,10,0,2025-08-12T08:00:00+05:30
WS-000191,/report,A2/2,water,159,0,2025-08-12T08:00:00+05:30
WS-000192,/help,LRC,cleaning,40,0,2025-08-12T10:00:00+05:30
WS-000193,/report,CL1,queue,28,0,2025-08-12T15:00:00+05:30
WS-000194,/status,Cafeteria / Canteen,queue,29,0,2025-08-12T16:00:00+05:30
WS-000195,/help,A2/1,lab,39,0,2025-08-12T16:00:00+05:30
WS-000196,/explore,Girls Hostel,water,26,1,2025-08-12T19:00:00+05:30
WS-000197,/status,CL15,wifi,50,0,2025-08-12T15:00:00+05:30
WS-000198,/help,Main Gate,parking,44,0,2025-08-12T19:00:00+05:30
WS-000199,/explore,A2/2,wifi,28,0,2025-08-12T19:00:00+05:30
WS-000200,/explore,Aryabhatt Bhawan III,parking,53,0,2025-08-12T22:00:00+05:30
WS-000201,/status,A2/2,water,21,0,2025-08-13T00:00:00+05:30
WS-000202,/status,Aryabhatt Bhawan III,wifi,80,0,2025-08-12T18:00:00+05:30
WS-000203,/help,Auditorium,projector,34,0,2025-08-12T20:00:00+05:30
WS-000204,/help,A2/2,queue,87,0,2025-08-13T02:00:00+05:30
WS-000205,/explore,Main Gate,water,67,0,2025-08-13T02:00:00+05:30
WS-000206,/help,CL15,lab,40,0,2025-08-13T01:00:00+05:30
WS-000207,/campus-map,A2/1,water,13,0,2025-08-12T23:00:00+05:30
WS-000208,/status,Administration Block,parking,13,0,2025-08-13T05:00:00+05:30
WS-000209,/campus-map,ECE Labs,queue,76,0,2025-08-13T01:00:00+05:30
WS-000210,/status,Aryabhatt Bhawan III,wifi,53,0,2025-08-13T06:00:00+05:30
WS-000211,/status,Aryabhatt Bhawan III,cleaning,45,0,2025-08-13T03:00:00+05:30
WS-000212,/report,Cafeteria / Canteen,water,17,0,2025-08-13T06:00:00+05:30
WS-000213,/explore,A2/1,parking,20,0,2025-08-13T05:00:00+05:30
WS-000214,/campus-map,Auditorium,wifi,17,0,2025-08-13T09:00:00+05:30
WS-000215,/status,LRC,queue,64,0,2025-08-13T14:00:00+05:30
WS-000216,/report,Washrooms,parking,61,0,2025-08-13T11:00:00+05:30
WS-000217,/help,CL22,cleaning,54,0,2025-08-13T11:00:00+05:30
WS-000218,/campus-map,A2/2,lab,21,1,2025-08-13T14:00:00+05:30
WS-000219,/campus-map,Administration Block,queue,27,0,2025-08-13T14:00:00+05:30
WS-000220,/campus-map,Parking,wifi,60,1,2025-08-13T13:00:00+05:30
WS-000221,/explore,LRC,lab,40,0,2025-08-13T14:00:00+05:30
WS-000222,/help,CL3,cleaning,89,0,2025-08-13T19:00:00+05:30
WS-000223,/explore,Annapurna / Main Mess,water,43,1,2025-08-13T17:00:00+05:30
WS-000224,/explore,Aryabhatt Bhawan II,queue,40,0,2025-08-13T17:00:00+05:30
WS-000225,/help,Parking,queue,40,1,2025-08-13T19:00:00+05:30
WS-000226,/campus-map,Aryabhatt Bhawan II,queue,13,0,2025-08-13T23:00:00+05:30
WS-000227,/status,Water Points,lab,11,1,2025-08-13T20:00:00+05:30
WS-000228,/report,Aryabhatt Bhawan II,queue,59,1,2025-08-13T20:00:00+05:30
WS-000229,/report,Aryabhatt Bhawan III,wifi,34,0,2025-08-14T00:00:00+05:30
WS-000230,/explore,H5 Boys Hostel,water,22,1,2025-08-14T01:00:00+05:30
WS-000231,/explore,Aryabhatt Bhawan II,lab,22,0,2025-08-14T02:00:00+05:30
WS-000232,/campus-map,CL1,projector,4,0,2025-08-14T05:00:00+05:30
WS-000233,/campus-map,Administration Block,cleaning,41,0,2025-08-14T08:00:00+05:30
WS-000234,/campus-map,CL15,queue,40,0,2025-08-14T02:00:00+05:30
WS-000235,/campus-map,Sports Complex,cleaning,32,1,2025-08-14T09:00:00+05:30
WS-000236,/help,H4 Boys Hostel,cleaning,19,0,2025-08-14T09:00:00+05:30
WS-000237,/help,H5 Boys Hostel,projector,47,0,2025-08-14T07:00:00+05:30
WS-000238,/status,Aryabhatt Bhawan II,queue,32,0,2025-08-14T08:00:00+05:30
WS-000239,/campus-map,H5 Boys Hostel,cleaning,9,0,2025-08-14T11:00:00+05:30
WS-000240,/campus-map,Annapurna / Main Mess,projector,29,0,2025-08-14T11:00:00+05:30
WS-000241,/explore,Parking,queue,82,0,2025-08-14T10:00:00+05:30
WS-000242,/report,CL22,projector,9,0,2025-08-14T15:00:00+05:30
WS-000243,/report,LRC,cleaning,27,0,2025-08-14T12:00:00+05:30
WS-000244,/explore,LRC,projector,62,0,2025-08-14T17:00:00+05:30
WS-000245,/help,Cafeteria / Canteen,wifi,117,0,2025-08-14T18:00:00+05:30
WS-000246,/status,H4 Boys Hostel,water,100,0,2025-08-14T20:00:00+05:30
WS-000247,/report,Washrooms,lab,39,0,2025-08-14T17:00:00+05:30
WS-000248,/status,Girls Hostel,projector,66,0,2025-08-14T22:00:00+05:30
WS-000249,/explore,Cafeteria / Canteen,cleaning,25,0,2025-08-14T21:00:00+05:30
WS-000250,/status,CL3,queue,26,0,2025-08-14T18:00:00+05:30
WS-000251,/explore,CL15,wifi,12,1,2025-08-15T02:00:00+05:30
WS-000252,/help,LRC,cleaning,86,0,2025-08-15T02:00:00+05:30
WS-000253,/explore,Administration Block,parking,19,0,2025-08-14T22:00:00+05:30
WS-000254,/report,A2/2,wifi,12,0,2025-08-15T05:00:00+05:30
WS-000255,/help,A2/1,water,72,0,2025-08-15T04:00:00+05:30
WS-000256,/help,Cafeteria / Canteen,water,12,1,2025-08-15T05:00:00+05:30
WS-000257,/status,Aryabhatt Bhawan II,queue,43,0,2025-08-15T05:00:00+05:30
WS-000258,/help,Main Gate,projector,37,0,2025-08-15T05:00:00+05:30
WS-000259,/campus-map,Aryabhatt Bhawan III,wifi,81,0,2025-08-15T04:00:00+05:30
WS-000260,/help,Parking,water,84,0,2025-08-15T11:00:00+05:30
WS-000261,/explore,Aryabhatt Bhawan III,cleaning,93,0,2025-08-15T12:00:00+05:30
WS-000262,/campus-map,Aryabhatt Bhawan II,projector,54,0,2025-08-15T12:00:00+05:30
WS-000263,/status,Washrooms,projector,59,0,2025-08-15T12:00:00+05:30
WS-000264,/explore,A2/1,parking,37,0,2025-08-15T12:00:00+05:30
WS-000265,/report,Aryabhatt Bhawan II,projector,51,0,2025-08-15T14:00:00+05:30
WS-000266,/status,A2/1,projector,19,0,2025-08-15T17:00:00+05:30
WS-000267,/explore,CL3,lab,68,0,2025-08-15T13:00:00+05:30
WS-000268,/status,Main Gate,parking,65,0,2025-08-15T17:00:00+05:30
WS-000269,/status,Auditorium,queue,90,0,2025-08-15T19:00:00+05:30
WS-000270,/help,A2/1,queue,86,0,2025-08-15T21:00:00+05:30
WS-000271,/help,Aryabhatt Bhawan III,parking,40,0,2025-08-15T19:00:00+05:30
WS-000272,/report,A2/2,lab,15,0,2025-08-15T22:00:00+05:30
WS-000273,/status,H5 Boys Hostel,projector,36,0,2025-08-15T17:00:00+05:30
WS-000274,/explore,CL1,cleaning,53,0,2025-08-16T00:00:00+05:30
WS-000275,/campus-map,CL1,queue,17,0,2025-08-16T01:00:00+05:30
WS-000276,/status,Main Gate,cleaning,64,1,2025-08-16T02:00:00+05:30
WS-000277,/campus-map,Auditorium,cleaning,19,0,2025-08-15T22:00:00+05:30
WS-000278,/report,Aryabhatt Bhawan II,water,31,0,2025-08-15T23:00:00+05:30
WS-000279,/status,Water Points,projector,14,1,2025-08-16T04:00:00+05:30
WS-000280,/help,H5 Boys Hostel,water,41,0,2025-08-16T01:00:00+05:30
WS-000281,/help,CL1,queue,50,0,2025-08-16T01:00:00+05:30
WS-000282,/explore,CL1,lab,20,0,2025-08-16T03:00:00+05:30
WS-000283,/status,Parking,lab,67,0,2025-08-16T04:00:00+05:30
WS-000284,/explore,A2/2,wifi,9,0,2025-08-16T07:00:00+05:30
WS-000285,/campus-map,Auditorium,parking,15,1,2025-08-16T07:00:00+05:30
WS-000286,/help,Administration Block,queue,57,0,2025-08-16T13:00:00+05:30
WS-000287,/report,LRC,parking,19,0,2025-08-16T12:00:00+05:30
WS-000288,/explore,Main Gate,lab,21,0,2025-08-16T13:00:00+05:30
WS-000289,/campus-map,Sports Complex,lab,138,0,2025-08-16T14:00:00+05:30
WS-000290,/explore,Girls Hostel,projector,27,0,2025-08-16T14:00:00+05:30
WS-000291,/report,H5 Boys Hostel,water,55,0,2025-08-16T12:00:00+05:30
WS-000292,/campus-map,A2/1,water,57,0,2025-08-16T13:00:00+05:30
WS-000293,/report,A2/1,projector,77,0,2025-08-16T20:00:00+05:30
WS-000294,/explore,Cafeteria / Canteen,queue,58,0,2025-08-16T21:00:00+05:30
WS-000295,/report,Aryabhatt Bhawan III,parking,28,0,2025-08-16T22:00:00+05:30
WS-000296,/campus-map,CL22,water,61,0,2025-08-16T21:00:00+05:30
WS-000297,/report,Aryabhatt Bhawan II,parking,55,1,2025-08-16T22:00:00+05:30
WS-000298,/campus-map,Sports Complex,cleaning,56,0,2025-08-16T22:00:00+05:30
WS-000299,/status,A2/2,wifi,64,0,2025-08-17T01:00:00+05:30
WS-000300,/help,Administration Block,cleaning,18,0,2025-08-17T02:00:00+05:30
WS-000301,/report,LRC,wifi,32,0,2025-08-17T03:00:00+05:30
WS-000302,/campus-map,CL3,lab,8,0,2025-08-17T02:00:00+05:30
WS-000303,/campus-map,A2/1,projector,42,1,2025-08-17T01:00:00+05:30
WS-000304,/explore,A2/1,lab,33,0,2025-08-17T04:00:00+05:30
WS-000305,/campus-map,Aryabhatt Bhawan III,queue,34,1,2025-08-17T03:00:00+05:30
WS-000306,/help,Washrooms,water,34,0,2025-08-17T04:00:00+05:30
WS-000307,/status,A2/1,cleaning,28,0,2025-08-17T03:00:00+05:30
WS-000308,/status,A2/2,water,46,0,2025-08-17T09:00:00+05:30
WS-000309,/explore,Administration Block,cleaning,18,0,2025-08-17T12:00:00+05:30
WS-000310,/explore,Administration Block,queue,19,1,2025-08-17T06:00:00+05:30
WS-000311,/status,Aryabhatt Bhawan II,projector,70,0,2025-08-17T10:00:00+05:30
WS-000312,/report,H4 Boys Hostel,queue,45,0,2025-08-17T11:00:00+05:30
WS-000313,/explore,H5 Boys Hostel,projector,24,0,2025-08-17T12:00:00+05:30
WS-000314,/status,Washrooms,lab,14,1,2025-08-17T17:00:00+05:30
WS-000315,/status,Auditorium,cleaning,7,0,2025-08-17T18:00:00+05:30
WS-000316,/campus-map,H5 Boys Hostel,water,65,0,2025-08-17T19:00:00+05:30
WS-000317,/explore,Sports Complex,water,19,0,2025-08-17T16:00:00+05:30
WS-000318,/explore,Aryabhatt Bhawan III,parking,46,0,2025-08-17T19:00:00+05:30
WS-000319,/report,Cafeteria / Canteen,queue,40,0,2025-08-17T20:00:00+05:30
WS-000320,/report,Administration Block,water,30,0,2025-08-17T19:00:00+05:30
WS-000321,/status,Aryabhatt Bhawan III,parking,34,0,2025-08-18T00:00:00+05:30
WS-000322,/explore,Girls Hostel,lab,69,0,2025-08-17T19:00:00+05:30
WS-000323,/report,LRC,parking,42,0,2025-08-17T22:00:00+05:30
WS-000324,/help,Cafeteria / Canteen,projector,5,0,2025-08-18T03:00:00+05:30
WS-000325,/campus-map,Aryabhatt Bhawan III,parking,21,1,2025-08-18T00:00:00+05:30
WS-000326,/explore,H5 Boys Hostel,projector,47,0,2025-08-17T23:00:00+05:30
WS-000327,/explore,Sports Complex,parking,73,0,2025-08-18T00:00:00+05:30
WS-000328,/explore,ECE Labs,water,58,0,2025-08-18T07:00:00+05:30
WS-000329,/explore,Annapurna / Main Mess,cleaning,10,1,2025-08-18T06:00:00+05:30
WS-000330,/help,Cafeteria / Canteen,wifi,19,0,2025-08-18T03:00:00+05:30
WS-000331,/status,Main Gate,wifi,48,1,2025-08-18T10:00:00+05:30
WS-000332,/report,Aryabhatt Bhawan III,water,67,0,2025-08-18T06:00:00+05:30
WS-000333,/help,Annapurna / Main Mess,water,119,1,2025-08-18T08:00:00+05:30
WS-000334,/explore,Aryabhatt Bhawan II,lab,53,0,2025-08-18T10:00:00+05:30
WS-000335,/explore,H5 Boys Hostel,water,27,0,2025-08-18T13:00:00+05:30
WS-000336,/report,Girls Hostel,projector,29,0,2025-08-18T09:00:00+05:30
WS-000337,/explore,A2/2,queue,50,0,2025-08-18T14:00:00+05:30
WS-000338,/report,H5 Boys Hostel,projector,13,0,2025-08-18T17:00:00+05:30
WS-000339,/status,CL15,cleaning,34,0,2025-08-18T16:00:00+05:30
WS-000340,/help,Sports Complex,wifi,46,0,2025-08-18T19:00:00+05:30
WS-000341,/status,Administration Block,cleaning,12,0,2025-08-18T15:00:00+05:30
WS-000342,/report,Administration Block,wifi,34,0,2025-08-18T17:00:00+05:30
WS-000343,/explore,CL22,wifi,18,1,2025-08-18T17:00:00+05:30
WS-000344,/campus-map,Aryabhatt Bhawan II,queue,28,0,2025-08-18T19:00:00+05:30
WS-000345,/help,Auditorium,projector,54,0,2025-08-18T17:00:00+05:30
WS-000346,/status,Main Gate,wifi,35,1,2025-08-18T20:00:00+05:30
WS-000347,/report,Sports Complex,parking,16,0,2025-08-19T02:00:00+05:30
WS-000348,/report,A2/2,queue,17,0,2025-08-18T22:00:00+05:30
WS-000349,/report,Aryabhatt Bhawan III,wifi,99,0,2025-08-19T01:00:00+05:30
WS-000350,/campus-map,Aryabhatt Bhawan II,queue,67,0,2025-08-18T22:00:00+05:30
WS-000351,/help,CL3,water,12,0,2025-08-18T23:00:00+05:30
WS-000352,/help,H4 Boys Hostel,lab,44,0,2025-08-19T04:00:00+05:30
WS-000353,/report,Aryabhatt Bhawan III,lab,18,0,2025-08-19T06:00:00+05:30
WS-000354,/explore,Aryabhatt Bhawan II,wifi,13,0,2025-08-19T07:00:00+05:30
WS-000355,/report,Sports Complex,wifi,46,0,2025-08-19T10:00:00+05:30
WS-000356,/status,Aryabhatt Bhawan II,parking,24,0,2025-08-19T08:00:00+05:30
WS-000357,/campus-map,Sports Complex,parking,21,1,2025-08-19T11:00:00+05:30
WS-000358,/report,Parking,wifi,10,0,2025-08-19T08:00:00+05:30
WS-000359,/report,A2/1,cleaning,108,0,2025-08-19T08:00:00+05:30
WS-000360,/help,Girls Hostel,lab,35,0,2025-08-19T08:00:00+05:30
WS-000361,/report,A2/2,projector,21,0,2025-08-19T10:00:00+05:30
WS-000362,/report,Aryabhatt Bhawan II,queue,29,0,2025-08-19T13:00:00+05:30
WS-000363,/status,Auditorium,queue,39,0,2025-08-19T11:00:00+05:30
WS-000364,/report,ECE Labs,queue,35,0,2025-08-19T18:00:00+05:30
WS-000365,/help,Aryabhatt Bhawan III,lab,29,0,2025-08-19T20:00:00+05:30
WS-000366,/report,A2/2,cleaning,58,0,2025-08-19T15:00:00+05:30
WS-000367,/explore,CL15,lab,47,0,2025-08-19T21:00:00+05:30
WS-000368,/status,Aryabhatt Bhawan III,projector,47,0,2025-08-19T18:00:00+05:30
WS-000369,/status,Aryabhatt Bhawan III,projector,41,1,2025-08-19T19:00:00+05:30
WS-000370,/explore,Annapurna / Main Mess,cleaning,21,0,2025-08-19T20:00:00+05:30
WS-000371,/status,Main Gate,wifi,10,1,2025-08-19T23:00:00+05:30
WS-000372,/status,A2/2,wifi,8,0,2025-08-20T03:00:00+05:30
WS-000373,/explore,A2/2,projector,11,1,2025-08-20T00:00:00+05:30
WS-000374,/help,CL1,parking,7,0,2025-08-20T00:00:00+05:30
WS-000375,/help,A2/2,projector,64,1,2025-08-20T03:00:00+05:30
WS-000376,/help,A2/1,wifi,27,0,2025-08-20T03:00:00+05:30
WS-000377,/status,Administration Block,parking,110,1,2025-08-20T07:00:00+05:30
WS-000378,/campus-map,H4 Boys Hostel,lab,30,0,2025-08-20T02:00:00+05:30
WS-000379,/help,Annapurna / Main Mess,lab,10,0,2025-08-20T03:00:00+05:30
WS-000380,/status,Water Points,queue,42,0,2025-08-20T06:00:00+05:30
WS-000381,/help,CL1,projector,77,0,2025-08-20T08:00:00+05:30
WS-000382,/help,Auditorium,queue,38,0,2025-08-20T09:00:00+05:30
WS-000383,/status,CL1,wifi,13,0,2025-08-20T14:00:00+05:30
WS-000384,/explore,A2/2,wifi,44,0,2025-08-20T08:00:00+05:30
WS-000385,/explore,H4 Boys Hostel,projector,41,0,2025-08-20T09:00:00+05:30
WS-000386,/report,Annapurna / Main Mess,queue,22,0,2025-08-20T10:00:00+05:30
WS-000387,/campus-map,CL15,wifi,39,0,2025-08-20T17:00:00+05:30
WS-000388,/explore,H4 Boys Hostel,cleaning,35,1,2025-08-20T14:00:00+05:30
WS-000389,/help,H4 Boys Hostel,wifi,64,0,2025-08-20T18:00:00+05:30
WS-000390,/campus-map,Washrooms,cleaning,10,1,2025-08-20T14:00:00+05:30
WS-000391,/explore,Administration Block,lab,38,0,2025-08-20T22:00:00+05:30
WS-000392,/help,Water Points,lab,95,1,2025-08-20T17:00:00+05:30
WS-000393,/explore,CL22,wifi,15,1,2025-08-21T00:00:00+05:30
WS-000394,/report,CL22,parking,64,1,2025-08-21T00:00:00+05:30
WS-000395,/status,Aryabhatt Bhawan III,projector,24,0,2025-08-20T21:00:00+05:30
WS-000396,/report,Annapurna / Main Mess,lab,46,0,2025-08-21T00:00:00+05:30
WS-000397,/help,LRC,queue,52,0,2025-08-21T00:00:00+05:30
WS-000398,/report,H5 Boys Hostel,queue,36,0,2025-08-21T00:00:00+05:30
WS-000399,/explore,CL3,queue,107,0,2025-08-20T23:00:00+05:30
WS-000400,/explore,Cafeteria / Canteen,lab,5,0,2025-08-21T06:00:00+05:30
WS-000401,/help,Sports Complex,wifi,75,0,2025-08-21T01:00:00+05:30
WS-000402,/help,Washrooms,projector,109,0,2025-08-21T06:00:00+05:30
WS-000403,/explore,Water Points,wifi,20,0,2025-08-21T09:00:00+05:30
WS-000404,/help,Aryabhatt Bhawan II,parking,20,0,2025-08-21T09:00:00+05:30
WS-000405,/explore,Administration Block,water,10,0,2025-08-21T09:00:00+05:30
WS-000406,/campus-map,Administration Block,queue,67,0,2025-08-21T07:00:00+05:30
WS-000407,/explore,CL1,parking,33,1,2025-08-21T09:00:00+05:30
WS-000408,/explore,Main Gate,queue,35,1,2025-08-21T08:00:00+05:30
WS-000409,/report,A2/2,lab,70,0,2025-08-21T16:00:00+05:30
WS-000410,/campus-map,Aryabhatt Bhawan II,projector,28,1,2025-08-21T12:00:00+05:30
WS-000411,/help,Girls Hostel,water,36,0,2025-08-21T16:00:00+05:30
WS-000412,/status,ECE Labs,queue,9,1,2025-08-21T18:00:00+05:30
WS-000413,/explore,H4 Boys Hostel,lab,46,0,2025-08-21T18:00:00+05:30
WS-000414,/help,Auditorium,wifi,15,0,2025-08-21T15:00:00+05:30
WS-000415,/help,Aryabhatt Bhawan II,projector,38,1,2025-08-21T16:00:00+05:30
WS-000416,/status,Cafeteria / Canteen,parking,53,0,2025-08-21T18:00:00+05:30
WS-000417,/campus-map,Aryabhatt Bhawan III,queue,40,0,2025-08-21T20:00:00+05:30
WS-000418,/explore,Parking,parking,14,0,2025-08-21T19:00:00+05:30
WS-000419,/status,Cafeteria / Canteen,queue,79,0,2025-08-21T21:00:00+05:30
WS-000420,/explore,Sports Complex,projector,35,0,2025-08-21T23:00:00+05:30
WS-000421,/status,Administration Block,parking,44,1,2025-08-22T03:00:00+05:30
WS-000422,/campus-map,CL3,water,20,0,2025-08-22T03:00:00+05:30
WS-000423,/status,ECE Labs,queue,44,0,2025-08-22T06:00:00+05:30
WS-000424,/help,Aryabhatt Bhawan III,queue,43,0,2025-08-22T05:00:00+05:30
WS-000425,/help,A2/1,lab,66,0,2025-08-22T01:00:00+05:30
WS-000426,/campus-map,A2/1,lab,31,0,2025-08-22T04:00:00+05:30
WS-000427,/help,Aryabhatt Bhawan III,queue,67,0,2025-08-22T10:00:00+05:30
WS-000428,/help,Aryabhatt Bhawan II,water,82,0,2025-08-22T07:00:00+05:30
WS-000429,/status,Cafeteria / Canteen,queue,15,0,2025-08-22T12:00:00+05:30
WS-000430,/help,Sports Complex,wifi,25,1,2025-08-22T09:00:00+05:30
WS-000431,/report,CL22,parking,35,0,2025-08-22T11:00:00+05:30
WS-000432,/status,Annapurna / Main Mess,cleaning,30,0,2025-08-22T14:00:00+05:30
WS-000433,/help,CL3,projector,60,0,2025-08-22T09:00:00+05:30
WS-000434,/help,Main Gate,cleaning,65,0,2025-08-22T14:00:00+05:30
WS-000435,/explore,CL15,queue,93,0,2025-08-22T18:00:00+05:30
WS-000436,/help,Cafeteria / Canteen,wifi,49,0,2025-08-22T14:00:00+05:30
WS-000437,/help,A2/2,cleaning,29,0,2025-08-22T16:00:00+05:30
WS-000438,/help,Aryabhatt Bhawan II,cleaning,34,0,2025-08-22T17:00:00+05:30
WS-000439,/campus-map,H4 Boys Hostel,lab,60,0,2025-08-22T18:00:00+05:30
WS-000440,/report,Girls Hostel,wifi,15,0,2025-08-22T20:00:00+05:30
WS-000441,/campus-map,H5 Boys Hostel,projector,17,0,2025-08-22T17:00:00+05:30
WS-000442,/explore,A2/2,cleaning,73,0,2025-08-22T22:00:00+05:30
WS-000443,/report,A2/2,projector,67,0,2025-08-22T22:00:00+05:30
WS-000444,/explore,A2/2,queue,51,0,2025-08-23T03:00:00+05:30
WS-000445,/help,CL22,wifi,44,0,2025-08-22T23:00:00+05:30
WS-000446,/status,Water Points,wifi,45,0,2025-08-23T01:00:00+05:30
WS-000447,/help,CL3,lab,64,0,2025-08-23T04:00:00+05:30
WS-000448,/status,Aryabhatt Bhawan III,queue,47,0,2025-08-23T01:00:00+05:30
WS-000449,/help,Washrooms,water,38,1,2025-08-23T04:00:00+05:30
WS-000450,/report,A2/1,queue,122,0,2025-08-23T07:00:00+05:30
WS-000451,/status,Parking,lab,83,0,2025-08-23T06:00:00+05:30
WS-000452,/report,Aryabhatt Bhawan II,parking,49,0,2025-08-23T10:00:00+05:30
WS-000453,/help,Sports Complex,water,43,0,2025-08-23T09:00:00+05:30
WS-000454,/help,Cafeteria / Canteen,parking,103,1,2025-08-23T06:00:00+05:30
WS-000455,/help,Cafeteria / Canteen,lab,54,0,2025-08-23T13:00:00+05:30
WS-000456,/campus-map,Aryabhatt Bhawan III,queue,53,0,2025-08-23T10:00:00+05:30
WS-000457,/report,CL1,parking,118,0,2025-08-23T15:00:00+05:30
WS-000458,/report,Washrooms,parking,23,0,2025-08-23T11:00:00+05:30
WS-000459,/report,Aryabhatt Bhawan III,projector,25,1,2025-08-23T15:00:00+05:30
WS-000460,/help,ECE Labs,queue,20,0,2025-08-23T18:00:00+05:30
WS-000461,/explore,H5 Boys Hostel,parking,28,0,2025-08-23T15:00:00+05:30
WS-000462,/help,Parking,water,19,0,2025-08-23T18:00:00+05:30
WS-000463,/campus-map,LRC,water,30,0,2025-08-23T17:00:00+05:30
WS-000464,/campus-map,Administration Block,wifi,22,0,2025-08-23T17:00:00+05:30
WS-000465,/status,CL15,queue,18,0,2025-08-23T20:00:00+05:30
WS-000466,/explore,Water Points,parking,127,0,2025-08-23T22:00:00+05:30
WS-000467,/status,Aryabhatt Bhawan II,queue,81,1,2025-08-23T22:00:00+05:30
WS-000468,/explore,Cafeteria / Canteen,projector,59,0,2025-08-23T21:00:00+05:30
WS-000469,/campus-map,Girls Hostel,water,8,0,2025-08-24T03:00:00+05:30
WS-000470,/campus-map,CL22,queue,22,0,2025-08-24T03:00:00+05:30
WS-000471,/report,H4 Boys Hostel,projector,12,0,2025-08-24T02:00:00+05:30
WS-000472,/report,Auditorium,lab,18,0,2025-08-24T07:00:00+05:30
WS-000473,/explore,H4 Boys Hostel,water,15,0,2025-08-24T01:00:00+05:30
WS-000474,/explore,A2/2,queue,59,0,2025-08-24T06:00:00+05:30
WS-000475,/campus-map,Auditorium,wifi,35,0,2025-08-24T08:00:00+05:30
WS-000476,/status,A2/1,wifi,65,1,2025-08-24T10:00:00+05:30
WS-000477,/help,ECE Labs,water,11,0,2025-08-24T05:00:00+05:30
WS-000478,/campus-map,LRC,queue,7,0,2025-08-24T13:00:00+05:30
WS-000479,/help,H5 Boys Hostel,water,94,0,2025-08-24T13:00:00+05:30
WS-000480,/report,Aryabhatt Bhawan III,projector,12,0,2025-08-24T12:00:00+05:30
WS-000481,/report,H4 Boys Hostel,queue,15,0,2025-08-24T11:00:00+05:30
WS-000482,/report,Girls Hostel,parking,10,1,2025-08-24T13:00:00+05:30
WS-000483,/help,Aryabhatt Bhawan II,parking,20,0,2025-08-24T15:00:00+05:30
WS-000484,/explore,CL22,queue,7,0,2025-08-24T18:00:00+05:30
WS-000485,/report,A2/2,parking,60,0,2025-08-24T14:00:00+05:30
WS-000486,/status,H4 Boys Hostel,parking,18,0,2025-08-24T21:00:00+05:30
WS-000487,/help,H5 Boys Hostel,wifi,48,1,2025-08-24T19:00:00+05:30
WS-000488,/campus-map,CL15,lab,19,0,2025-08-24T18:00:00+05:30
WS-000489,/report,Parking,cleaning,28,0,2025-08-24T20:00:00+05:30
WS-000490,/campus-map,A2/2,wifi,75,0,2025-08-24T20:00:00+05:30
WS-000491,/status,Administration Block,cleaning,16,0,2025-08-24T19:00:00+05:30
WS-000492,/report,Parking,lab,18,0,2025-08-25T02:00:00+05:30
WS-000493,/explore,Auditorium,queue,21,1,2025-08-25T02:00:00+05:30
WS-000494,/campus-map,Cafeteria / Canteen,cleaning,23,0,2025-08-25T03:00:00+05:30
WS-000495,/campus-map,CL3,cleaning,12,0,2025-08-25T06:00:00+05:30
WS-000496,/explore,Cafeteria / Canteen,queue,29,0,2025-08-25T00:00:00+05:30
WS-000497,/campus-map,LRC,projector,5,0,2025-08-25T02:00:00+05:30
WS-000498,/campus-map,Parking,cleaning,43,0,2025-08-25T08:00:00+05:30
WS-000499,/explore,LRC,lab,45,0,2025-08-25T10:00:00+05:30
WS-000500,/status,Aryabhatt Bhawan III,lab,68,1,2025-08-25T05:00:00+05:30
WS-000501,/report,Sports Complex,wifi,59,0,2025-08-25T10:00:00+05:30
WS-000502,/campus-map,A2/1,lab,4,0,2025-08-25T13:00:00+05:30
WS-000503,/explore,CL3,parking,85,0,2025-08-25T08:00:00+05:30
WS-000504,/report,Water Points,queue,32,0,2025-08-25T10:00:00+05:30
WS-000505,/status,Sports Complex,projector,23,0,2025-08-25T12:00:00+05:30
WS-000506,/explore,Main Gate,cleaning,71,0,2025-08-25T12:00:00+05:30
WS-000507,/help,H4 Boys Hostel,wifi,63,0,2025-08-25T12:00:00+05:30
WS-000508,/status,Annapurna / Main Mess,wifi,28,1,2025-08-25T13:00:00+05:30
WS-000509,/campus-map,Aryabhatt Bhawan III,water,53,0,2025-08-25T18:00:00+05:30
WS-000510,/status,Sports Complex,queue,41,1,2025-08-25T18:00:00+05:30
WS-000511,/report,Parking,cleaning,26,0,2025-08-25T22:00:00+05:30
WS-000512,/report,A2/2,wifi,50,0,2025-08-25T16:00:00+05:30
WS-000513,/campus-map,A2/1,cleaning,50,0,2025-08-25T18:00:00+05:30
WS-000514,/explore,LRC,cleaning,39,0,2025-08-26T00:00:00+05:30
WS-000515,/report,Aryabhatt Bhawan II,lab,23,0,2025-08-25T22:00:00+05:30
WS-000516,/campus-map,Administration Block,wifi,113,0,2025-08-26T00:00:00+05:30
WS-000517,/campus-map,Administration Block,queue,21,0,2025-08-26T01:00:00+05:30
WS-000518,/status,Water Points,projector,47,0,2025-08-26T00:00:00+05:30
WS-000519,/help,Administration Block,projector,29,0,2025-08-26T06:00:00+05:30
WS-000520,/status,A2/1,queue,28,1,2025-08-26T06:00:00+05:30
WS-000521,/help,A2/2,cleaning,6,0,2025-08-26T01:00:00+05:30
WS-000522,/status,Annapurna / Main Mess,queue,49,1,2025-08-26T06:00:00+05:30
WS-000523,/status,A2/2,lab,21,0,2025-08-26T06:00:00+05:30
WS-000524,/help,Water Points,parking,105,0,2025-08-26T08:00:00+05:30
WS-000525,/campus-map,Administration Block,parking,19,1,2025-08-26T10:00:00+05:30
WS-000526,/status,Annapurna / Main Mess,queue,62,0,2025-08-26T11:00:00+05:30
WS-000527,/explore,A2/1,water,27,0,2025-08-26T14:00:00+05:30
WS-000528,/explore,Administration Block,lab,21,1,2025-08-26T15:00:00+05:30
WS-000529,/campus-map,Auditorium,wifi,33,0,2025-08-26T09:00:00+05:30
WS-000530,/explore,Aryabhatt Bhawan III,cleaning,44,0,2025-08-26T14:00:00+05:30
WS-000531,/report,H5 Boys Hostel,wifi,30,0,2025-08-26T13:00:00+05:30
WS-000532,/campus-map,A2/1,lab,74,0,2025-08-26T18:00:00+05:30
WS-000533,/report,Parking,parking,18,0,2025-08-26T14:00:00+05:30
WS-000534,/help,CL1,parking,22,0,2025-08-26T18:00:00+05:30
WS-000535,/help,A2/2,wifi,21,0,2025-08-26T17:00:00+05:30
WS-000536,/campus-map,Aryabhatt Bhawan III,queue,48,0,2025-08-26T19:00:00+05:30
WS-000537,/campus-map,CL3,projector,20,0,2025-08-26T21:00:00+05:30
WS-000538,/report,CL15,cleaning,41,0,2025-08-26T19:00:00+05:30
WS-000539,/status,Washrooms,queue,35,0,2025-08-26T23:00:00+05:30
WS-000540,/status,Aryabhatt Bhawan II,projector,36,1,2025-08-26T21:00:00+05:30
WS-000541,/report,LRC,wifi,3,0,2025-08-27T02:00:00+05:30
WS-000542,/explore,Administration Block,queue,28,0,2025-08-27T04:00:00+05:30
WS-000543,/help,LRC,wifi,16,0,2025-08-26T23:00:00+05:30
WS-000544,/help,Administration Block,queue,7,0,2025-08-27T00:00:00+05:30
WS-000545,/help,A2/2,parking,53,0,2025-08-27T08:00:00+05:30
WS-000546,/help,Aryabhatt Bhawan II,projector,48,0,2025-08-27T05:00:00+05:30
WS-000547,/explore,Aryabhatt Bhawan III,projector,81,0,2025-08-27T06:00:00+05:30
WS-000548,/campus-map,CL1,cleaning,67,0,2025-08-27T09:00:00+05:30
WS-000549,/report,A2/1,lab,40,0,2025-08-27T08:00:00+05:30
WS-000550,/explore,A2/2,projector,43,1,2025-08-27T07:00:00+05:30
WS-000551,/help,LRC,queue,56,0,2025-08-27T12:00:00+05:30
WS-000552,/help,Washrooms,lab,51,0,2025-08-27T09:00:00+05:30
WS-000553,/campus-map,Main Gate,wifi,25,0,2025-08-27T14:00:00+05:30
WS-000554,/report,CL22,projector,39,0,2025-08-27T16:00:00+05:30
WS-000555,/explore,Parking,cleaning,30,0,2025-08-27T16:00:00+05:30
WS-000556,/help,Auditorium,parking,37,0,2025-08-27T18:00:00+05:30
WS-000557,/campus-map,Sports Complex,queue,15,0,2025-08-27T16:00:00+05:30
WS-000558,/report,Aryabhatt Bhawan II,queue,51,0,2025-08-27T16:00:00+05:30
WS-000559,/status,A2/2,cleaning,53,0,2025-08-27T18:00:00+05:30
WS-000560,/status,A2/1,water,38,0,2025-08-27T17:00:00+05:30
WS-000561,/report,A2/1,lab,59,1,2025-08-27T20:00:00+05:30
WS-000562,/report,ECE Labs,cleaning,102,0,2025-08-27T23:00:00+05:30
WS-000563,/help,CL3,queue,90,0,2025-08-28T02:00:00+05:30
WS-000564,/help,Washrooms,parking,123,0,2025-08-27T21:00:00+05:30
WS-000565,/campus-map,Aryabhatt Bhawan III,parking,44,0,2025-08-28T00:00:00+05:30
WS-000566,/campus-map,Cafeteria / Canteen,lab,67,0,2025-08-28T02:00:00+05:30
WS-000567,/help,Aryabhatt Bhawan III,wifi,111,0,2025-08-28T02:00:00+05:30
WS-000568,/report,H4 Boys Hostel,wifi,7,0,2025-08-28T00:00:00+05:30
WS-000569,/help,Aryabhatt Bhawan II,cleaning,37,0,2025-08-28T04:00:00+05:30
WS-000570,/help,Aryabhatt Bhawan III,projector,115,0,2025-08-28T09:00:00+05:30
WS-000571,/report,H5 Boys Hostel,projector,18,0,2025-08-28T05:00:00+05:30
WS-000572,/status,Washrooms,cleaning,24,0,2025-08-28T06:00:00+05:30
WS-000573,/explore,A2/1,parking,77,0,2025-08-28T07:00:00+05:30
WS-000574,/explore,CL15,parking,23,0,2025-08-28T10:00:00+05:30
WS-000575,/status,Administration Block,queue,27,0,2025-08-28T14:00:00+05:30
WS-000576,/help,Water Points,parking,44,1,2025-08-28T10:00:00+05:30
WS-000577,/help,Auditorium,lab,73,0,2025-08-28T12:00:00+05:30
WS-000578,/help,Annapurna / Main Mess,wifi,26,0,2025-08-28T16:00:00+05:30
WS-000579,/status,ECE Labs,cleaning,117,0,2025-08-28T17:00:00+05:30
WS-000580,/help,Sports Complex,wifi,27,1,2025-08-28T12:00:00+05:30
WS-000581,/campus-map,Main Gate,parking,31,1,2025-08-28T20:00:00+05:30
WS-000582,/campus-map,Main Gate,projector,16,0,2025-08-28T17:00:00+05:30
WS-000583,/explore,CL15,water,9,0,2025-08-28T17:00:00+05:30
WS-000584,/explore,CL1,queue,107,0,2025-08-28T21:00:00+05:30
WS-000585,/report,Cafeteria / Canteen,parking,8,0,2025-08-28T19:00:00+05:30
WS-000586,/status,A2/1,lab,14,0,2025-08-29T01:00:00+05:30
WS-000587,/explore,CL15,wifi,22,0,2025-08-28T23:00:00+05:30
WS-000588,/status,Annapurna / Main Mess,cleaning,42,1,2025-08-29T02:00:00+05:30
WS-000589,/campus-map,Main Gate,projector,71,0,2025-08-28T23:00:00+05:30
WS-000590,/help,Aryabhatt Bhawan II,projector,161,0,2025-08-28T22:00:00+05:30
WS-000591,/campus-map,Administration Block,wifi,27,1,2025-08-29T03:00:00+05:30
WS-000592,/help,Aryabhatt Bhawan III,parking,35,0,2025-08-29T02:00:00+05:30
WS-000593,/help,Auditorium,water,14,1,2025-08-29T07:00:00+05:30
WS-000594,/explore,H5 Boys Hostel,lab,43,0,2025-08-29T05:00:00+05:30
WS-000595,/help,Aryabhatt Bhawan II,projector,19,1,2025-08-29T08:00:00+05:30
WS-000596,/explore,LRC,parking,45,1,2025-08-29T08:00:00+05:30
WS-000597,/report,Cafeteria / Canteen,water,85,0,2025-08-29T12:00:00+05:30
WS-000598,/explore,Water Points,projector,79,0,2025-08-29T07:00:00+05:30
WS-000599,/campus-map,A2/2,cleaning,18,1,2025-08-29T12:00:00+05:30
WS-000600,/help,Aryabhatt Bhawan III,lab,74,0,2025-08-29T11:00:00+05:30
WS-000601,/help,Sports Complex,water,36,0,2025-08-29T09:00:00+05:30
WS-000602,/status,Aryabhatt Bhawan III,cleaning,52,0,2025-08-29T17:00:00+05:30
WS-000603,/campus-map,ECE Labs,parking,22,0,2025-08-29T14:00:00+05:30
WS-000604,/explore,Sports Complex,queue,23,0,2025-08-29T19:00:00+05:30
WS-000605,/status,Main Gate,projector,6,0,2025-08-29T13:00:00+05:30
WS-000606,/report,Main Gate,water,19,0,2025-08-29T21:00:00+05:30
WS-000607,/help,ECE Labs,cleaning,68,0,2025-08-29T21:00:00+05:30
WS-000608,/help,Aryabhatt Bhawan III,lab,21,0,2025-08-29T20:00:00+05:30
WS-000609,/campus-map,Sports Complex,lab,35,0,2025-08-29T20:00:00+05:30
WS-000610,/explore,Aryabhatt Bhawan III,wifi,49,1,2025-08-29T22:00:00+05:30
WS-000611,/help,CL22,queue,55,0,2025-08-30T01:00:00+05:30
WS-000612,/explore,Water Points,queue,38,0,2025-08-30T01:00:00+05:30
WS-000613,/report,CL22,projector,31,0,2025-08-29T23:00:00+05:30
WS-000614,/help,Annapurna / Main Mess,water,69,0,2025-08-30T04:00:00+05:30
WS-000615,/help,Aryabhatt Bhawan II,wifi,68,0,2025-08-29T23:00:00+05:30
WS-000616,/campus-map,Aryabhatt Bhawan II,projector,20,0,2025-08-30T00:00:00+05:30
WS-000617,/status,Auditorium,water,24,0,2025-08-30T06:00:00+05:30
WS-000618,/help,Water Points,parking,49,0,2025-08-30T08:00:00+05:30
WS-000619,/report,Administration Block,parking,38,0,2025-08-30T10:00:00+05:30
WS-000620,/help,Cafeteria / Canteen,water,38,0,2025-08-30T09:00:00+05:30
WS-000621,/status,CL15,water,16,0,2025-08-30T07:00:00+05:30
WS-000622,/report,Aryabhatt Bhawan III,wifi,68,0,2025-08-30T13:00:00+05:30
WS-000623,/explore,Annapurna / Main Mess,parking,14,0,2025-08-30T08:00:00+05:30
WS-000624,/campus-map,Administration Block,cleaning,12,0,2025-08-30T12:00:00+05:30
WS-000625,/explore,A2/1,lab,10,0,2025-08-30T09:00:00+05:30
WS-000626,/explore,CL15,parking,37,0,2025-08-30T10:00:00+05:30
WS-000627,/explore,Water Points,cleaning,41,1,2025-08-30T13:00:00+05:30
WS-000628,/help,Parking,parking,13,0,2025-08-30T15:00:00+05:30
WS-000629,/campus-map,Washrooms,cleaning,31,0,2025-08-30T14:00:00+05:30
WS-000630,/report,CL3,water,10,0,2025-08-30T18:00:00+05:30
WS-000631,/report,CL22,water,23,0,2025-08-30T15:00:00+05:30
WS-000632,/report,LRC,parking,22,0,2025-08-30T21:00:00+05:30
WS-000633,/report,CL22,lab,26,0,2025-08-30T22:00:00+05:30
WS-000634,/status,CL15,parking,144,0,2025-08-30T21:00:00+05:30
WS-000635,/help,Sports Complex,projector,19,0,2025-08-30T20:00:00+05:30
WS-000636,/campus-map,LRC,queue,33,1,2025-08-30T23:00:00+05:30
WS-000637,/campus-map,CL15,cleaning,34,0,2025-08-30T23:00:00+05:30
WS-000638,/status,Aryabhatt Bhawan II,cleaning,17,0,2025-08-31T05:00:00+05:30
WS-000639,/help,Sports Complex,lab,43,0,2025-08-30T23:00:00+05:30
WS-000640,/help,Parking,parking,92,0,2025-08-31T05:00:00+05:30
WS-000641,/campus-map,Annapurna / Main Mess,projector,15,1,2025-08-31T07:00:00+05:30
WS-000642,/help,H5 Boys Hostel,cleaning,34,1,2025-08-31T05:00:00+05:30
WS-000643,/report,CL22,projector,68,0,2025-08-31T06:00:00+05:30
WS-000644,/report,Cafeteria / Canteen,projector,55,0,2025-08-31T04:00:00+05:30
WS-000645,/campus-map,A2/1,cleaning,33,0,2025-08-31T12:00:00+05:30
WS-000646,/status,CL1,queue,42,0,2025-08-31T12:00:00+05:30
WS-000647,/status,Water Points,water,50,0,2025-08-31T11:00:00+05:30
WS-000648,/status,CL3,cleaning,13,1,2025-08-31T09:00:00+05:30
WS-000649,/help,H5 Boys Hostel,parking,77,0,2025-08-31T12:00:00+05:30
WS-000650,/status,LRC,projector,80,0,2025-08-31T11:00:00+05:30
WS-000651,/explore,CL15,projector,46,1,2025-08-31T13:00:00+05:30
WS-000652,/campus-map,Cafeteria / Canteen,projector,33,0,2025-08-31T13:00:00+05:30
WS-000653,/explore,Administration Block,cleaning,12,1,2025-08-31T14:00:00+05:30
WS-000654,/explore,Water Points,water,30,1,2025-08-31T21:00:00+05:30
WS-000655,/status,Auditorium,wifi,25,0,2025-08-31T19:00:00+05:30
WS-000656,/campus-map,Sports Complex,parking,24,1,2025-08-31T16:00:00+05:30
WS-000657,/campus-map,A2/1,wifi,54,0,2025-08-31T20:00:00+05:30
WS-000658,/report,A2/1,projector,111,0,2025-08-31T20:00:00+05:30
WS-000659,/explore,Aryabhatt Bhawan II,lab,84,0,2025-08-31T22:00:00+05:30
WS-000660,/status,LRC,projector,27,1,2025-09-01T03:00:00+05:30
WS-000661,/report,H4 Boys Hostel,queue,20,0,2025-08-31T22:00:00+05:30
WS-000662,/status,Annapurna / Main Mess,water,61,0,2025-09-01T05:00:00+05:30
WS-000663,/status,Washrooms,lab,34,1,2025-09-01T02:00:00+05:30
WS-000664,/campus-map,Girls Hostel,wifi,31,0,2025-09-01T01:00:00+05:30
WS-000665,/status,Cafeteria / Canteen,projector,35,0,2025-09-01T05:00:00+05:30
WS-000666,/explore,Washrooms,lab,24,0,2025-09-01T06:00:00+05:30
WS-000667,/status,A2/2,parking,32,0,2025-09-01T09:00:00+05:30
WS-000668,/status,H4 Boys Hostel,cleaning,34,1,2025-09-01T07:00:00+05:30
WS-000669,/status,CL1,water,70,0,2025-09-01T08:00:00+05:30
WS-000670,/report,Aryabhatt Bhawan III,cleaning,41,0,2025-09-01T06:00:00+05:30
WS-000671,/campus-map,A2/2,parking,52,0,2025-09-01T10:00:00+05:30
WS-000672,/status,H4 Boys Hostel,lab,65,0,2025-09-01T14:00:00+05:30
WS-000673,/campus-map,A2/2,projector,25,1,2025-09-01T16:00:00+05:30
WS-000674,/explore,Water Points,projector,53,0,2025-09-01T17:00:00+05:30
WS-000675,/status,Aryabhatt Bhawan II,parking,57,0,2025-09-01T12:00:00+05:30
WS-000676,/explore,CL15,projector,24,0,2025-09-01T18:00:00+05:30
WS-000677,/report,A2/1,water,87,0,2025-09-01T15:00:00+05:30
WS-000678,/report,CL15,queue,68,0,2025-09-01T20:00:00+05:30
WS-000679,/campus-map,ECE Labs,lab,11,0,2025-09-01T15:00:00+05:30
WS-000680,/report,ECE Labs,cleaning,66,1,2025-09-01T19:00:00+05:30
WS-000681,/campus-map,Aryabhatt Bhawan II,parking,36,0,2025-09-01T23:00:00+05:30
WS-000682,/help,Administration Block,cleaning,24,0,2025-09-02T01:00:00+05:30
WS-000683,/report,Administration Block,projector,41,0,2025-09-02T02:00:00+05:30
WS-000684,/campus-map,Aryabhatt Bhawan III,lab,26,0,2025-09-01T21:00:00+05:30
WS-000685,/report,Water Points,parking,20,0,2025-09-01T21:00:00+05:30
WS-000686,/status,Parking,queue,84,0,2025-09-01T22:00:00+05:30
WS-000687,/report,Girls Hostel,wifi,18,0,2025-09-02T02:00:00+05:30
WS-000688,/campus-map,Girls Hostel,wifi,38,0,2025-09-02T05:00:00+05:30
WS-000689,/status,H5 Boys Hostel,cleaning,80,0,2025-09-02T05:00:00+05:30
WS-000690,/help,CL1,wifi,93,0,2025-09-02T07:00:00+05:30
WS-000691,/report,H4 Boys Hostel,lab,57,0,2025-09-02T06:00:00+05:30
WS-000692,/campus-map,A2/1,wifi,49,0,2025-09-02T06:00:00+05:30
WS-000693,/help,CL3,queue,11,0,2025-09-02T05:00:00+05:30
WS-000694,/status,LRC,lab,33,0,2025-09-02T09:00:00+05:30
WS-000695,/campus-map,CL22,water,28,0,2025-09-02T07:00:00+05:30
WS-000696,/status,Sports Complex,wifi,63,0,2025-09-02T15:00:00+05:30
WS-000697,/campus-map,Main Gate,water,60,0,2025-09-02T14:00:00+05:30
WS-000698,/explore,Girls Hostel,cleaning,23,0,2025-09-02T13:00:00+05:30
WS-000699,/campus-map,A2/1,wifi,34,0,2025-09-02T13:00:00+05:30
WS-000700,/campus-map,A2/2,parking,18,1,2025-09-02T16:00:00+05:30
WS-000701,/status,Main Gate,projector,34,1,2025-09-02T20:00:00+05:30
WS-000702,/explore,Auditorium,queue,96,0,2025-09-02T15:00:00+05:30
WS-000703,/campus-map,A2/1,projector,7,0,2025-09-02T17:00:00+05:30
WS-000704,/explore,Annapurna / Main Mess,queue,53,0,2025-09-02T16:00:00+05:30
WS-000705,/help,Aryabhatt Bhawan III,water,53,0,2025-09-02T18:00:00+05:30
WS-000706,/campus-map,Washrooms,lab,23,0,2025-09-02T18:00:00+05:30
WS-000707,/campus-map,CL22,parking,16,0,2025-09-03T00:00:00+05:30
WS-000708,/status,Aryabhatt Bhawan II,water,14,1,2025-09-03T00:00:00+05:30
WS-000709,/explore,CL15,lab,22,0,2025-09-03T00:00:00+05:30
WS-000710,/campus-map,Water Points,parking,2,0,2025-09-02T22:00:00+05:30
WS-000711,/status,Water Points,projector,59,1,2025-09-03T02:00:00+05:30
WS-000712,/explore,Auditorium,projector,16,1,2025-09-03T05:00:00+05:30
WS-000713,/report,Sports Complex,projector,35,0,2025-09-03T05:00:00+05:30
WS-000714,/status,Sports Complex,lab,28,0,2025-09-03T07:00:00+05:30
WS-000715,/campus-map,ECE Labs,parking,56,0,2025-09-03T06:00:00+05:30
WS-000716,/explore,LRC,cleaning,40,0,2025-09-03T11:00:00+05:30
WS-000717,/help,Aryabhatt Bhawan II,wifi,68,0,2025-09-03T08:00:00+05:30
WS-000718,/status,Administration Block,lab,18,0,2025-09-03T13:00:00+05:30
WS-000719,/help,H4 Boys Hostel,queue,97,0,2025-09-03T09:00:00+05:30
WS-000720,/campus-map,ECE Labs,water,56,0,2025-09-03T09:00:00+05:30
WS-000721,/help,A2/2,projector,26,0,2025-09-03T16:00:00+05:30
WS-000722,/campus-map,CL3,cleaning,122,0,2025-09-03T10:00:00+05:30
WS-000723,/campus-map,Water Points,water,22,0,2025-09-03T11:00:00+05:30
WS-000724,/campus-map,Aryabhatt Bhawan III,water,30,0,2025-09-03T14:00:00+05:30
WS-000725,/campus-map,Sports Complex,water,42,1,2025-09-03T17:00:00+05:30
WS-000726,/help,Sports Complex,wifi,21,0,2025-09-03T17:00:00+05:30
WS-000727,/help,H5 Boys Hostel,water,67,0,2025-09-03T19:00:00+05:30
WS-000728,/report,Aryabhatt Bhawan III,parking,24,1,2025-09-03T20:00:00+05:30
WS-000729,/campus-map,Aryabhatt Bhawan II,wifi,43,0,2025-09-03T22:00:00+05:30
WS-000730,/status,Girls Hostel,water,13,0,2025-09-04T00:00:00+05:30
WS-000731,/status,H5 Boys Hostel,queue,22,0,2025-09-04T00:00:00+05:30
WS-000732,/status,CL3,cleaning,13,0,2025-09-04T03:00:00+05:30
WS-000733,/help,A2/1,projector,32,0,2025-09-04T04:00:00+05:30
WS-000734,/help,Aryabhatt Bhawan III,wifi,30,0,2025-09-04T00:00:00+05:30
WS-000735,/report,Cafeteria / Canteen,lab,23,0,2025-09-04T02:00:00+05:30
WS-000736,/campus-map,Main Gate,wifi,88,0,2025-09-04T00:00:00+05:30
WS-000737,/campus-map,Aryabhatt Bhawan III,cleaning,33,0,2025-09-04T01:00:00+05:30
WS-000738,/help,H4 Boys Hostel,projector,8,0,2025-09-04T06:00:00+05:30
WS-000739,/help,LRC,wifi,68,1,2025-09-04T09:00:00+05:30
WS-000740,/campus-map,Aryabhatt Bhawan II,wifi,19,0,2025-09-04T08:00:00+05:30
WS-000741,/status,Aryabhatt Bhawan II,water,4,1,2025-09-04T05:00:00+05:30
WS-000742,/help,A2/1,wifi,4,0,2025-09-04T10:00:00+05:30
WS-000743,/campus-map,Administration Block,cleaning,27,1,2025-09-04T14:00:00+05:30
WS-000744,/report,Girls Hostel,parking,75,0,2025-09-04T10:00:00+05:30
WS-000745,/status,Aryabhatt Bhawan III,water,124,0,2025-09-04T15:00:00+05:30
WS-000746,/status,H4 Boys Hostel,queue,26,0,2025-09-04T12:00:00+05:30
WS-000747,/explore,Girls Hostel,queue,74,0,2025-09-04T15:00:00+05:30
WS-000748,/report,Aryabhatt Bhawan III,wifi,13,0,2025-09-04T14:00:00+05:30
WS-000749,/status,CL1,parking,38,0,2025-09-04T20:00:00+05:30
WS-000750,/explore,H4 Boys Hostel,lab,56,0,2025-09-04T15:00:00+05:30
WS-000751,/help,A2/1,cleaning,31,0,2025-09-04T21:00:00+05:30
WS-000752,/explore,H4 Boys Hostel,projector,31,0,2025-09-04T16:00:00+05:30
WS-000753,/explore,Administration Block,parking,57,0,2025-09-05T00:00:00+05:30
WS-000754,/campus-map,Administration Block,cleaning,59,0,2025-09-04T23:00:00+05:30
WS-000755,/status,A2/2,parking,17,0,2025-09-05T02:00:00+05:30
WS-000756,/status,Cafeteria / Canteen,projector,124,1,2025-09-04T23:00:00+05:30
WS-000757,/help,H4 Boys Hostel,projector,72,0,2025-09-05T02:00:00+05:30
WS-000758,/help,Aryabhatt Bhawan III,wifi,24,0,2025-09-05T04:00:00+05:30
WS-000759,/campus-map,Washrooms,queue,54,0,2025-09-05T04:00:00+05:30
WS-000760,/explore,Aryabhatt Bhawan II,lab,83,0,2025-09-05T01:00:00+05:30
WS-000761,/report,Sports Complex,projector,25,0,2025-09-05T07:00:00+05:30
WS-000762,/explore,A2/1,water,64,0,2025-09-05T05:00:00+05:30
WS-000763,/status,Auditorium,water,13,0,2025-09-05T04:00:00+05:30
WS-000764,/report,H5 Boys Hostel,wifi,29,0,2025-09-05T11:00:00+05:30
WS-000765,/report,Annapurna / Main Mess,cleaning,50,0,2025-09-05T07:00:00+05:30
WS-000766,/status,Parking,wifi,15,0,2025-09-05T07:00:00+05:30
WS-000767,/explore,Aryabhatt Bhawan II,queue,20,0,2025-09-05T08:00:00+05:30
WS-000768,/explore,Administration Block,cleaning,32,0,2025-09-05T10:00:00+05:30
WS-000769,/report,Administration Block,parking,54,0,2025-09-05T14:00:00+05:30
WS-000770,/report,Cafeteria / Canteen,projector,29,0,2025-09-05T11:00:00+05:30
WS-000771,/help,Aryabhatt Bhawan II,queue,82,0,2025-09-05T18:00:00+05:30
WS-000772,/help,Aryabhatt Bhawan III,lab,9,0,2025-09-05T18:00:00+05:30
WS-000773,/status,Washrooms,projector,48,1,2025-09-05T15:00:00+05:30
WS-000774,/help,A2/2,projector,20,0,2025-09-05T21:00:00+05:30
WS-000775,/report,Main Gate,parking,43,0,2025-09-05T17:00:00+05:30
WS-000776,/report,CL22,lab,116,0,2025-09-05T22:00:00+05:30
WS-000777,/help,Aryabhatt Bhawan III,parking,23,0,2025-09-05T20:00:00+05:30
WS-000778,/help,Sports Complex,queue,30,0,2025-09-06T00:00:00+05:30
WS-000779,/explore,CL15,parking,7,0,2025-09-06T00:00:00+05:30
WS-000780,/help,Aryabhatt Bhawan III,lab,10,0,2025-09-06T01:00:00+05:30
WS-000781,/campus-map,LRC,lab,46,0,2025-09-06T00:00:00+05:30
WS-000782,/report,H4 Boys Hostel,queue,59,0,2025-09-06T02:00:00+05:30
WS-000783,/status,Aryabhatt Bhawan II,projector,11,0,2025-09-06T00:00:00+05:30
WS-000784,/report,A2/1,projector,45,1,2025-09-06T02:00:00+05:30
WS-000785,/explore,H4 Boys Hostel,parking,30,0,2025-09-06T05:00:00+05:30
WS-000786,/status,Aryabhatt Bhawan II,cleaning,24,1,2025-09-06T08:00:00+05:30
WS-000787,/status,H4 Boys Hostel,lab,57,0,2025-09-06T05:00:00+05:30
WS-000788,/campus-map,Sports Complex,lab,16,0,2025-09-06T06:00:00+05:30
WS-000789,/help,Girls Hostel,water,63,1,2025-09-06T07:00:00+05:30
WS-000790,/report,CL22,projector,63,0,2025-09-06T12:00:00+05:30
WS-000791,/help,CL3,wifi,13,0,2025-09-06T10:00:00+05:30
WS-000792,/campus-map,Aryabhatt Bhawan III,queue,48,0,2025-09-06T10:00:00+05:30
WS-000793,/help,H4 Boys Hostel,cleaning,65,0,2025-09-06T15:00:00+05:30
WS-000794,/report,ECE Labs,lab,35,0,2025-09-06T15:00:00+05:30
WS-000795,/explore,Aryabhatt Bhawan II,projector,56,0,2025-09-06T16:00:00+05:30
WS-000796,/help,Girls Hostel,parking,42,0,2025-09-06T18:00:00+05:30
WS-000797,/help,Aryabhatt Bhawan III,projector,63,0,2025-09-06T18:00:00+05:30
WS-000798,/help,H4 Boys Hostel,lab,16,0,2025-09-06T21:00:00+05:30
WS-000799,/report,Aryabhatt Bhawan III,parking,50,0,2025-09-06T15:00:00+05:30
WS-000800,/help,A2/2,wifi,45,0,2025-09-06T22:00:00+05:30
WS-000801,/campus-map,H5 Boys Hostel,projector,26,0,2025-09-06T17:00:00+05:30
WS-000802,/help,H4 Boys Hostel,lab,16,0,2025-09-07T01:00:00+05:30
WS-000803,/status,A2/1,parking,69,0,2025-09-06T21:00:00+05:30
WS-000804,/report,ECE Labs,parking,75,0,2025-09-07T02:00:00+05:30
WS-000805,/explore,Washrooms,wifi,42,0,2025-09-06T21:00:00+05:30
WS-000806,/status,Annapurna / Main Mess,projector,10,0,2025-09-07T01:00:00+05:30
WS-000807,/report,CL22,cleaning,13,0,2025-09-07T02:00:00+05:30
WS-000808,/report,Girls Hostel,lab,33,0,2025-09-07T06:00:00+05:30
WS-000809,/explore,Aryabhatt Bhawan II,projector,91,0,2025-09-07T08:00:00+05:30
WS-000810,/report,A2/1,queue,75,0,2025-09-07T03:00:00+05:30
WS-000811,/help,LRC,parking,44,0,2025-09-07T08:00:00+05:30
WS-000812,/explore,LRC,queue,20,0,2025-09-07T10:00:00+05:30
WS-000813,/explore,Cafeteria / Canteen,wifi,16,0,2025-09-07T07:00:00+05:30
WS-000814,/report,Aryabhatt Bhawan III,water,84,0,2025-09-07T07:00:00+05:30
WS-000815,/campus-map,CL1,wifi,18,1,2025-09-07T14:00:00+05:30
WS-000816,/status,A2/2,water,83,0,2025-09-07T13:00:00+05:30
WS-000817,/campus-map,H4 Boys Hostel,projector,18,0,2025-09-07T16:00:00+05:30
WS-000818,/report,CL15,water,33,0,2025-09-07T17:00:00+05:30
WS-000819,/explore,Parking,cleaning,35,0,2025-09-07T17:00:00+05:30
WS-000820,/report,H4 Boys Hostel,lab,18,0,2025-09-07T17:00:00+05:30
WS-000821,/report,Aryabhatt Bhawan III,wifi,29,0,2025-09-07T14:00:00+05:30
WS-000822,/status,Parking,water,44,0,2025-09-07T18:00:00+05:30
WS-000823,/campus-map,Aryabhatt Bhawan III,cleaning,29,0,2025-09-07T16:00:00+05:30
WS-000824,/help,A2/2,cleaning,5,1,2025-09-07T19:00:00+05:30
WS-000825,/help,Aryabhatt Bhawan III,lab,17,0,2025-09-07T20:00:00+05:30
WS-000826,/report,Aryabhatt Bhawan II,projector,14,0,2025-09-07T19:00:00+05:30
WS-000827,/status,Aryabhatt Bhawan II,projector,13,0,2025-09-08T00:00:00+05:30
WS-000828,/status,A2/1,lab,36,0,2025-09-07T20:00:00+05:30
WS-000829,/report,Cafeteria / Canteen,cleaning,20,0,2025-09-07T22:00:00+05:30
WS-000830,/status,Aryabhatt Bhawan II,parking,41,1,2025-09-07T22:00:00+05:30
WS-000831,/status,Aryabhatt Bhawan III,queue,5,0,2025-09-08T06:00:00+05:30
WS-000832,/campus-map,Washrooms,queue,37,0,2025-09-08T06:00:00+05:30
WS-000833,/report,CL1,lab,16,0,2025-09-08T04:00:00+05:30
WS-000834,/campus-map,ECE Labs,lab,17,0,2025-09-08T09:00:00+05:30
WS-000835,/campus-map,H4 Boys Hostel,cleaning,35,0,2025-09-08T06:00:00+05:30
WS-000836,/explore,Aryabhatt Bhawan II,projector,24,0,2025-09-08T05:00:00+05:30
WS-000837,/report,CL3,projector,87,1,2025-09-08T06:00:00+05:30
WS-000838,/campus-map,Sports Complex,lab,58,0,2025-09-08T08:00:00+05:30
WS-000839,/explore,Aryabhatt Bhawan II,cleaning,74,0,2025-09-08T07:00:00+05:30
WS-000840,/report,CL15,water,102,1,2025-09-08T15:00:00+05:30
WS-000841,/report,Aryabhatt Bhawan III,queue,104,0,2025-09-08T12:00:00+05:30
WS-000842,/status,Cafeteria / Canteen,water,19,0,2025-09-08T16:00:00+05:30
WS-000843,/explore,Auditorium,wifi,118,1,2025-09-08T11:00:00+05:30
WS-000844,/status,Washrooms,wifi,88,1,2025-09-08T17:00:00+05:30
WS-000845,/report,A2/1,projector,54,0,2025-09-08T14:00:00+05:30
WS-000846,/help,ECE Labs,water,36,0,2025-09-08T16:00:00+05:30
WS-000847,/explore,CL1,water,9,0,2025-09-08T21:00:00+05:30
WS-000848,/help,ECE Labs,water,45,1,2025-09-08T22:00:00+05:30
WS-000849,/explore,A2/2,projector,46,1,2025-09-08T19:00:00+05:30
WS-000850,/report,Aryabhatt Bhawan II,projector,91,0,2025-09-08T21:00:00+05:30
WS-000851,/help,Cafeteria / Canteen,wifi,23,0,2025-09-08T19:00:00+05:30
WS-000852,/explore,Aryabhatt Bhawan III,water,71,1,2025-09-09T02:00:00+05:30
WS-000853,/help,H5 Boys Hostel,wifi,10,0,2025-09-08T22:00:00+05:30
WS-000854,/help,Annapurna / Main Mess,queue,38,0,2025-09-08T22:00:00+05:30
WS-000855,/report,CL3,water,57,0,2025-09-08T23:00:00+05:30
WS-000856,/explore,LRC,projector,6,0,2025-09-09T07:00:00+05:30
WS-000857,/explore,Cafeteria / Canteen,lab,49,0,2025-09-09T08:00:00+05:30
WS-000858,/campus-map,Aryabhatt Bhawan II,queue,49,0,2025-09-09T05:00:00+05:30
WS-000859,/report,Auditorium,cleaning,15,0,2025-09-09T03:00:00+05:30
WS-000860,/explore,CL1,cleaning,13,0,2025-09-09T11:00:00+05:30
WS-000861,/help,CL3,cleaning,51,0,2025-09-09T11:00:00+05:30
WS-000862,/explore,LRC,lab,22,0,2025-09-09T10:00:00+05:30
WS-000863,/explore,LRC,projector,78,0,2025-09-09T08:00:00+05:30
WS-000864,/campus-map,Auditorium,projector,82,0,2025-09-09T10:00:00+05:30
WS-000865,/help,A2/1,lab,36,0,2025-09-09T14:00:00+05:30
WS-000866,/campus-map,Aryabhatt Bhawan III,lab,28,0,2025-09-09T10:00:00+05:30
WS-000867,/explore,Aryabhatt Bhawan III,lab,78,0,2025-09-09T15:00:00+05:30
WS-000868,/report,Parking,queue,24,0,2025-09-09T13:00:00+05:30
WS-000869,/campus-map,A2/2,wifi,36,0,2025-09-09T17:00:00+05:30
WS-000870,/status,A2/2,parking,49,0,2025-09-09T18:00:00+05:30
WS-000871,/report,LRC,lab,33,0,2025-09-09T15:00:00+05:30
WS-000872,/status,CL3,water,26,0,2025-09-09T16:00:00+05:30
WS-000873,/status,A2/1,cleaning,42,0,2025-09-09T18:00:00+05:30
WS-000874,/help,Administration Block,lab,32,0,2025-09-10T01:00:00+05:30
WS-000875,/status,Sports Complex,wifi,24,0,2025-09-10T01:00:00+05:30
WS-000876,/help,Cafeteria / Canteen,queue,37,0,2025-09-10T02:00:00+05:30
WS-000877,/help,A2/1,wifi,21,1,2025-09-10T01:00:00+05:30
WS-000878,/help,Aryabhatt Bhawan II,water,48,0,2025-09-10T05:00:00+05:30
WS-000879,/explore,Water Points,projector,11,0,2025-09-10T01:00:00+05:30
WS-000880,/explore,LRC,lab,68,0,2025-09-10T07:00:00+05:30
WS-000881,/report,Auditorium,projector,27,0,2025-09-10T05:00:00+05:30
WS-000882,/help,Aryabhatt Bhawan II,water,61,0,2025-09-10T07:00:00+05:30
WS-000883,/status,Girls Hostel,projector,25,0,2025-09-10T04:00:00+05:30
WS-000884,/report,CL1,queue,41,0,2025-09-10T04:00:00+05:30
WS-000885,/status,ECE Labs,queue,65,0,2025-09-10T10:00:00+05:30
WS-000886,/report,Sports Complex,cleaning,12,0,2025-09-10T06:00:00+05:30
WS-000887,/explore,Main Gate,cleaning,31,0,2025-09-10T09:00:00+05:30
WS-000888,/report,Aryabhatt Bhawan II,lab,44,0,2025-09-10T12:00:00+05:30
WS-000889,/help,H4 Boys Hostel,wifi,50,0,2025-09-10T13:00:00+05:30
WS-000890,/explore,A2/1,lab,7,1,2025-09-10T16:00:00+05:30
WS-000891,/help,Annapurna / Main Mess,queue,21,0,2025-09-10T18:00:00+05:30
WS-000892,/help,Aryabhatt Bhawan III,projector,27,0,2025-09-10T19:00:00+05:30
WS-000893,/explore,Aryabhatt Bhawan III,wifi,23,0,2025-09-10T17:00:00+05:30
WS-000894,/campus-map,H5 Boys Hostel,cleaning,21,0,2025-09-10T21:00:00+05:30
WS-000895,/campus-map,Main Gate,queue,19,1,2025-09-10T15:00:00+05:30
WS-000896,/report,Washrooms,queue,5,0,2025-09-10T17:00:00+05:30
WS-000897,/explore,A2/1,wifi,19,0,2025-09-10T17:00:00+05:30
WS-000898,/help,A2/2,projector,43,0,2025-09-10T19:00:00+05:30
WS-000899,/report,CL3,water,18,0,2025-09-10T22:00:00+05:30
WS-000900,/explore,A2/1,parking,13,0,2025-09-11T00:00:00+05:30
WS-000901,/help,Parking,water,29,0,2025-09-11T02:00:00+05:30
WS-000902,/campus-map,Washrooms,queue,29,0,2025-09-11T02:00:00+05:30
WS-000903,/explore,CL3,lab,7,1,2025-09-11T04:00:00+05:30
WS-000904,/report,Sports Complex,lab,47,1,2025-09-11T04:00:00+05:30
WS-000905,/status,Parking,parking,35,1,2025-09-11T06:00:00+05:30
WS-000906,/help,Main Gate,water,38,0,2025-09-11T05:00:00+05:30
WS-000907,/help,H5 Boys Hostel,cleaning,61,1,2025-09-11T05:00:00+05:30
WS-000908,/campus-map,Cafeteria / Canteen,cleaning,41,0,2025-09-11T11:00:00+05:30
WS-000909,/explore,Aryabhatt Bhawan III,parking,66,0,2025-09-11T06:00:00+05:30
WS-000910,/report,ECE Labs,water,78,0,2025-09-11T06:00:00+05:30
WS-000911,/report,CL15,wifi,33,0,2025-09-11T13:00:00+05:30
WS-000912,/explore,Aryabhatt Bhawan II,parking,24,0,2025-09-11T10:00:00+05:30
WS-000913,/explore,Sports Complex,projector,9,0,2025-09-11T13:00:00+05:30
WS-000914,/campus-map,LRC,projector,41,0,2025-09-11T10:00:00+05:30
WS-000915,/help,CL1,wifi,10,0,2025-09-11T18:00:00+05:30
WS-000916,/campus-map,H5 Boys Hostel,water,17,1,2025-09-11T15:00:00+05:30
WS-000917,/campus-map,Washrooms,cleaning,30,0,2025-09-11T20:00:00+05:30
WS-000918,/report,CL15,cleaning,78,0,2025-09-11T15:00:00+05:30
WS-000919,/campus-map,Aryabhatt Bhawan II,queue,27,0,2025-09-11T21:00:00+05:30
WS-000920,/report,Parking,parking,33,0,2025-09-11T20:00:00+05:30
WS-000921,/explore,A2/1,water,52,0,2025-09-11T21:00:00+05:30
WS-000922,/campus-map,H5 Boys Hostel,cleaning,15,0,2025-09-12T01:00:00+05:30
WS-000923,/explore,Auditorium,water,29,0,2025-09-12T02:00:00+05:30
WS-000924,/status,Aryabhatt Bhawan II,cleaning,109,0,2025-09-12T01:00:00+05:30
WS-000925,/help,CL3,water,28,0,2025-09-11T23:00:00+05:30
WS-000926,/report,Cafeteria / Canteen,projector,37,0,2025-09-12T05:00:00+05:30
WS-000927,/report,A2/1,queue,17,1,2025-09-12T06:00:00+05:30
WS-000928,/help,A2/1,queue,52,0,2025-09-12T00:00:00+05:30
WS-000929,/campus-map,Annapurna / Main Mess,water,6,0,2025-09-12T04:00:00+05:30
WS-000930,/help,CL22,queue,36,0,2025-09-12T02:00:00+05:30
WS-000931,/campus-map,CL15,cleaning,26,0,2025-09-12T10:00:00+05:30
WS-000932,/explore,Main Gate,cleaning,57,0,2025-09-12T07:00:00+05:30
WS-000933,/campus-map,ECE Labs,cleaning,35,0,2025-09-12T08:00:00+05:30
WS-000934,/status,CL3,queue,27,0,2025-09-12T08:00:00+05:30
WS-000935,/report,Aryabhatt Bhawan III,queue,16,0,2025-09-12T09:00:00+05:30
WS-000936,/report,CL3,queue,33,0,2025-09-12T10:00:00+05:30
WS-000937,/status,Girls Hostel,wifi,38,0,2025-09-12T12:00:00+05:30
WS-000938,/campus-map,CL22,lab,29,0,2025-09-12T11:00:00+05:30
WS-000939,/campus-map,Aryabhatt Bhawan II,queue,17,1,2025-09-12T14:00:00+05:30
WS-000940,/report,Sports Complex,water,90,1,2025-09-12T17:00:00+05:30
WS-000941,/help,A2/2,queue,17,0,2025-09-12T15:00:00+05:30
WS-000942,/report,Sports Complex,wifi,38,0,2025-09-12T15:00:00+05:30
WS-000943,/help,A2/2,projector,26,0,2025-09-12T19:00:00+05:30
WS-000944,/status,Aryabhatt Bhawan II,parking,24,0,2025-09-12T20:00:00+05:30
WS-000945,/help,Cafeteria / Canteen,water,59,1,2025-09-12T18:00:00+05:30
WS-000946,/campus-map,Main Gate,water,27,1,2025-09-12T23:00:00+05:30
WS-000947,/explore,LRC,water,42,0,2025-09-12T20:00:00+05:30
WS-000948,/report,H5 Boys Hostel,queue,17,0,2025-09-13T00:00:00+05:30
WS-000949,/campus-map,LRC,parking,30,0,2025-09-12T21:00:00+05:30
WS-000950,/status,ECE Labs,parking,29,0,2025-09-13T01:00:00+05:30
WS-000951,/report,Washrooms,parking,12,0,2025-09-13T06:00:00+05:30
WS-000952,/report,Water Points,queue,20,0,2025-09-13T04:00:00+05:30
WS-000953,/explore,H5 Boys Hostel,water,14,0,2025-09-13T01:00:00+05:30
WS-000954,/help,Aryabhatt Bhawan III,projector,58,0,2025-09-13T09:00:00+05:30
WS-000955,/status,A2/2,projector,39,0,2025-09-13T04:00:00+05:30
WS-000956,/report,Washrooms,wifi,23,0,2025-09-13T09:00:00+05:30
WS-000957,/explore,Aryabhatt Bhawan II,wifi,17,0,2025-09-13T07:00:00+05:30
WS-000958,/help,Auditorium,water,52,0,2025-09-13T08:00:00+05:30
WS-000959,/explore,CL1,parking,62,0,2025-09-13T08:00:00+05:30
WS-000960,/status,H4 Boys Hostel,cleaning,11,1,2025-09-13T09:00:00+05:30
WS-000961,/report,Girls Hostel,projector,36,0,2025-09-13T11:00:00+05:30
WS-000962,/report,Water Points,lab,74,0,2025-09-13T11:00:00+05:30
WS-000963,/help,Girls Hostel,wifi,13,0,2025-09-13T15:00:00+05:30
WS-000964,/explore,Aryabhatt Bhawan III,wifi,24,0,2025-09-13T18:00:00+05:30
WS-000965,/status,CL3,lab,46,0,2025-09-13T14:00:00+05:30
WS-000966,/campus-map,Aryabhatt Bhawan II,queue,69,1,2025-09-13T18:00:00+05:30
WS-000967,/help,CL22,queue,69,0,2025-09-13T21:00:00+05:30
WS-000968,/explore,CL22,projector,7,1,2025-09-13T19:00:00+05:30
WS-000969,/campus-map,Main Gate,lab,57,0,2025-09-14T00:00:00+05:30
WS-000970,/report,CL1,projector,44,0,2025-09-13T19:00:00+05:30
WS-000971,/campus-map,H5 Boys Hostel,wifi,17,0,2025-09-13T21:00:00+05:30
WS-000972,/report,Auditorium,water,48,1,2025-09-14T00:00:00+05:30
WS-000973,/report,Main Gate,parking,56,0,2025-09-13T21:00:00+05:30
WS-000974,/help,Parking,water,26,1,2025-09-14T02:00:00+05:30
WS-000975,/campus-map,Aryabhatt Bhawan III,cleaning,39,0,2025-09-14T05:00:00+05:30
WS-000976,/help,Cafeteria / Canteen,lab,16,0,2025-09-14T03:00:00+05:30
WS-000977,/campus-map,A2/2,lab,36,0,2025-09-14T02:00:00+05:30
WS-000978,/status,A2/1,queue,24,0,2025-09-14T04:00:00+05:30
WS-000979,/report,H4 Boys Hostel,projector,38,0,2025-09-14T04:00:00+05:30
WS-000980,/status,H5 Boys Hostel,wifi,19,0,2025-09-14T10:00:00+05:30
WS-000981,/help,H4 Boys Hostel,water,45,0,2025-09-14T10:00:00+05:30
WS-000982,/campus-map,Cafeteria / Canteen,water,46,1,2025-09-14T10:00:00+05:30
WS-000983,/help,Parking,lab,42,0,2025-09-14T10:00:00+05:30
WS-000984,/report,Sports Complex,projector,23,0,2025-09-14T15:00:00+05:30
WS-000985,/campus-map,A2/2,lab,37,1,2025-09-14T16:00:00+05:30
WS-000986,/report,Aryabhatt Bhawan II,parking,27,0,2025-09-14T12:00:00+05:30
WS-000987,/help,H4 Boys Hostel,cleaning,77,0,2025-09-14T12:00:00+05:30
WS-000988,/status,Administration Block,projector,57,0,2025-09-14T19:00:00+05:30
WS-000989,/campus-map,Aryabhatt Bhawan III,cleaning,65,0,2025-09-14T13:00:00+05:30
WS-000990,/campus-map,A2/1,projector,14,0,2025-09-14T15:00:00+05:30
WS-000991,/explore,Water Points,parking,2,0,2025-09-14T20:00:00+05:30
WS-000992,/report,H4 Boys Hostel,water,58,0,2025-09-14T16:00:00+05:30
WS-000993,/campus-map,Auditorium,cleaning,14,1,2025-09-14T17:00:00+05:30
WS-000994,/help,CL3,wifi,24,0,2025-09-14T21:00:00+05:30
WS-000995,/report,Administration Block,cleaning,53,1,2025-09-15T02:00:00+05:30
WS-000996,/help,Sports Complex,lab,37,0,2025-09-15T02:00:00+05:30
WS-000997,/report,A2/1,wifi,39,0,2025-09-15T01:00:00+05:30
WS-000998,/report,CL3,projector,53,0,2025-09-15T00:00:00+05:30
WS-000999,/help,Main Gate,water,15,0,2025-09-15T03:00:00+05:30
WS-001000,/report,ECE Labs,projector,85,1,2025-09-15T04:00:00+05:30
WS-001001,/help,Aryabhatt Bhawan II,cleaning,33,0,2025-09-15T05:00:00+05:30
WS-001002,/status,Aryabhatt Bhawan II,parking,74,1,2025-09-15T08:00:00+05:30
WS-001003,/help,Aryabhatt Bhawan II,parking,33,0,2025-09-15T09:00:00+05:30
WS-001004,/help,A2/2,projector,13,0,2025-09-15T04:00:00+05:30
WS-001005,/campus-map,Auditorium,water,28,0,2025-09-15T10:00:00+05:30
WS-001006,/status,H4 Boys Hostel,water,8,0,2025-09-15T13:00:00+05:30
WS-001007,/status,Annapurna / Main Mess,cleaning,14,0,2025-09-15T07:00:00+05:30
WS-001008,/explore,CL1,projector,30,0,2025-09-15T13:00:00+05:30
WS-001009,/status,CL15,queue,16,0,2025-09-15T16:00:00+05:30
WS-001010,/campus-map,Administration Block,wifi,35,0,2025-09-15T13:00:00+05:30
WS-001011,/status,A2/2,wifi,60,0,2025-09-15T13:00:00+05:30
WS-001012,/campus-map,CL15,parking,25,1,2025-09-15T15:00:00+05:30
WS-001013,/explore,H4 Boys Hostel,water,58,0,2025-09-15T17:00:00+05:30
WS-001014,/explore,Aryabhatt Bhawan III,wifi,20,0,2025-09-15T17:00:00+05:30
WS-001015,/help,CL3,projector,15,0,2025-09-15T18:00:00+05:30
WS-001016,/help,CL3,wifi,45,0,2025-09-15T16:00:00+05:30
WS-001017,/report,Water Points,queue,26,0,2025-09-15T22:00:00+05:30
WS-001018,/status,Girls Hostel,wifi,90,0,2025-09-15T19:00:00+05:30
WS-001019,/status,Sports Complex,wifi,64,0,2025-09-15T20:00:00+05:30
WS-001020,/campus-map,Water Points,water,58,0,2025-09-16T00:00:00+05:30
WS-001021,/help,CL3,queue,48,0,2025-09-15T21:00:00+05:30
WS-001022,/status,Aryabhatt Bhawan II,wifi,29,0,2025-09-16T01:00:00+05:30
WS-001023,/report,Girls Hostel,parking,63,1,2025-09-16T03:00:00+05:30
WS-001024,/campus-map,Sports Complex,queue,25,0,2025-09-16T04:00:00+05:30
WS-001025,/campus-map,Washrooms,projector,52,0,2025-09-16T02:00:00+05:30
WS-001026,/help,CL3,projector,68,0,2025-09-16T02:00:00+05:30
WS-001027,/report,ECE Labs,queue,2,0,2025-09-16T05:00:00+05:30
WS-001028,/status,Girls Hostel,parking,30,0,2025-09-16T10:00:00+05:30
WS-001029,/help,H4 Boys Hostel,water,30,0,2025-09-16T06:00:00+05:30
WS-001030,/help,CL22,queue,38,1,2025-09-16T11:00:00+05:30
WS-001031,/explore,Auditorium,parking,59,0,2025-09-16T14:00:00+05:30
WS-001032,/explore,Aryabhatt Bhawan II,water,32,1,2025-09-16T08:00:00+05:30
WS-001033,/explore,Parking,queue,31,0,2025-09-16T09:00:00+05:30
WS-001034,/report,Water Points,wifi,71,0,2025-09-16T16:00:00+05:30
WS-001035,/help,CL1,wifi,57,0,2025-09-16T13:00:00+05:30
WS-001036,/help,CL15,cleaning,58,0,2025-09-16T12:00:00+05:30
WS-001037,/campus-map,Administration Block,wifi,15,0,2025-09-16T19:00:00+05:30
WS-001038,/explore,Aryabhatt Bhawan II,cleaning,36,0,2025-09-16T21:00:00+05:30
WS-001039,/help,H4 Boys Hostel,projector,19,0,2025-09-16T18:00:00+05:30
WS-001040,/campus-map,A2/2,cleaning,92,0,2025-09-16T21:00:00+05:30
WS-001041,/status,H5 Boys Hostel,water,13,0,2025-09-17T00:00:00+05:30
WS-001042,/campus-map,Aryabhatt Bhawan III,water,62,0,2025-09-16T22:00:00+05:30
WS-001043,/campus-map,ECE Labs,cleaning,73,1,2025-09-16T22:00:00+05:30
WS-001044,/help,LRC,parking,15,1,2025-09-16T21:00:00+05:30
WS-001045,/campus-map,Annapurna / Main Mess,water,26,0,2025-09-17T02:00:00+05:30
WS-001046,/help,Aryabhatt Bhawan II,lab,82,0,2025-09-17T03:00:00+05:30
WS-001047,/report,Aryabhatt Bhawan II,lab,40,0,2025-09-17T06:00:00+05:30
WS-001048,/campus-map,Parking,projector,78,0,2025-09-17T07:00:00+05:30
WS-001049,/campus-map,A2/1,projector,58,0,2025-09-17T06:00:00+05:30
WS-001050,/status,H4 Boys Hostel,queue,43,0,2025-09-17T06:00:00+05:30
WS-001051,/campus-map,Main Gate,queue,19,0,2025-09-17T08:00:00+05:30
WS-001052,/explore,A2/2,parking,64,0,2025-09-17T11:00:00+05:30
WS-001053,/campus-map,ECE Labs,water,54,0,2025-09-17T12:00:00+05:30
WS-001054,/help,H4 Boys Hostel,queue,15,0,2025-09-17T06:00:00+05:30
WS-001055,/campus-map,Parking,parking,58,1,2025-09-17T07:00:00+05:30
WS-001056,/campus-map,H5 Boys Hostel,wifi,22,0,2025-09-17T10:00:00+05:30
WS-001057,/help,H5 Boys Hostel,projector,24,0,2025-09-17T10:00:00+05:30
WS-001058,/explore,H4 Boys Hostel,water,30,0,2025-09-17T10:00:00+05:30
WS-001059,/explore,Parking,cleaning,29,0,2025-09-17T15:00:00+05:30
WS-001060,/explore,Water Points,projector,30,0,2025-09-17T12:00:00+05:30
WS-001061,/help,Girls Hostel,queue,31,0,2025-09-17T14:00:00+05:30
WS-001062,/report,Auditorium,water,10,0,2025-09-17T14:00:00+05:30
WS-001063,/status,A2/1,projector,24,1,2025-09-17T22:00:00+05:30
WS-001064,/explore,A2/2,parking,8,1,2025-09-17T20:00:00+05:30
WS-001065,/status,CL1,queue,26,0,2025-09-17T21:00:00+05:30
WS-001066,/status,CL15,parking,22,0,2025-09-17T20:00:00+05:30
WS-001067,/explore,Parking,water,16,0,2025-09-17T19:00:00+05:30
WS-001068,/campus-map,A2/1,water,25,0,2025-09-18T03:00:00+05:30
WS-001069,/campus-map,CL1,projector,100,0,2025-09-18T04:00:00+05:30
WS-001070,/campus-map,CL15,cleaning,19,0,2025-09-17T23:00:00+05:30
WS-001071,/explore,H4 Boys Hostel,projector,36,0,2025-09-18T04:00:00+05:30
WS-001072,/report,Aryabhatt Bhawan II,cleaning,46,0,2025-09-18T06:00:00+05:30
WS-001073,/campus-map,Aryabhatt Bhawan II,parking,14,1,2025-09-18T05:00:00+05:30
WS-001074,/explore,Aryabhatt Bhawan II,water,77,0,2025-09-18T04:00:00+05:30
WS-001075,/status,Auditorium,parking,64,1,2025-09-18T08:00:00+05:30
WS-001076,/help,A2/2,cleaning,68,0,2025-09-18T04:00:00+05:30
WS-001077,/help,Main Gate,water,24,1,2025-09-18T11:00:00+05:30
WS-001078,/help,ECE Labs,queue,130,0,2025-09-18T07:00:00+05:30
WS-001079,/explore,Aryabhatt Bhawan II,projector,33,0,2025-09-18T11:00:00+05:30
WS-001080,/status,Administration Block,parking,23,0,2025-09-18T10:00:00+05:30
WS-001081,/campus-map,A2/1,queue,22,0,2025-09-18T12:00:00+05:30
WS-001082,/report,CL22,lab,44,1,2025-09-18T10:00:00+05:30
WS-001083,/campus-map,Washrooms,queue,20,0,2025-09-18T18:00:00+05:30
WS-001084,/report,Aryabhatt Bhawan II,cleaning,78,0,2025-09-18T17:00:00+05:30
WS-001085,/campus-map,Annapurna / Main Mess,cleaning,10,0,2025-09-18T16:00:00+05:30
WS-001086,/help,ECE Labs,parking,30,1,2025-09-18T14:00:00+05:30
WS-001087,/campus-map,Water Points,wifi,25,0,2025-09-18T16:00:00+05:30
WS-001088,/help,ECE Labs,cleaning,85,0,2025-09-18T21:00:00+05:30
WS-001089,/campus-map,Aryabhatt Bhawan II,water,95,0,2025-09-18T19:00:00+05:30
WS-001090,/help,Parking,parking,43,1,2025-09-18T18:00:00+05:30
WS-001091,/report,H5 Boys Hostel,lab,15,1,2025-09-18T23:00:00+05:30
WS-001092,/report,Parking,parking,21,1,2025-09-19T03:00:00+05:30
WS-001093,/campus-map,Sports Complex,projector,30,0,2025-09-19T00:00:00+05:30
WS-001094,/report,Sports Complex,parking,21,0,2025-09-19T00:00:00+05:30
WS-001095,/campus-map,Water Points,parking,37,0,2025-09-19T00:00:00+05:30
WS-001096,/campus-map,CL22,lab,16,0,2025-09-19T04:00:00+05:30
WS-001097,/explore,A2/2,projector,57,0,2025-09-19T02:00:00+05:30
WS-001098,/campus-map,ECE Labs,lab,39,0,2025-09-19T06:00:00+05:30
WS-001099,/help,H4 Boys Hostel,queue,36,1,2025-09-19T10:00:00+05:30
WS-001100,/explore,Aryabhatt Bhawan II,queue,80,0,2025-09-19T04:00:00+05:30
WS-001101,/report,CL1,parking,72,0,2025-09-19T12:00:00+05:30
WS-001102,/help,A2/1,wifi,100,0,2025-09-19T08:00:00+05:30
WS-001103,/report,Administration Block,cleaning,23,0,2025-09-19T07:00:00+05:30
WS-001104,/explore,Girls Hostel,projector,89,1,2025-09-19T13:00:00+05:30
WS-001105,/explore,Aryabhatt Bhawan II,water,41,0,2025-09-19T12:00:00+05:30
WS-001106,/campus-map,A2/2,cleaning,43,0,2025-09-19T12:00:00+05:30
WS-001107,/help,Main Gate,cleaning,76,0,2025-09-19T13:00:00+05:30
WS-001108,/status,Water Points,projector,43,0,2025-09-19T12:00:00+05:30
WS-001109,/help,CL22,wifi,15,0,2025-09-19T16:00:00+05:30
WS-001110,/explore,Aryabhatt Bhawan III,water,62,0,2025-09-19T14:00:00+05:30
WS-001111,/report,A2/1,water,33,0,2025-09-19T20:00:00+05:30
WS-001112,/report,Cafeteria / Canteen,parking,39,1,2025-09-19T23:00:00+05:30
WS-001113,/explore,Aryabhatt Bhawan II,lab,38,0,2025-09-20T00:00:00+05:30
WS-001114,/status,CL3,projector,28,0,2025-09-20T00:00:00+05:30
WS-001115,/campus-map,Cafeteria / Canteen,water,8,0,2025-09-20T00:00:00+05:30
WS-001116,/status,Main Gate,parking,56,1,2025-09-19T22:00:00+05:30
WS-001117,/status,Parking,wifi,22,0,2025-09-20T02:00:00+05:30
WS-001118,/campus-map,A2/1,wifi,41,0,2025-09-19T23:00:00+05:30
WS-001119,/campus-map,H4 Boys Hostel,lab,87,0,2025-09-20T05:00:00+05:30
WS-001120,/explore,Sports Complex,lab,49,0,2025-09-20T07:00:00+05:30
WS-001121,/report,Aryabhatt Bhawan II,water,18,0,2025-09-20T08:00:00+05:30
WS-001122,/campus-map,Aryabhatt Bhawan II,queue,47,0,2025-09-20T07:00:00+05:30
WS-001123,/campus-map,H5 Boys Hostel,projector,81,0,2025-09-20T06:00:00+05:30
WS-001124,/status,CL3,projector,81,0,2025-09-20T08:00:00+05:30
WS-001125,/report,Girls Hostel,wifi,15,1,2025-09-20T11:00:00+05:30
WS-001126,/explore,Aryabhatt Bhawan II,wifi,36,0,2025-09-20T07:00:00+05:30
WS-001127,/campus-map,Aryabhatt Bhawan II,water,118,0,2025-09-20T13:00:00+05:30
WS-001128,/report,H5 Boys Hostel,water,18,0,2025-09-20T13:00:00+05:30
WS-001129,/help,CL15,wifi,10,1,2025-09-20T09:00:00+05:30
WS-001130,/report,Aryabhatt Bhawan III,lab,49,1,2025-09-20T16:00:00+05:30
WS-001131,/report,H4 Boys Hostel,parking,39,0,2025-09-20T17:00:00+05:30
WS-001132,/campus-map,Main Gate,cleaning,40,0,2025-09-20T13:00:00+05:30
WS-001133,/explore,H4 Boys Hostel,lab,27,0,2025-09-20T14:00:00+05:30
WS-001134,/campus-map,LRC,wifi,83,0,2025-09-20T17:00:00+05:30
WS-001135,/explore,Aryabhatt Bhawan II,cleaning,16,0,2025-09-20T20:00:00+05:30
WS-001136,/explore,Washrooms,lab,46,0,2025-09-20T17:00:00+05:30
WS-001137,/status,Parking,water,55,0,2025-09-20T23:00:00+05:30
WS-001138,/help,A2/1,water,41,0,2025-09-21T01:00:00+05:30
WS-001139,/help,Main Gate,parking,59,0,2025-09-20T23:00:00+05:30
WS-001140,/campus-map,Washrooms,cleaning,19,0,2025-09-20T21:00:00+05:30
WS-001141,/campus-map,Aryabhatt Bhawan II,cleaning,48,0,2025-09-21T03:00:00+05:30
WS-001142,/campus-map,Washrooms,lab,58,0,2025-09-21T01:00:00+05:30
WS-001143,/campus-map,Washrooms,projector,12,0,2025-09-21T00:00:00+05:30
WS-001144,/campus-map,Annapurna / Main Mess,queue,70,0,2025-09-21T01:00:00+05:30
WS-001145,/campus-map,A2/1,wifi,12,0,2025-09-21T03:00:00+05:30
WS-001146,/explore,H5 Boys Hostel,parking,53,0,2025-09-21T03:00:00+05:30
WS-001147,/campus-map,CL3,projector,32,0,2025-09-21T04:00:00+05:30
WS-001148,/report,Main Gate,cleaning,75,0,2025-09-21T05:00:00+05:30
WS-001149,/explore,CL22,cleaning,39,0,2025-09-21T11:00:00+05:30
WS-001150,/campus-map,Administration Block,wifi,6,0,2025-09-21T08:00:00+05:30
WS-001151,/status,H5 Boys Hostel,cleaning,39,0,2025-09-21T13:00:00+05:30
WS-001152,/explore,A2/1,water,58,0,2025-09-21T10:00:00+05:30
WS-001153,/status,LRC,water,58,0,2025-09-21T15:00:00+05:30
WS-001154,/campus-map,CL15,parking,31,0,2025-09-21T14:00:00+05:30
WS-001155,/explore,Aryabhatt Bhawan II,cleaning,61,0,2025-09-21T13:00:00+05:30
WS-001156,/campus-map,Administration Block,water,10,0,2025-09-21T13:00:00+05:30
WS-001157,/help,Main Gate,parking,38,0,2025-09-21T15:00:00+05:30
WS-001158,/explore,A2/1,projector,11,0,2025-09-21T19:00:00+05:30
WS-001159,/report,Parking,wifi,18,0,2025-09-21T17:00:00+05:30
WS-001160,/campus-map,Water Points,wifi,41,0,2025-09-21T16:00:00+05:30
WS-001161,/campus-map,Annapurna / Main Mess,queue,29,0,2025-09-21T23:00:00+05:30
WS-001162,/report,CL22,wifi,64,0,2025-09-22T01:00:00+05:30
WS-001163,/campus-map,Cafeteria / Canteen,water,28,0,2025-09-21T19:00:00+05:30
WS-001164,/help,Annapurna / Main Mess,parking,61,0,2025-09-21T22:00:00+05:30
WS-001165,/status,Annapurna / Main Mess,water,99,0,2025-09-22T02:00:00+05:30
WS-001166,/campus-map,CL3,wifi,86,1,2025-09-22T05:00:00+05:30
WS-001167,/report,Auditorium,parking,33,0,2025-09-22T01:00:00+05:30
WS-001168,/explore,Aryabhatt Bhawan II,projector,36,0,2025-09-22T06:00:00+05:30
WS-001169,/status,Aryabhatt Bhawan III,water,13,1,2025-09-22T03:00:00+05:30
WS-001170,/help,LRC,lab,32,0,2025-09-22T07:00:00+05:30
WS-001171,/help,A2/1,projector,17,1,2025-09-22T05:00:00+05:30
WS-001172,/status,CL22,wifi,105,0,2025-09-22T09:00:00+05:30
WS-001173,/help,LRC,water,13,1,2025-09-22T10:00:00+05:30
WS-001174,/status,A2/2,water,83,0,2025-09-22T06:00:00+05:30
WS-001175,/explore,Aryabhatt Bhawan III,lab,110,1,2025-09-22T08:00:00+05:30
WS-001176,/report,Sports Complex,queue,85,0,2025-09-22T10:00:00+05:30
WS-001177,/status,A2/2,water,38,0,2025-09-22T15:00:00+05:30
WS-001178,/status,CL3,water,53,0,2025-09-22T17:00:00+05:30
WS-001179,/help,H4 Boys Hostel,water,106,0,2025-09-22T11:00:00+05:30
WS-001180,/help,Main Gate,projector,52,0,2025-09-22T12:00:00+05:30
WS-001181,/help,Aryabhatt Bhawan III,water,9,0,2025-09-22T19:00:00+05:30
WS-001182,/status,Main Gate,lab,61,0,2025-09-22T19:00:00+05:30
WS-001183,/explore,Aryabhatt Bhawan II,queue,14,0,2025-09-22T19:00:00+05:30
WS-001184,/explore,Parking,water,24,0,2025-09-22T17:00:00+05:30
WS-001185,/report,Washrooms,parking,68,0,2025-09-22T20:00:00+05:30
WS-001186,/help,Aryabhatt Bhawan III,projector,33,0,2025-09-22T19:00:00+05:30
WS-001187,/status,A2/1,water,53,0,2025-09-23T01:00:00+05:30
WS-001188,/status,CL1,parking,99,0,2025-09-22T21:00:00+05:30
WS-001189,/report,H5 Boys Hostel,projector,8,1,2025-09-23T02:00:00+05:30
WS-001190,/status,Annapurna / Main Mess,parking,101,0,2025-09-23T01:00:00+05:30
WS-001191,/report,Aryabhatt Bhawan III,cleaning,32,1,2025-09-23T02:00:00+05:30
WS-001192,/campus-map,Aryabhatt Bhawan III,lab,55,0,2025-09-23T05:00:00+05:30
WS-001193,/status,Water Points,water,34,0,2025-09-23T04:00:00+05:30
WS-001194,/status,Administration Block,cleaning,41,0,2025-09-23T08:00:00+05:30
WS-001195,/report,Aryabhatt Bhawan III,lab,14,0,2025-09-23T06:00:00+05:30
WS-001196,/campus-map,A2/1,projector,98,1,2025-09-23T07:00:00+05:30
WS-001197,/campus-map,Auditorium,water,21,0,2025-09-23T07:00:00+05:30
WS-001198,/explore,CL22,lab,70,0,2025-09-23T11:00:00+05:30
WS-001199,/help,CL1,queue,23,1,2025-09-23T08:00:00+05:30
WS-001200,/report,A2/2,lab,96,0,2025-09-23T14:00:00+05:30
WS-001201,/explore,Parking,lab,47,0,2025-09-23T10:00:00+05:30
WS-001202,/status,H5 Boys Hostel,parking,17,0,2025-09-23T17:00:00+05:30
WS-001203,/campus-map,H4 Boys Hostel,parking,47,0,2025-09-23T18:00:00+05:30
WS-001204,/campus-map,A2/1,wifi,17,0,2025-09-23T12:00:00+05:30
WS-001205,/explore,Sports Complex,parking,51,0,2025-09-23T13:00:00+05:30
WS-001206,/status,H5 Boys Hostel,lab,7,0,2025-09-23T15:00:00+05:30
WS-001207,/help,Aryabhatt Bhawan III,water,44,1,2025-09-23T21:00:00+05:30
WS-001208,/explore,H4 Boys Hostel,lab,118,0,2025-09-23T22:00:00+05:30
WS-001209,/report,ECE Labs,cleaning,68,0,2025-09-23T23:00:00+05:30
WS-001210,/status,H4 Boys Hostel,cleaning,44,0,2025-09-23T18:00:00+05:30
WS-001211,/help,Sports Complex,wifi,51,0,2025-09-24T02:00:00+05:30
WS-001212,/help,A2/1,cleaning,24,0,2025-09-24T03:00:00+05:30
WS-001213,/help,LRC,projector,29,0,2025-09-24T00:00:00+05:30
WS-001214,/status,Annapurna / Main Mess,wifi,110,1,2025-09-24T04:00:00+05:30
WS-001215,/help,A2/1,cleaning,40,0,2025-09-24T01:00:00+05:30
WS-001216,/help,Aryabhatt Bhawan II,parking,39,0,2025-09-24T04:00:00+05:30
WS-001217,/report,Aryabhatt Bhawan III,wifi,72,1,2025-09-24T04:00:00+05:30
WS-001218,/help,Auditorium,parking,36,1,2025-09-24T08:00:00+05:30
WS-001219,/report,Washrooms,water,91,0,2025-09-24T03:00:00+05:30
WS-001220,/help,CL3,water,30,0,2025-09-24T09:00:00+05:30
WS-001221,/explore,Sports Complex,cleaning,87,0,2025-09-24T07:00:00+05:30
WS-001222,/campus-map,Parking,cleaning,36,0,2025-09-24T12:00:00+05:30
WS-001223,/report,Aryabhatt Bhawan II,wifi,25,0,2025-09-24T11:00:00+05:30
WS-001224,/status,CL3,projector,15,0,2025-09-24T14:00:00+05:30
WS-001225,/explore,Aryabhatt Bhawan III,parking,50,0,2025-09-24T10:00:00+05:30
WS-001226,/status,A2/1,water,127,0,2025-09-24T11:00:00+05:30
WS-001227,/status,Parking,cleaning,69,0,2025-09-24T14:00:00+05:30
WS-001228,/help,Parking,lab,43,0,2025-09-24T19:00:00+05:30
WS-001229,/status,A2/1,queue,21,0,2025-09-24T19:00:00+05:30
WS-001230,/explore,Washrooms,lab,75,0,2025-09-24T14:00:00+05:30
WS-001231,/status,Administration Block,water,22,0,2025-09-24T15:00:00+05:30
WS-001232,/report,Aryabhatt Bhawan III,cleaning,37,0,2025-09-24T16:00:00+05:30
WS-001233,/report,A2/1,wifi,35,0,2025-09-24T21:00:00+05:30
WS-001234,/explore,H5 Boys Hostel,projector,131,0,2025-09-24T21:00:00+05:30
WS-001235,/explore,Main Gate,water,24,0,2025-09-25T02:00:00+05:30
WS-001236,/report,LRC,parking,20,0,2025-09-24T23:00:00+05:30
WS-001237,/explore,Aryabhatt Bhawan II,water,136,0,2025-09-25T03:00:00+05:30
WS-001238,/campus-map,Annapurna / Main Mess,queue,100,0,2025-09-25T00:00:00+05:30
WS-001239,/report,LRC,parking,43,1,2025-09-25T02:00:00+05:30
WS-001240,/status,Girls Hostel,projector,48,0,2025-09-25T06:00:00+05:30
WS-001241,/explore,A2/2,wifi,44,0,2025-09-25T04:00:00+05:30
WS-001242,/explore,Aryabhatt Bhawan III,projector,22,0,2025-09-25T09:00:00+05:30
WS-001243,/report,CL1,projector,39,0,2025-09-25T10:00:00+05:30
WS-001244,/report,ECE Labs,cleaning,47,1,2025-09-25T07:00:00+05:30
WS-001245,/status,Girls Hostel,cleaning,30,0,2025-09-25T10:00:00+05:30
WS-001246,/explore,Cafeteria / Canteen,cleaning,33,0,2025-09-25T12:00:00+05:30
WS-001247,/report,LRC,parking,16,0,2025-09-25T07:00:00+05:30
WS-001248,/report,Aryabhatt Bhawan III,parking,22,0,2025-09-25T08:00:00+05:30
WS-001249,/campus-map,Aryabhatt Bhawan II,parking,51,0,2025-09-25T15:00:00+05:30
WS-001250,/help,A2/1,queue,57,0,2025-09-25T13:00:00+05:30
WS-001251,/explore,H4 Boys Hostel,parking,89,0,2025-09-25T11:00:00+05:30
WS-001252,/report,Aryabhatt Bhawan II,projector,31,0,2025-09-25T17:00:00+05:30
WS-001253,/explore,A2/2,wifi,22,0,2025-09-25T16:00:00+05:30
WS-001254,/help,Aryabhatt Bhawan II,water,17,0,2025-09-25T20:00:00+05:30
WS-001255,/campus-map,Water Points,projector,98,0,2025-09-25T17:00:00+05:30
WS-001256,/help,Aryabhatt Bhawan III,projector,20,0,2025-09-25T17:00:00+05:30
WS-001257,/status,Aryabhatt Bhawan II,lab,6,0,2025-09-25T23:00:00+05:30
WS-001258,/explore,Administration Block,projector,29,0,2025-09-25T22:00:00+05:30
WS-001259,/explore,A2/1,queue,41,0,2025-09-25T23:00:00+05:30
WS-001260,/report,CL1,cleaning,53,0,2025-09-26T00:00:00+05:30
WS-001261,/explore,Girls Hostel,wifi,24,0,2025-09-25T22:00:00+05:30
WS-001262,/status,Aryabhatt Bhawan III,queue,15,0,2025-09-25T22:00:00+05:30
WS-001263,/help,ECE Labs,projector,9,0,2025-09-26T03:00:00+05:30
WS-001264,/status,CL3,wifi,26,1,2025-09-26T00:00:00+05:30
WS-001265,/status,Aryabhatt Bhawan II,parking,13,0,2025-09-26T03:00:00+05:30
WS-001266,/campus-map,Aryabhatt Bhawan III,projector,35,0,2025-09-26T03:00:00+05:30
WS-001267,/explore,Sports Complex,water,65,0,2025-09-26T07:00:00+05:30
WS-001268,/report,H4 Boys Hostel,queue,18,0,2025-09-26T04:00:00+05:30
WS-001269,/status,CL3,parking,48,1,2025-09-26T11:00:00+05:30
WS-001270,/explore,Sports Complex,water,29,0,2025-09-26T12:00:00+05:30
WS-001271,/explore,CL1,cleaning,30,0,2025-09-26T10:00:00+05:30
WS-001272,/report,CL15,wifi,16,0,2025-09-26T11:00:00+05:30
WS-001273,/status,Aryabhatt Bhawan II,parking,24,0,2025-09-26T10:00:00+05:30
WS-001274,/explore,LRC,lab,15,1,2025-09-26T10:00:00+05:30
WS-001275,/report,LRC,projector,6,0,2025-09-26T15:00:00+05:30
WS-001276,/help,Aryabhatt Bhawan II,queue,20,1,2025-09-26T13:00:00+05:30
WS-001277,/help,Aryabhatt Bhawan II,projector,49,0,2025-09-26T16:00:00+05:30
WS-001278,/report,Auditorium,cleaning,45,0,2025-09-26T21:00:00+05:30
WS-001279,/help,Aryabhatt Bhawan II,lab,19,0,2025-09-26T18:00:00+05:30
WS-001280,/campus-map,Cafeteria / Canteen,wifi,86,0,2025-09-26T21:00:00+05:30
WS-001281,/report,Aryabhatt Bhawan II,projector,26,0,2025-09-26T18:00:00+05:30
WS-001282,/status,CL1,water,33,0,2025-09-26T23:00:00+05:30
WS-001283,/campus-map,Parking,lab,18,0,2025-09-26T23:00:00+05:30
WS-001284,/status,LRC,cleaning,30,0,2025-09-27T03:00:00+05:30
WS-001285,/report,Annapurna / Main Mess,parking,15,1,2025-09-27T01:00:00+05:30
WS-001286,/explore,CL3,projector,113,1,2025-09-27T02:00:00+05:30
WS-001287,/explore,Auditorium,wifi,18,0,2025-09-27T04:00:00+05:30
WS-001288,/explore,Main Gate,queue,31,0,2025-09-27T01:00:00+05:30
WS-001289,/explore,Sports Complex,cleaning,15,0,2025-09-27T01:00:00+05:30
WS-001290,/report,CL15,water,86,0,2025-09-27T03:00:00+05:30
WS-001291,/help,Main Gate,projector,27,0,2025-09-27T05:00:00+05:30
WS-001292,/help,H5 Boys Hostel,cleaning,67,0,2025-09-27T07:00:00+05:30
WS-001293,/campus-map,Aryabhatt Bhawan II,wifi,40,0,2025-09-27T06:00:00+05:30
WS-001294,/report,LRC,parking,74,0,2025-09-27T08:00:00+05:30
WS-001295,/report,Annapurna / Main Mess,cleaning,61,0,2025-09-27T08:00:00+05:30
WS-001296,/status,Cafeteria / Canteen,queue,13,0,2025-09-27T15:00:00+05:30
WS-001297,/help,A2/1,projector,45,0,2025-09-27T15:00:00+05:30
WS-001298,/explore,LRC,projector,37,1,2025-09-27T12:00:00+05:30
WS-001299,/help,Parking,wifi,28,0,2025-09-27T15:00:00+05:30
WS-001300,/explore,H5 Boys Hostel,parking,22,1,2025-09-27T13:00:00+05:30
WS-001301,/campus-map,Washrooms,queue,27,1,2025-09-27T13:00:00+05:30
WS-001302,/explore,Cafeteria / Canteen,lab,75,0,2025-09-27T21:00:00+05:30
WS-001303,/help,A2/2,parking,27,1,2025-09-27T15:00:00+05:30
WS-001304,/status,Aryabhatt Bhawan II,parking,8,0,2025-09-27T21:00:00+05:30
WS-001305,/campus-map,A2/2,queue,38,1,2025-09-27T21:00:00+05:30
WS-001306,/explore,Aryabhatt Bhawan III,projector,82,0,2025-09-27T20:00:00+05:30
WS-001307,/help,Annapurna / Main Mess,parking,61,0,2025-09-28T00:00:00+05:30
WS-001308,/explore,CL1,parking,19,0,2025-09-27T23:00:00+05:30
WS-001309,/campus-map,CL22,lab,17,0,2025-09-27T22:00:00+05:30
WS-001310,/report,A2/2,projector,107,0,2025-09-27T22:00:00+05:30
WS-001311,/help,ECE Labs,parking,31,0,2025-09-28T01:00:00+05:30
WS-001312,/help,CL1,cleaning,31,0,2025-09-28T00:00:00+05:30
WS-001313,/help,H5 Boys Hostel,cleaning,22,0,2025-09-28T07:00:00+05:30
WS-001314,/help,Auditorium,parking,16,0,2025-09-28T08:00:00+05:30
WS-001315,/help,Administration Block,projector,76,0,2025-09-28T10:00:00+05:30
WS-001316,/explore,CL1,queue,55,0,2025-09-28T08:00:00+05:30
WS-001317,/status,H5 Boys Hostel,queue,44,0,2025-09-28T10:00:00+05:30
WS-001318,/explore,Aryabhatt Bhawan II,lab,42,0,2025-09-28T13:00:00+05:30
WS-001319,/help,Cafeteria / Canteen,wifi,26,1,2025-09-28T07:00:00+05:30
WS-001320,/report,Girls Hostel,water,39,0,2025-09-28T09:00:00+05:30
WS-001321,/status,A2/2,cleaning,23,0,2025-09-28T16:00:00+05:30
WS-001322,/campus-map,Sports Complex,parking,24,0,2025-09-28T10:00:00+05:30
WS-001323,/report,A2/2,water,11,0,2025-09-28T17:00:00+05:30
WS-001324,/status,Main Gate,parking,37,0,2025-09-28T15:00:00+05:30
WS-001325,/explore,Main Gate,parking,68,1,2025-09-28T13:00:00+05:30
WS-001326,/campus-map,CL22,wifi,56,0,2025-09-28T18:00:00+05:30
WS-001327,/help,Aryabhatt Bhawan III,lab,55,1,2025-09-28T18:00:00+05:30
WS-001328,/campus-map,A2/1,wifi,25,0,2025-09-28T20:00:00+05:30
WS-001329,/report,CL3,wifi,67,0,2025-09-28T21:00:00+05:30
WS-001330,/report,CL1,projector,32,0,2025-09-28T19:00:00+05:30
WS-001331,/status,Main Gate,cleaning,31,0,2025-09-28T19:00:00+05:30
WS-001332,/report,CL1,parking,121,0,2025-09-28T23:00:00+05:30
WS-001333,/status,Aryabhatt Bhawan III,projector,88,0,2025-09-28T21:00:00+05:30
WS-001334,/help,Administration Block,water,46,0,2025-09-29T00:00:00+05:30
WS-001335,/campus-map,A2/2,projector,10,0,2025-09-29T00:00:00+05:30
WS-001336,/help,H4 Boys Hostel,queue,33,0,2025-09-29T07:00:00+05:30
WS-001337,/explore,A2/1,lab,19,0,2025-09-29T04:00:00+05:30
WS-001338,/campus-map,Annapurna / Main Mess,queue,38,0,2025-09-29T07:00:00+05:30
WS-001339,/report,H5 Boys Hostel,wifi,6,0,2025-09-29T10:00:00+05:30
WS-001340,/explore,ECE Labs,parking,37,0,2025-09-29T11:00:00+05:30
WS-001341,/status,Girls Hostel,water,26,0,2025-09-29T06:00:00+05:30
WS-001342,/status,Sports Complex,wifi,20,1,2025-09-29T07:00:00+05:30
WS-001343,/status,CL1,parking,24,0,2025-09-29T14:00:00+05:30
WS-001344,/campus-map,Sports Complex,queue,28,0,2025-09-29T11:00:00+05:30
WS-001345,/report,Girls Hostel,wifi,28,0,2025-09-29T11:00:00+05:30
WS-001346,/status,Aryabhatt Bhawan III,lab,46,1,2025-09-29T14:00:00+05:30
WS-001347,/explore,Annapurna / Main Mess,queue,16,0,2025-09-29T12:00:00+05:30
WS-001348,/campus-map,CL22,cleaning,132,1,2025-09-29T16:00:00+05:30
WS-001349,/report,Aryabhatt Bhawan III,projector,22,0,2025-09-29T19:00:00+05:30
WS-001350,/explore,A2/1,parking,34,0,2025-09-29T17:00:00+05:30
WS-001351,/report,CL3,lab,33,0,2025-09-29T19:00:00+05:30
WS-001352,/explore,CL1,parking,29,0,2025-09-29T16:00:00+05:30
WS-001353,/explore,ECE Labs,wifi,26,0,2025-09-29T20:00:00+05:30
WS-001354,/explore,Aryabhatt Bhawan III,projector,107,0,2025-09-29T20:00:00+05:30
WS-001355,/explore,H5 Boys Hostel,queue,36,0,2025-09-30T01:00:00+05:30
WS-001356,/campus-map,Aryabhatt Bhawan II,water,47,0,2025-09-29T20:00:00+05:30
WS-001357,/status,Aryabhatt Bhawan III,parking,10,1,2025-09-29T22:00:00+05:30
WS-001358,/explore,Aryabhatt Bhawan II,cleaning,105,1,2025-09-29T22:00:00+05:30
WS-001359,/campus-map,LRC,queue,30,0,2025-09-30T04:00:00+05:30
WS-001360,/campus-map,LRC,queue,10,0,2025-09-30T06:00:00+05:30
WS-001361,/explore,LRC,parking,45,0,2025-09-30T08:00:00+05:30
WS-001362,/campus-map,Sports Complex,queue,23,0,2025-09-30T08:00:00+05:30
WS-001363,/status,Aryabhatt Bhawan II,queue,43,0,2025-09-30T08:00:00+05:30
WS-001364,/report,CL1,cleaning,32,0,2025-09-30T05:00:00+05:30
WS-001365,/help,Washrooms,cleaning,72,0,2025-09-30T07:00:00+05:30
WS-001366,/help,Washrooms,water,20,0,2025-09-30T10:00:00+05:30
WS-001367,/report,Cafeteria / Canteen,projector,29,0,2025-09-30T12:00:00+05:30
WS-001368,/help,Water Points,wifi,34,0,2025-09-30T10:00:00+05:30
WS-001369,/report,A2/2,lab,106,0,2025-09-30T09:00:00+05:30
WS-001370,/help,Aryabhatt Bhawan III,lab,27,0,2025-09-30T14:00:00+05:30
WS-001371,/status,Washrooms,cleaning,43,1,2025-09-30T14:00:00+05:30
WS-001372,/explore,Auditorium,parking,57,0,2025-09-30T12:00:00+05:30
WS-001373,/campus-map,Aryabhatt Bhawan II,projector,6,0,2025-09-30T13:00:00+05:30
WS-001374,/status,Annapurna / Main Mess,cleaning,108,0,2025-09-30T21:00:00+05:30
WS-001375,/campus-map,A2/1,cleaning,97,0,2025-09-30T19:00:00+05:30
WS-001376,/status,Annapurna / Main Mess,lab,20,1,2025-09-30T21:00:00+05:30
WS-001377,/campus-map,Aryabhatt Bhawan II,cleaning,61,0,2025-09-30T22:00:00+05:30
WS-001378,/campus-map,Sports Complex,queue,128,0,2025-10-01T00:00:00+05:30
WS-001379,/help,Aryabhatt Bhawan III,cleaning,45,0,2025-09-30T20:00:00+05:30
WS-001380,/status,ECE Labs,cleaning,38,0,2025-10-01T02:00:00+05:30
WS-001381,/campus-map,A2/1,water,28,0,2025-09-30T22:00:00+05:30
WS-001382,/explore,Sports Complex,queue,21,0,2025-10-01T04:00:00+05:30
WS-001383,/help,A2/2,cleaning,28,1,2025-10-01T06:00:00+05:30
WS-001384,/campus-map,Cafeteria / Canteen,queue,111,0,2025-10-01T01:00:00+05:30
WS-001385,/status,Aryabhatt Bhawan III,projector,31,0,2025-10-01T07:00:00+05:30
WS-001386,/status,Sports Complex,queue,33,0,2025-10-01T07:00:00+05:30
WS-001387,/report,A2/1,water,41,0,2025-10-01T08:00:00+05:30
WS-001388,/help,Aryabhatt Bhawan II,queue,32,0,2025-10-01T08:00:00+05:30
WS-001389,/status,Aryabhatt Bhawan II,projector,37,0,2025-10-01T10:00:00+05:30
WS-001390,/campus-map,H4 Boys Hostel,cleaning,93,0,2025-10-01T07:00:00+05:30
WS-001391,/explore,Main Gate,wifi,41,1,2025-10-01T10:00:00+05:30
WS-001392,/status,Aryabhatt Bhawan III,queue,111,1,2025-10-01T09:00:00+05:30
WS-001393,/campus-map,A2/1,parking,45,0,2025-10-01T13:00:00+05:30
WS-001394,/explore,Washrooms,cleaning,6,0,2025-10-01T14:00:00+05:30
WS-001395,/report,Administration Block,water,17,0,2025-10-01T16:00:00+05:30
WS-001396,/help,Girls Hostel,projector,16,0,2025-10-01T19:00:00+05:30
WS-001397,/help,Water Points,cleaning,20,0,2025-10-01T18:00:00+05:30
WS-001398,/report,A2/2,lab,44,0,2025-10-01T15:00:00+05:30
WS-001399,/explore,Water Points,wifi,14,0,2025-10-01T16:00:00+05:30
WS-001400,/report,Sports Complex,cleaning,14,0,2025-10-01T19:00:00+05:30
WS-001401,/explore,Washrooms,lab,68,0,2025-10-01T18:00:00+05:30
WS-001402,/help,Girls Hostel,projector,41,0,2025-10-02T00:00:00+05:30
WS-001403,/report,A2/2,queue,24,0,2025-10-01T19:00:00+05:30
WS-001404,/status,Sports Complex,water,37,1,2025-10-02T01:00:00+05:30
WS-001405,/explore,A2/2,parking,77,0,2025-10-01T22:00:00+05:30
WS-001406,/campus-map,Cafeteria / Canteen,water,58,0,2025-10-02T03:00:00+05:30
WS-001407,/explore,Main Gate,cleaning,9,0,2025-10-02T03:00:00+05:30
WS-001408,/explore,Washrooms,cleaning,27,0,2025-10-02T01:00:00+05:30
WS-001409,/status,Aryabhatt Bhawan II,wifi,48,1,2025-10-02T04:00:00+05:30
WS-001410,/status,A2/1,wifi,33,1,2025-10-02T03:00:00+05:30
WS-001411,/campus-map,Aryabhatt Bhawan II,parking,73,0,2025-10-02T10:00:00+05:30
WS-001412,/help,Auditorium,water,14,0,2025-10-02T07:00:00+05:30
WS-001413,/help,ECE Labs,parking,49,1,2025-10-02T06:00:00+05:30
WS-001414,/explore,Aryabhatt Bhawan III,water,38,0,2025-10-02T08:00:00+05:30
WS-001415,/campus-map,Main Gate,wifi,50,0,2025-10-02T12:00:00+05:30
WS-001416,/status,ECE Labs,projector,13,0,2025-10-02T12:00:00+05:30
WS-001417,/help,A2/1,cleaning,32,0,2025-10-02T16:00:00+05:30
WS-001418,/status,Auditorium,queue,14,1,2025-10-02T16:00:00+05:30
WS-001419,/campus-map,CL22,projector,48,0,2025-10-02T13:00:00+05:30
WS-001420,/campus-map,Annapurna / Main Mess,water,40,0,2025-10-02T12:00:00+05:30
WS-001421,/report,Washrooms,projector,26,0,2025-10-02T13:00:00+05:30
WS-001422,/campus-map,Parking,queue,54,0,2025-10-02T14:00:00+05:30
WS-001423,/status,Parking,water,33,1,2025-10-02T19:00:00+05:30
WS-001424,/status,Sports Complex,projector,20,0,2025-10-02T16:00:00+05:30
WS-001425,/report,Administration Block,wifi,67,0,2025-10-03T00:00:00+05:30
WS-001426,/help,Administration Block,queue,41,0,2025-10-03T01:00:00+05:30
WS-001427,/campus-map,LRC,lab,13,0,2025-10-02T22:00:00+05:30
WS-001428,/status,Annapurna / Main Mess,cleaning,94,0,2025-10-02T20:00:00+05:30
WS-001429,/campus-map,H4 Boys Hostel,cleaning,40,0,2025-10-03T03:00:00+05:30
WS-001430,/campus-map,LRC,queue,92,1,2025-10-02T22:00:00+05:30
WS-001431,/status,Annapurna / Main Mess,lab,28,0,2025-10-02T23:00:00+05:30
WS-001432,/campus-map,H5 Boys Hostel,projector,106,1,2025-10-03T06:00:00+05:30
WS-001433,/help,Girls Hostel,cleaning,112,0,2025-10-03T03:00:00+05:30
WS-001434,/help,H4 Boys Hostel,cleaning,40,1,2025-10-03T04:00:00+05:30
WS-001435,/report,A2/2,lab,25,0,2025-10-03T04:00:00+05:30
WS-001436,/report,Cafeteria / Canteen,water,18,0,2025-10-03T08:00:00+05:30
WS-001437,/explore,Parking,cleaning,44,0,2025-10-03T09:00:00+05:30
WS-001438,/report,Sports Complex,wifi,26,0,2025-10-03T06:00:00+05:30
WS-001439,/campus-map,A2/2,cleaning,63,0,2025-10-03T07:00:00+05:30
WS-001440,/report,H5 Boys Hostel,wifi,34,0,2025-10-03T14:00:00+05:30
WS-001441,/status,Aryabhatt Bhawan II,parking,19,0,2025-10-03T10:00:00+05:30
WS-001442,/help,Main Gate,projector,106,0,2025-10-03T12:00:00+05:30
WS-001443,/explore,A2/1,parking,28,0,2025-10-03T14:00:00+05:30
WS-001444,/explore,Aryabhatt Bhawan II,queue,29,0,2025-10-03T19:00:00+05:30
WS-001445,/campus-map,Main Gate,wifi,47,0,2025-10-03T15:00:00+05:30
WS-001446,/status,CL15,projector,26,0,2025-10-03T14:00:00+05:30
WS-001447,/report,H4 Boys Hostel,water,17,0,2025-10-03T20:00:00+05:30
WS-001448,/explore,Aryabhatt Bhawan III,water,45,0,2025-10-03T19:00:00+05:30
WS-001449,/report,ECE Labs,cleaning,95,0,2025-10-03T23:00:00+05:30
WS-001450,/campus-map,Cafeteria / Canteen,parking,4,0,2025-10-04T01:00:00+05:30
WS-001451,/status,Cafeteria / Canteen,queue,60,0,2025-10-04T01:00:00+05:30
WS-001452,/report,LRC,parking,44,0,2025-10-04T00:00:00+05:30
WS-001453,/explore,Cafeteria / Canteen,cleaning,52,0,2025-10-03T23:00:00+05:30
WS-001454,/report,H4 Boys Hostel,wifi,19,1,2025-10-04T03:00:00+05:30
WS-001455,/help,ECE Labs,lab,59,1,2025-10-03T23:00:00+05:30
WS-001456,/status,Auditorium,parking,7,1,2025-10-04T03:00:00+05:30
WS-001457,/status,CL3,queue,59,0,2025-10-04T08:00:00+05:30
WS-001458,/status,LRC,lab,7,0,2025-10-04T02:00:00+05:30
WS-001459,/help,A2/1,projector,51,0,2025-10-04T05:00:00+05:30
WS-001460,/campus-map,LRC,parking,18,0,2025-10-04T07:00:00+05:30
WS-001461,/campus-map,H4 Boys Hostel,water,34,0,2025-10-04T05:00:00+05:30
WS-001462,/explore,LRC,lab,38,0,2025-10-04T13:00:00+05:30
WS-001463,/campus-map,CL15,wifi,19,1,2025-10-04T12:00:00+05:30
WS-001464,/help,Aryabhatt Bhawan II,lab,8,0,2025-10-04T12:00:00+05:30
WS-001465,/status,H4 Boys Hostel,cleaning,97,0,2025-10-04T12:00:00+05:30
WS-001466,/campus-map,Cafeteria / Canteen,projector,132,0,2025-10-04T10:00:00+05:30
WS-001467,/help,Aryabhatt Bhawan III,lab,54,0,2025-10-04T11:00:00+05:30
WS-001468,/status,CL15,parking,26,1,2025-10-04T18:00:00+05:30
WS-001469,/report,H4 Boys Hostel,parking,47,0,2025-10-04T16:00:00+05:30
WS-001470,/explore,A2/2,queue,24,0,2025-10-04T18:00:00+05:30
WS-001471,/explore,A2/2,lab,106,0,2025-10-04T17:00:00+05:30
WS-001472,/explore,A2/2,projector,49,0,2025-10-04T21:00:00+05:30
WS-001473,/explore,Auditorium,cleaning,20,0,2025-10-04T21:00:00+05:30
WS-001474,/status,Auditorium,parking,38,0,2025-10-04T23:00:00+05:30
WS-001475,/explore,A2/1,queue,51,0,2025-10-05T00:00:00+05:30
WS-001476,/report,Aryabhatt Bhawan II,cleaning,70,0,2025-10-05T03:00:00+05:30
WS-001477,/help,H5 Boys Hostel,wifi,26,0,2025-10-04T23:00:00+05:30
WS-001478,/report,A2/2,cleaning,61,0,2025-10-05T01:00:00+05:30
WS-001479,/campus-map,Parking,queue,73,0,2025-10-05T00:00:00+05:30
WS-001480,/report,Main Gate,lab,23,0,2025-10-05T02:00:00+05:30
WS-001481,/explore,Washrooms,wifi,26,1,2025-10-05T05:00:00+05:30
WS-001482,/explore,Cafeteria / Canteen,wifi,75,1,2025-10-05T08:00:00+05:30
WS-001483,/help,LRC,lab,32,0,2025-10-05T08:00:00+05:30
WS-001484,/explore,Aryabhatt Bhawan III,parking,12,0,2025-10-05T10:00:00+05:30
WS-001485,/campus-map,Cafeteria / Canteen,parking,7,0,2025-10-05T09:00:00+05:30
WS-001486,/status,Aryabhatt Bhawan II,queue,72,0,2025-10-05T13:00:00+05:30
WS-001487,/status,Aryabhatt Bhawan II,lab,15,1,2025-10-05T09:00:00+05:30
WS-001488,/campus-map,Aryabhatt Bhawan II,queue,33,0,2025-10-05T12:00:00+05:30
WS-001489,/help,Water Points,cleaning,35,0,2025-10-05T13:00:00+05:30
WS-001490,/report,Annapurna / Main Mess,lab,158,0,2025-10-05T10:00:00+05:30
WS-001491,/status,Aryabhatt Bhawan III,queue,83,1,2025-10-05T16:00:00+05:30
WS-001492,/campus-map,Girls Hostel,parking,25,0,2025-10-05T14:00:00+05:30
WS-001493,/campus-map,H4 Boys Hostel,parking,11,0,2025-10-05T14:00:00+05:30
WS-001494,/report,H4 Boys Hostel,wifi,26,0,2025-10-05T18:00:00+05:30
WS-001495,/explore,ECE Labs,wifi,12,0,2025-10-05T19:00:00+05:30
WS-001496,/help,Aryabhatt Bhawan III,projector,18,1,2025-10-05T18:00:00+05:30
WS-001497,/report,H5 Boys Hostel,lab,59,0,2025-10-05T18:00:00+05:30
WS-001498,/explore,ECE Labs,projector,19,0,2025-10-05T18:00:00+05:30
WS-001499,/status,A2/2,water,52,0,2025-10-05T21:00:00+05:30
WS-001500,/report,ECE Labs,queue,18,1,2025-10-05T20:00:00+05:30
WS-001501,/explore,Auditorium,parking,53,0,2025-10-06T01:00:00+05:30
WS-001502,/explore,LRC,wifi,84,0,2025-10-06T04:00:00+05:30
WS-001503,/campus-map,Administration Block,parking,41,0,2025-10-06T00:00:00+05:30
WS-001504,/report,Aryabhatt Bhawan II,water,16,1,2025-10-06T00:00:00+05:30
WS-001505,/help,Aryabhatt Bhawan II,cleaning,77,0,2025-10-06T04:00:00+05:30
WS-001506,/status,CL3,wifi,14,0,2025-10-06T02:00:00+05:30
WS-001507,/campus-map,Auditorium,wifi,73,0,2025-10-06T04:00:00+05:30
WS-001508,/status,Aryabhatt Bhawan II,projector,101,0,2025-10-06T07:00:00+05:30
WS-001509,/explore,CL22,wifi,92,0,2025-10-06T10:00:00+05:30
WS-001510,/report,Aryabhatt Bhawan II,parking,7,0,2025-10-06T11:00:00+05:30
WS-001511,/status,ECE Labs,wifi,17,0,2025-10-06T08:00:00+05:30
WS-001512,/status,A2/2,cleaning,84,0,2025-10-06T11:00:00+05:30
WS-001513,/report,Water Points,projector,38,0,2025-10-06T16:00:00+05:30
WS-001514,/help,CL15,cleaning,38,0,2025-10-06T15:00:00+05:30
WS-001515,/report,CL22,wifi,9,0,2025-10-06T14:00:00+05:30
WS-001516,/campus-map,H4 Boys Hostel,lab,16,0,2025-10-06T13:00:00+05:30
WS-001517,/report,CL22,queue,67,0,2025-10-06T14:00:00+05:30
WS-001518,/status,Washrooms,queue,44,0,2025-10-06T19:00:00+05:30
WS-001519,/status,Cafeteria / Canteen,wifi,71,0,2025-10-06T18:00:00+05:30
WS-001520,/help,ECE Labs,lab,86,1,2025-10-06T19:00:00+05:30
WS-001521,/campus-map,Parking,parking,12,0,2025-10-06T18:00:00+05:30
WS-001522,/help,A2/2,parking,72,1,2025-10-06T18:00:00+05:30
WS-001523,/report,Aryabhatt Bhawan III,queue,27,0,2025-10-06T20:00:00+05:30
WS-001524,/status,Water Points,lab,15,0,2025-10-06T21:00:00+05:30
WS-001525,/help,Washrooms,queue,63,0,2025-10-07T02:00:00+05:30
WS-001526,/campus-map,Aryabhatt Bhawan III,lab,60,0,2025-10-07T04:00:00+05:30
WS-001527,/help,CL15,lab,28,0,2025-10-07T00:00:00+05:30
WS-001528,/status,A2/2,cleaning,18,0,2025-10-07T01:00:00+05:30
WS-001529,/status,CL22,projector,34,0,2025-10-07T06:00:00+05:30
WS-001530,/campus-map,A2/2,water,26,0,2025-10-07T02:00:00+05:30
WS-001531,/explore,Administration Block,cleaning,53,0,2025-10-07T10:00:00+05:30
WS-001532,/help,CL1,water,39,0,2025-10-07T05:00:00+05:30
WS-001533,/status,CL15,queue,48,1,2025-10-07T06:00:00+05:30
WS-001534,/help,ECE Labs,queue,40,0,2025-10-07T13:00:00+05:30
WS-001535,/report,Aryabhatt Bhawan III,wifi,40,0,2025-10-07T14:00:00+05:30
WS-001536,/campus-map,Administration Block,lab,29,0,2025-10-07T15:00:00+05:30
WS-001537,/help,Washrooms,water,104,0,2025-10-07T14:00:00+05:30
WS-001538,/status,H5 Boys Hostel,lab,64,0,2025-10-07T14:00:00+05:30
WS-001539,/help,Aryabhatt Bhawan II,cleaning,14,0,2025-10-07T17:00:00+05:30
WS-001540,/help,Cafeteria / Canteen,projector,14,0,2025-10-07T18:00:00+05:30
WS-001541,/help,LRC,wifi,72,0,2025-10-07T18:00:00+05:30
WS-001542,/explore,CL22,queue,23,0,2025-10-07T17:00:00+05:30
WS-001543,/report,Sports Complex,queue,61,0,2025-10-07T15:00:00+05:30
WS-001544,/help,ECE Labs,projector,81,0,2025-10-07T16:00:00+05:30
WS-001545,/explore,Annapurna / Main Mess,cleaning,44,0,2025-10-08T00:00:00+05:30
WS-001546,/status,A2/2,queue,18,0,2025-10-07T19:00:00+05:30
WS-001547,/explore,CL22,cleaning,32,0,2025-10-08T01:00:00+05:30
WS-001548,/status,Annapurna / Main Mess,projector,47,0,2025-10-07T22:00:00+05:30
WS-001549,/campus-map,A2/1,water,13,1,2025-10-08T02:00:00+05:30
WS-001550,/report,Aryabhatt Bhawan III,water,6,0,2025-10-07T22:00:00+05:30
WS-001551,/status,CL3,water,34,0,2025-10-08T04:00:00+05:30
WS-001552,/status,LRC,parking,68,0,2025-10-08T03:00:00+05:30
WS-001553,/report,Main Gate,water,60,0,2025-10-08T04:00:00+05:30
WS-001554,/campus-map,LRC,queue,33,1,2025-10-08T03:00:00+05:30
WS-001555,/campus-map,CL15,water,37,0,2025-10-08T04:00:00+05:30
WS-001556,/help,Aryabhatt Bhawan III,projector,48,0,2025-10-08T10:00:00+05:30
WS-001557,/explore,H4 Boys Hostel,lab,8,0,2025-10-08T09:00:00+05:30
WS-001558,/campus-map,CL3,parking,96,0,2025-10-08T10:00:00+05:30
WS-001559,/report,Aryabhatt Bhawan II,lab,12,0,2025-10-08T08:00:00+05:30
WS-001560,/explore,Main Gate,water,46,0,2025-10-08T10:00:00+05:30
WS-001561,/help,Cafeteria / Canteen,wifi,19,0,2025-10-08T09:00:00+05:30
WS-001562,/explore,A2/1,queue,70,0,2025-10-08T10:00:00+05:30
WS-001563,/report,LRC,wifi,91,0,2025-10-08T15:00:00+05:30
WS-001564,/campus-map,Auditorium,queue,30,0,2025-10-08T16:00:00+05:30
WS-001565,/report,Aryabhatt Bhawan II,water,58,0,2025-10-08T16:00:00+05:30
WS-001566,/report,H4 Boys Hostel,queue,27,0,2025-10-08T21:00:00+05:30
WS-001567,/campus-map,Aryabhatt Bhawan II,parking,22,0,2025-10-08T18:00:00+05:30
WS-001568,/campus-map,Aryabhatt Bhawan III,cleaning,92,0,2025-10-08T20:00:00+05:30
WS-001569,/campus-map,Auditorium,parking,31,1,2025-10-08T19:00:00+05:30
WS-001570,/report,Sports Complex,wifi,103,0,2025-10-08T20:00:00+05:30
WS-001571,/status,Annapurna / Main Mess,water,44,1,2025-10-09T02:00:00+05:30
WS-001572,/campus-map,Aryabhatt Bhawan II,wifi,30,0,2025-10-09T00:00:00+05:30
WS-001573,/status,Aryabhatt Bhawan II,cleaning,21,0,2025-10-09T04:00:00+05:30
WS-001574,/report,CL1,cleaning,6,0,2025-10-08T23:00:00+05:30
WS-001575,/status,H4 Boys Hostel,lab,66,0,2025-10-09T00:00:00+05:30
WS-001576,/explore,H4 Boys Hostel,lab,19,1,2025-10-09T07:00:00+05:30
WS-001577,/report,ECE Labs,queue,64,0,2025-10-09T01:00:00+05:30
WS-001578,/help,H5 Boys Hostel,cleaning,67,0,2025-10-09T03:00:00+05:30
WS-001579,/report,Auditorium,water,51,0,2025-10-09T09:00:00+05:30
WS-001580,/campus-map,Aryabhatt Bhawan III,lab,10,0,2025-10-09T05:00:00+05:30
WS-001581,/campus-map,Water Points,water,107,0,2025-10-09T10:00:00+05:30
WS-001582,/explore,H4 Boys Hostel,lab,31,0,2025-10-09T06:00:00+05:30
WS-001583,/help,ECE Labs,wifi,10,0,2025-10-09T10:00:00+05:30
WS-001584,/report,LRC,queue,45,0,2025-10-09T14:00:00+05:30
WS-001585,/report,Aryabhatt Bhawan III,parking,90,0,2025-10-09T12:00:00+05:30
WS-001586,/status,A2/2,water,34,0,2025-10-09T15:00:00+05:30
WS-001587,/campus-map,Aryabhatt Bhawan II,projector,64,0,2025-10-09T16:00:00+05:30
WS-001588,/report,Sports Complex,wifi,16,0,2025-10-09T19:00:00+05:30
WS-001589,/status,Sports Complex,parking,29,0,2025-10-09T19:00:00+05:30
WS-001590,/explore,CL22,projector,26,0,2025-10-09T15:00:00+05:30
WS-001591,/status,CL1,projector,58,0,2025-10-09T15:00:00+05:30
WS-001592,/campus-map,LRC,parking,120,0,2025-10-09T16:00:00+05:30
WS-001593,/explore,ECE Labs,wifi,46,0,2025-10-09T17:00:00+05:30
WS-001594,/status,LRC,lab,73,1,2025-10-09T23:00:00+05:30
WS-001595,/help,H5 Boys Hostel,lab,6,0,2025-10-09T22:00:00+05:30
WS-001596,/explore,Cafeteria / Canteen,parking,33,0,2025-10-10T02:00:00+05:30
WS-001597,/status,Cafeteria / Canteen,lab,60,1,2025-10-09T21:00:00+05:30
WS-001598,/explore,Administration Block,queue,48,0,2025-10-10T00:00:00+05:30
WS-001599,/explore,Aryabhatt Bhawan III,parking,57,0,2025-10-10T04:00:00+05:30
WS-001600,/report,Aryabhatt Bhawan II,wifi,117,0,2025-10-10T06:00:00+05:30
WS-001601,/status,ECE Labs,wifi,66,0,2025-10-10T05:00:00+05:30
WS-001602,/campus-map,A2/2,water,19,0,2025-10-10T02:00:00+05:30
WS-001603,/status,H5 Boys Hostel,parking,42,0,2025-10-10T08:00:00+05:30
WS-001604,/status,Sports Complex,cleaning,40,0,2025-10-10T06:00:00+05:30
WS-001605,/status,Washrooms,lab,14,0,2025-10-10T08:00:00+05:30
WS-001606,/help,Aryabhatt Bhawan II,cleaning,20,0,2025-10-10T13:00:00+05:30
WS-001607,/help,Auditorium,water,43,0,2025-10-10T11:00:00+05:30
WS-001608,/explore,Administration Block,projector,26,0,2025-10-10T11:00:00+05:30
WS-001609,/explore,A2/2,wifi,24,0,2025-10-10T15:00:00+05:30
WS-001610,/campus-map,A2/2,cleaning,27,0,2025-10-10T13:00:00+05:30
WS-001611,/help,Sports Complex,water,18,0,2025-10-10T15:00:00+05:30
WS-001612,/status,H4 Boys Hostel,projector,25,0,2025-10-10T13:00:00+05:30
WS-001613,/help,Parking,queue,21,0,2025-10-10T18:00:00+05:30
WS-001614,/help,Aryabhatt Bhawan III,queue,67,1,2025-10-10T21:00:00+05:30
WS-001615,/status,CL22,water,70,1,2025-10-10T21:00:00+05:30
WS-001616,/status,Auditorium,queue,61,0,2025-10-10T22:00:00+05:30
WS-001617,/campus-map,Cafeteria / Canteen,queue,16,0,2025-10-10T20:00:00+05:30
WS-001618,/status,H4 Boys Hostel,projector,3,0,2025-10-10T22:00:00+05:30
WS-001619,/status,Annapurna / Main Mess,parking,45,1,2025-10-10T19:00:00+05:30
WS-001620,/status,A2/1,lab,48,0,2025-10-11T03:00:00+05:30
WS-001621,/report,A2/1,parking,48,0,2025-10-10T22:00:00+05:30
WS-001622,/explore,Auditorium,queue,51,0,2025-10-10T23:00:00+05:30
WS-001623,/status,Annapurna / Main Mess,cleaning,35,1,2025-10-11T05:00:00+05:30
WS-001624,/status,A2/1,queue,87,0,2025-10-11T06:00:00+05:30
WS-001625,/explore,Parking,cleaning,74,1,2025-10-11T08:00:00+05:30
WS-001626,/status,LRC,cleaning,57,1,2025-10-11T02:00:00+05:30
WS-001627,/report,LRC,queue,37,0,2025-10-11T10:00:00+05:30
WS-001628,/status,CL3,water,19,0,2025-10-11T05:00:00+05:30
WS-001629,/campus-map,CL15,cleaning,12,0,2025-10-11T07:00:00+05:30
WS-001630,/help,Girls Hostel,cleaning,49,0,2025-10-11T09:00:00+05:30
WS-001631,/explore,CL1,lab,60,0,2025-10-11T13:00:00+05:30
WS-001632,/explore,A2/1,lab,27,0,2025-10-11T15:00:00+05:30
WS-001633,/campus-map,Aryabhatt Bhawan III,water,21,1,2025-10-11T16:00:00+05:30
WS-001634,/campus-map,A2/1,queue,19,0,2025-10-11T10:00:00+05:30
WS-001635,/report,Annapurna / Main Mess,queue,29,0,2025-10-11T11:00:00+05:30
WS-001636,/explore,Parking,projector,40,0,2025-10-11T19:00:00+05:30
WS-001637,/campus-map,Cafeteria / Canteen,wifi,40,0,2025-10-11T18:00:00+05:30
WS-001638,/campus-map,H4 Boys Hostel,wifi,66,0,2025-10-11T21:00:00+05:30
WS-001639,/report,CL3,lab,31,1,2025-10-11T15:00:00+05:30
WS-001640,/campus-map,Water Points,cleaning,17,0,2025-10-11T21:00:00+05:30
WS-001641,/status,A2/2,cleaning,36,1,2025-10-11T20:00:00+05:30
WS-001642,/status,Aryabhatt Bhawan II,queue,95,0,2025-10-11T19:00:00+05:30
WS-001643,/report,Administration Block,cleaning,25,1,2025-10-11T21:00:00+05:30
WS-001644,/report,Aryabhatt Bhawan II,parking,83,0,2025-10-11T20:00:00+05:30
WS-001645,/status,Aryabhatt Bhawan II,parking,20,0,2025-10-11T21:00:00+05:30
WS-001646,/report,A2/1,lab,19,1,2025-10-12T05:00:00+05:30
WS-001647,/report,Aryabhatt Bhawan III,water,16,0,2025-10-12T06:00:00+05:30
WS-001648,/explore,Sports Complex,projector,24,0,2025-10-12T06:00:00+05:30
WS-001649,/help,Water Points,queue,42,0,2025-10-12T07:00:00+05:30
WS-001650,/help,Aryabhatt Bhawan II,wifi,38,0,2025-10-12T02:00:00+05:30
WS-001651,/report,Aryabhatt Bhawan III,projector,72,0,2025-10-12T09:00:00+05:30
WS-001652,/report,Parking,projector,8,1,2025-10-12T11:00:00+05:30
WS-001653,/report,H5 Boys Hostel,water,81,0,2025-10-12T09:00:00+05:30
WS-001654,/report,A2/1,water,33,0,2025-10-12T06:00:00+05:30
WS-001655,/campus-map,ECE Labs,lab,22,0,2025-10-12T08:00:00+05:30
WS-001656,/campus-map,A2/1,projector,37,0,2025-10-12T11:00:00+05:30
WS-001657,/help,A2/1,cleaning,3,1,2025-10-12T11:00:00+05:30
WS-001658,/campus-map,Annapurna / Main Mess,queue,42,0,2025-10-12T13:00:00+05:30
WS-001659,/campus-map,Cafeteria / Canteen,water,33,0,2025-10-12T13:00:00+05:30
WS-001660,/report,Main Gate,queue,77,1,2025-10-12T13:00:00+05:30
WS-001661,/status,ECE Labs,projector,7,0,2025-10-12T13:00:00+05:30
WS-001662,/report,Parking,queue,43,1,2025-10-12T18:00:00+05:30
WS-001663,/campus-map,A2/1,cleaning,32,0,2025-10-12T15:00:00+05:30
WS-001664,/report,Aryabhatt Bhawan II,water,133,0,2025-10-12T22:00:00+05:30
WS-001665,/status,Main Gate,queue,65,1,2025-10-12T17:00:00+05:30
WS-001666,/help,H5 Boys Hostel,lab,34,0,2025-10-12T22:00:00+05:30
WS-001667,/status,H4 Boys Hostel,wifi,11,0,2025-10-12T21:00:00+05:30
WS-001668,/help,Aryabhatt Bhawan II,projector,135,0,2025-10-12T23:00:00+05:30
WS-001669,/explore,Auditorium,lab,60,0,2025-10-13T00:00:00+05:30
WS-001670,/help,A2/1,water,141,0,2025-10-13T00:00:00+05:30
WS-001671,/help,Water Points,queue,39,0,2025-10-13T00:00:00+05:30
WS-001672,/report,A2/2,projector,29,0,2025-10-13T03:00:00+05:30
WS-001673,/explore,Main Gate,cleaning,16,0,2025-10-13T06:00:00+05:30
WS-001674,/explore,Main Gate,parking,24,0,2025-10-13T08:00:00+05:30
WS-001675,/status,Annapurna / Main Mess,parking,4,0,2025-10-13T06:00:00+05:30
WS-001676,/campus-map,Girls Hostel,queue,12,0,2025-10-13T10:00:00+05:30
WS-001677,/report,Washrooms,parking,31,0,2025-10-13T05:00:00+05:30
WS-001678,/explore,Water Points,queue,41,0,2025-10-13T09:00:00+05:30
WS-001679,/report,Aryabhatt Bhawan II,parking,68,0,2025-10-13T13:00:00+05:30
WS-001680,/status,Main Gate,water,108,0,2025-10-13T11:00:00+05:30
WS-001681,/campus-map,Aryabhatt Bhawan III,lab,31,0,2025-10-13T10:00:00+05:30
WS-001682,/status,Sports Complex,parking,13,0,2025-10-13T17:00:00+05:30
WS-001683,/help,Aryabhatt Bhawan III,queue,63,0,2025-10-13T16:00:00+05:30
WS-001684,/campus-map,Aryabhatt Bhawan III,queue,136,0,2025-10-13T17:00:00+05:30
WS-001685,/report,Main Gate,wifi,61,0,2025-10-13T15:00:00+05:30
WS-001686,/report,Aryabhatt Bhawan III,water,44,0,2025-10-13T20:00:00+05:30
WS-001687,/status,LRC,lab,22,0,2025-10-13T20:00:00+05:30
WS-001688,/help,Sports Complex,lab,49,0,2025-10-13T19:00:00+05:30
WS-001689,/campus-map,CL1,queue,7,0,2025-10-13T19:00:00+05:30
WS-001690,/campus-map,Aryabhatt Bhawan III,parking,22,0,2025-10-14T01:00:00+05:30
WS-001691,/campus-map,A2/2,wifi,34,0,2025-10-13T22:00:00+05:30
WS-001692,/status,CL1,water,17,0,2025-10-13T20:00:00+05:30
WS-001693,/report,Aryabhatt Bhawan III,cleaning,23,0,2025-10-14T02:00:00+05:30
WS-001694,/campus-map,ECE Labs,lab,94,0,2025-10-14T05:00:00+05:30
WS-001695,/campus-map,Annapurna / Main Mess,wifi,18,0,2025-10-14T04:00:00+05:30
WS-001696,/explore,H4 Boys Hostel,queue,13,0,2025-10-14T04:00:00+05:30
WS-001697,/campus-map,Main Gate,water,29,0,2025-10-14T06:00:00+05:30
WS-001698,/explore,Sports Complex,projector,33,1,2025-10-14T02:00:00+05:30
WS-001699,/status,Administration Block,parking,20,0,2025-10-14T09:00:00+05:30
WS-001700,/help,Aryabhatt Bhawan III,cleaning,60,0,2025-10-14T10:00:00+05:30
WS-001701,/help,CL3,wifi,17,0,2025-10-14T08:00:00+05:30
WS-001702,/explore,ECE Labs,lab,49,0,2025-10-14T07:00:00+05:30
WS-001703,/help,Aryabhatt Bhawan III,lab,58,0,2025-10-14T07:00:00+05:30
WS-001704,/help,ECE Labs,queue,13,0,2025-10-14T12:00:00+05:30
WS-001705,/help,Cafeteria / Canteen,cleaning,77,0,2025-10-14T10:00:00+05:30
WS-001706,/campus-map,Water Points,wifi,35,0,2025-10-14T12:00:00+05:30
WS-001707,/campus-map,Aryabhatt Bhawan II,lab,22,0,2025-10-14T16:00:00+05:30
WS-001708,/report,A2/1,parking,12,0,2025-10-14T19:00:00+05:30
WS-001709,/help,Aryabhatt Bhawan II,wifi,10,0,2025-10-14T16:00:00+05:30
WS-001710,/help,CL1,water,47,0,2025-10-14T17:00:00+05:30
WS-001711,/explore,Auditorium,parking,16,0,2025-10-14T18:00:00+05:30
WS-001712,/report,A2/1,parking,33,0,2025-10-14T19:00:00+05:30
WS-001713,/report,Girls Hostel,water,58,1,2025-10-14T20:00:00+05:30
WS-001714,/status,A2/1,lab,55,0,2025-10-14T19:00:00+05:30
WS-001715,/explore,Main Gate,parking,27,0,2025-10-15T00:00:00+05:30
WS-001716,/explore,H4 Boys Hostel,queue,22,0,2025-10-15T01:00:00+05:30
WS-001717,/help,Cafeteria / Canteen,queue,87,0,2025-10-14T22:00:00+05:30
WS-001718,/explore,Parking,lab,13,0,2025-10-15T02:00:00+05:30
WS-001719,/explore,CL1,wifi,64,0,2025-10-15T04:00:00+05:30
WS-001720,/explore,Washrooms,parking,9,1,2025-10-15T05:00:00+05:30
WS-001721,/help,Auditorium,cleaning,9,0,2025-10-15T03:00:00+05:30
WS-001722,/campus-map,H5 Boys Hostel,queue,18,0,2025-10-15T06:00:00+05:30
WS-001723,/campus-map,Main Gate,projector,96,0,2025-10-15T10:00:00+05:30
WS-001724,/campus-map,Annapurna / Main Mess,cleaning,56,0,2025-10-15T09:00:00+05:30
WS-001725,/explore,Administration Block,projector,40,1,2025-10-15T12:00:00+05:30
WS-001726,/report,A2/1,queue,19,0,2025-10-15T08:00:00+05:30
WS-001727,/report,Sports Complex,projector,25,0,2025-10-15T12:00:00+05:30
WS-001728,/explore,ECE Labs,water,20,0,2025-10-15T08:00:00+05:30
WS-001729,/campus-map,A2/2,queue,59,0,2025-10-15T15:00:00+05:30
WS-001730,/campus-map,LRC,lab,24,0,2025-10-15T15:00:00+05:30
WS-001731,/campus-map,Aryabhatt Bhawan II,wifi,71,1,2025-10-15T15:00:00+05:30
WS-001732,/status,A2/1,projector,12,0,2025-10-15T15:00:00+05:30
WS-001733,/campus-map,CL15,lab,27,0,2025-10-15T16:00:00+05:30
WS-001734,/status,A2/1,parking,19,1,2025-10-15T21:00:00+05:30
WS-001735,/status,Aryabhatt Bhawan II,water,110,1,2025-10-15T22:00:00+05:30
WS-001736,/campus-map,A2/1,parking,73,0,2025-10-15T22:00:00+05:30
WS-001737,/help,Aryabhatt Bhawan II,parking,5,0,2025-10-15T17:00:00+05:30
WS-001738,/explore,Auditorium,lab,13,0,2025-10-15T23:00:00+05:30
WS-001739,/report,CL3,water,39,0,2025-10-15T23:00:00+05:30
WS-001740,/status,A2/1,lab,46,0,2025-10-16T00:00:00+05:30
WS-001741,/campus-map,CL22,lab,95,1,2025-10-16T01:00:00+05:30
WS-001742,/status,H4 Boys Hostel,wifi,9,1,2025-10-16T00:00:00+05:30
WS-001743,/help,A2/1,cleaning,10,0,2025-10-15T23:00:00+05:30
WS-001744,/explore,A2/1,queue,36,1,2025-10-16T06:00:00+05:30
WS-001745,/explore,Aryabhatt Bhawan II,queue,41,1,2025-10-16T06:00:00+05:30
WS-001746,/campus-map,A2/1,cleaning,36,0,2025-10-16T08:00:00+05:30
WS-001747,/help,Sports Complex,lab,38,0,2025-10-16T05:00:00+05:30
WS-001748,/campus-map,Aryabhatt Bhawan III,lab,30,0,2025-10-16T11:00:00+05:30
WS-001749,/report,H4 Boys Hostel,queue,20,1,2025-10-16T07:00:00+05:30
WS-001750,/explore,Administration Block,projector,68,0,2025-10-16T11:00:00+05:30
WS-001751,/status,A2/2,wifi,17,0,2025-10-16T14:00:00+05:30
WS-001752,/report,LRC,lab,17,1,2025-10-16T10:00:00+05:30
WS-001753,/report,H5 Boys Hostel,projector,12,0,2025-10-16T11:00:00+05:30
WS-001754,/explore,H5 Boys Hostel,parking,38,0,2025-10-16T15:00:00+05:30
WS-001755,/report,H5 Boys Hostel,projector,47,0,2025-10-16T11:00:00+05:30
WS-001756,/campus-map,Auditorium,parking,55,0,2025-10-16T14:00:00+05:30
WS-001757,/explore,Annapurna / Main Mess,water,27,0,2025-10-16T17:00:00+05:30
WS-001758,/status,LRC,wifi,37,0,2025-10-16T15:00:00+05:30
WS-001759,/status,CL22,lab,73,0,2025-10-16T20:00:00+05:30
WS-001760,/explore,Administration Block,wifi,75,0,2025-10-16T23:00:00+05:30
WS-001761,/campus-map,Aryabhatt Bhawan III,cleaning,16,0,2025-10-16T23:00:00+05:30
WS-001762,/report,A2/1,cleaning,48,0,2025-10-16T20:00:00+05:30
WS-001763,/help,ECE Labs,parking,81,0,2025-10-16T23:00:00+05:30
WS-001764,/report,Aryabhatt Bhawan III,parking,36,0,2025-10-17T02:00:00+05:30
WS-001765,/report,Girls Hostel,cleaning,82,0,2025-10-17T04:00:00+05:30
WS-001766,/campus-map,H5 Boys Hostel,cleaning,14,0,2025-10-17T05:00:00+05:30
WS-001767,/report,Administration Block,parking,17,0,2025-10-17T01:00:00+05:30
WS-001768,/report,Aryabhatt Bhawan II,cleaning,18,0,2025-10-17T06:00:00+05:30
WS-001769,/explore,Cafeteria / Canteen,queue,13,0,2025-10-17T03:00:00+05:30
WS-001770,/status,Administration Block,queue,9,0,2025-10-17T07:00:00+05:30
WS-001771,/explore,Sports Complex,wifi,73,0,2025-10-17T08:00:00+05:30
WS-001772,/help,Sports Complex,queue,115,0,2025-10-17T07:00:00+05:30
WS-001773,/campus-map,CL3,lab,24,0,2025-10-17T05:00:00+05:30
WS-001774,/status,Washrooms,queue,61,0,2025-10-17T10:00:00+05:30
WS-001775,/status,LRC,cleaning,65,0,2025-10-17T10:00:00+05:30
WS-001776,/explore,CL22,lab,54,0,2025-10-17T13:00:00+05:30
WS-001777,/status,H4 Boys Hostel,wifi,72,0,2025-10-17T13:00:00+05:30
WS-001778,/status,Administration Block,parking,44,1,2025-10-17T10:00:00+05:30
WS-001779,/help,Sports Complex,projector,6,0,2025-10-17T17:00:00+05:30
WS-001780,/explore,CL3,lab,55,0,2025-10-17T14:00:00+05:30
WS-001781,/campus-map,Aryabhatt Bhawan II,lab,16,0,2025-10-17T19:00:00+05:30
WS-001782,/status,A2/2,water,53,0,2025-10-17T16:00:00+05:30
WS-001783,/report,CL22,water,44,0,2025-10-17T17:00:00+05:30
WS-001784,/status,LRC,wifi,24,0,2025-10-17T17:00:00+05:30
WS-001785,/campus-map,Auditorium,queue,123,0,2025-10-17T22:00:00+05:30
WS-001786,/help,A2/1,lab,21,0,2025-10-17T21:00:00+05:30
WS-001787,/report,CL15,parking,24,0,2025-10-17T22:00:00+05:30
WS-001788,/status,CL15,parking,45,0,2025-10-18T00:00:00+05:30
WS-001789,/report,H5 Boys Hostel,queue,5,0,2025-10-18T03:00:00+05:30
WS-001790,/explore,Water Points,cleaning,73,0,2025-10-18T01:00:00+05:30
WS-001791,/campus-map,Sports Complex,projector,15,0,2025-10-18T04:00:00+05:30
WS-001792,/help,Sports Complex,wifi,42,0,2025-10-18T07:00:00+05:30
WS-001793,/help,Administration Block,cleaning,36,0,2025-10-18T05:00:00+05:30
WS-001794,/campus-map,Water Points,projector,30,0,2025-10-18T09:00:00+05:30
WS-001795,/campus-map,A2/2,lab,24,0,2025-10-18T06:00:00+05:30
WS-001796,/report,Administration Block,lab,31,0,2025-10-18T04:00:00+05:30
WS-001797,/help,H4 Boys Hostel,wifi,67,0,2025-10-18T08:00:00+05:30
WS-001798,/explore,Cafeteria / Canteen,water,13,0,2025-10-18T06:00:00+05:30
WS-001799,/report,Aryabhatt Bhawan II,projector,33,0,2025-10-18T11:00:00+05:30
WS-001800,/status,Main Gate,wifi,30,0,2025-10-18T10:00:00+05:30
WS-001801,/help,CL15,parking,20,0,2025-10-18T11:00:00+05:30
WS-001802,/help,Aryabhatt Bhawan II,wifi,38,0,2025-10-18T13:00:00+05:30
WS-001803,/campus-map,A2/1,water,18,0,2025-10-18T15:00:00+05:30
WS-001804,/campus-map,CL15,parking,34,0,2025-10-18T13:00:00+05:30
WS-001805,/explore,Sports Complex,water,7,0,2025-10-18T16:00:00+05:30
WS-001806,/status,A2/2,lab,27,0,2025-10-18T14:00:00+05:30
WS-001807,/status,H4 Boys Hostel,parking,37,0,2025-10-18T15:00:00+05:30
WS-001808,/report,Cafeteria / Canteen,projector,35,0,2025-10-18T17:00:00+05:30
WS-001809,/report,CL1,water,10,0,2025-10-18T23:00:00+05:30
WS-001810,/status,Annapurna / Main Mess,lab,85,0,2025-10-18T18:00:00+05:30
WS-001811,/report,Annapurna / Main Mess,projector,10,0,2025-10-19T01:00:00+05:30
WS-001812,/report,Washrooms,lab,36,0,2025-10-19T03:00:00+05:30
WS-001813,/campus-map,Auditorium,parking,63,0,2025-10-19T02:00:00+05:30
WS-001814,/campus-map,CL22,lab,15,0,2025-10-19T00:00:00+05:30
WS-001815,/help,Water Points,lab,39,0,2025-10-19T06:00:00+05:30
WS-001816,/explore,A2/2,lab,51,0,2025-10-19T05:00:00+05:30
WS-001817,/explore,Aryabhatt Bhawan III,queue,93,0,2025-10-19T02:00:00+05:30
WS-001818,/help,CL15,wifi,53,0,2025-10-19T06:00:00+05:30
WS-001819,/explore,Girls Hostel,cleaning,51,1,2025-10-19T09:00:00+05:30
WS-001820,/help,Administration Block,water,63,1,2025-10-19T08:00:00+05:30
WS-001821,/help,CL22,lab,14,1,2025-10-19T08:00:00+05:30
WS-001822,/help,ECE Labs,water,95,0,2025-10-19T07:00:00+05:30
WS-001823,/status,Auditorium,wifi,14,0,2025-10-19T07:00:00+05:30
WS-001824,/report,Aryabhatt Bhawan III,queue,23,1,2025-10-19T15:00:00+05:30
WS-001825,/campus-map,CL1,water,44,0,2025-10-19T10:00:00+05:30
WS-001826,/explore,A2/2,lab,46,0,2025-10-19T12:00:00+05:30
WS-001827,/campus-map,Washrooms,queue,12,1,2025-10-19T14:00:00+05:30
WS-001828,/campus-map,Aryabhatt Bhawan II,projector,74,0,2025-10-19T13:00:00+05:30
WS-001829,/campus-map,Sports Complex,queue,32,0,2025-10-19T19:00:00+05:30
WS-001830,/campus-map,Aryabhatt Bhawan II,projector,36,0,2025-10-19T17:00:00+05:30
WS-001831,/explore,CL1,queue,58,0,2025-10-19T21:00:00+05:30
WS-001832,/help,Washrooms,wifi,57,0,2025-10-19T22:00:00+05:30
WS-001833,/help,A2/1,lab,14,0,2025-10-19T20:00:00+05:30
WS-001834,/help,Parking,parking,4,1,2025-10-19T19:00:00+05:30
WS-001835,/explore,Cafeteria / Canteen,cleaning,46,0,2025-10-19T22:00:00+05:30
WS-001836,/report,Water Points,water,40,0,2025-10-20T02:00:00+05:30
WS-001837,/campus-map,Parking,cleaning,47,0,2025-10-19T22:00:00+05:30
WS-001838,/campus-map,Main Gate,lab,21,0,2025-10-19T23:00:00+05:30
WS-001839,/explore,A2/1,queue,18,0,2025-10-20T05:00:00+05:30
WS-001840,/explore,Parking,cleaning,27,0,2025-10-20T02:00:00+05:30
WS-001841,/report,H4 Boys Hostel,projector,29,0,2025-10-20T06:00:00+05:30
WS-001842,/report,CL15,queue,49,0,2025-10-20T05:00:00+05:30
WS-001843,/campus-map,A2/2,water,29,0,2025-10-20T08:00:00+05:30
WS-001844,/status,Parking,queue,60,0,2025-10-20T09:00:00+05:30
WS-001845,/campus-map,Aryabhatt Bhawan III,cleaning,64,0,2025-10-20T08:00:00+05:30
WS-001846,/help,Sports Complex,water,14,0,2025-10-20T09:00:00+05:30
WS-001847,/campus-map,CL15,projector,15,0,2025-10-20T13:00:00+05:30
WS-001848,/status,Sports Complex,water,3,1,2025-10-20T09:00:00+05:30
WS-001849,/explore,Sports Complex,lab,25,1,2025-10-20T12:00:00+05:30
WS-001850,/report,Water Points,wifi,68,0,2025-10-20T11:00:00+05:30
WS-001851,/report,Parking,parking,36,1,2025-10-20T16:00:00+05:30
WS-001852,/status,Cafeteria / Canteen,cleaning,46,0,2025-10-20T18:00:00+05:30
WS-001853,/campus-map,Aryabhatt Bhawan II,water,56,1,2025-10-20T20:00:00+05:30
WS-001854,/campus-map,Aryabhatt Bhawan III,water,57,0,2025-10-20T19:00:00+05:30
WS-001855,/explore,Washrooms,water,48,0,2025-10-20T20:00:00+05:30
WS-001856,/help,CL1,lab,89,0,2025-10-20T18:00:00+05:30
WS-001857,/status,Girls Hostel,wifi,48,0,2025-10-20T20:00:00+05:30
WS-001858,/explore,H5 Boys Hostel,water,73,1,2025-10-20T23:00:00+05:30
WS-001859,/status,H5 Boys Hostel,queue,93,0,2025-10-20T22:00:00+05:30
WS-001860,/campus-map,Auditorium,parking,12,0,2025-10-21T01:00:00+05:30
WS-001861,/status,Parking,water,90,0,2025-10-20T21:00:00+05:30
WS-001862,/explore,A2/1,cleaning,51,0,2025-10-21T05:00:00+05:30
WS-001863,/status,H5 Boys Hostel,queue,23,0,2025-10-21T04:00:00+05:30
WS-001864,/report,Main Gate,parking,104,0,2025-10-21T07:00:00+05:30
WS-001865,/explore,LRC,water,23,0,2025-10-21T02:00:00+05:30
WS-001866,/campus-map,Auditorium,lab,45,0,2025-10-21T05:00:00+05:30
WS-001867,/explore,H4 Boys Hostel,parking,83,0,2025-10-21T06:00:00+05:30
WS-001868,/campus-map,Aryabhatt Bhawan II,projector,24,0,2025-10-21T11:00:00+05:30
WS-001869,/report,Annapurna / Main Mess,projector,33,0,2025-10-21T08:00:00+05:30
WS-001870,/help,A2/1,queue,85,0,2025-10-21T11:00:00+05:30
WS-001871,/help,Aryabhatt Bhawan II,wifi,33,0,2025-10-21T09:00:00+05:30
WS-001872,/help,A2/1,parking,34,0,2025-10-21T10:00:00+05:30
WS-001873,/report,CL15,cleaning,11,0,2025-10-21T13:00:00+05:30
WS-001874,/campus-map,LRC,lab,30,0,2025-10-21T11:00:00+05:30
WS-001875,/campus-map,H5 Boys Hostel,queue,51,1,2025-10-21T13:00:00+05:30
WS-001876,/campus-map,Cafeteria / Canteen,parking,41,0,2025-10-21T15:00:00+05:30
WS-001877,/help,Annapurna / Main Mess,water,113,1,2025-10-21T19:00:00+05:30
WS-001878,/campus-map,Washrooms,parking,17,0,2025-10-21T17:00:00+05:30
WS-001879,/campus-map,H5 Boys Hostel,projector,18,0,2025-10-21T16:00:00+05:30
WS-001880,/explore,Parking,water,11,0,2025-10-21T16:00:00+05:30
WS-001881,/status,H5 Boys Hostel,projector,31,0,2025-10-21T22:00:00+05:30
WS-001882,/status,A2/2,wifi,56,1,2025-10-21T20:00:00+05:30
WS-001883,/status,LRC,projector,32,0,2025-10-21T19:00:00+05:30
WS-001884,/campus-map,Aryabhatt Bhawan II,projector,123,0,2025-10-21T23:00:00+05:30
WS-001885,/campus-map,LRC,water,25,0,2025-10-21T21:00:00+05:30
WS-001886,/status,Washrooms,projector,27,0,2025-10-22T00:00:00+05:30
WS-001887,/report,Cafeteria / Canteen,water,24,0,2025-10-22T01:00:00+05:30
WS-001888,/status,Main Gate,cleaning,98,0,2025-10-22T01:00:00+05:30
WS-001889,/status,Girls Hostel,water,16,0,2025-10-22T03:00:00+05:30
WS-001890,/explore,Aryabhatt Bhawan II,wifi,17,0,2025-10-22T08:00:00+05:30
WS-001891,/campus-map,ECE Labs,projector,9,0,2025-10-22T09:00:00+05:30
WS-001892,/campus-map,Cafeteria / Canteen,water,20,0,2025-10-22T05:00:00+05:30
WS-001893,/explore,Annapurna / Main Mess,queue,21,0,2025-10-22T05:00:00+05:30
WS-001894,/campus-map,LRC,cleaning,16,0,2025-10-22T10:00:00+05:30
WS-001895,/report,Annapurna / Main Mess,projector,3,0,2025-10-22T10:00:00+05:30
WS-001896,/explore,A2/1,projector,41,0,2025-10-22T10:00:00+05:30
WS-001897,/status,CL1,cleaning,29,1,2025-10-22T10:00:00+05:30
WS-001898,/campus-map,CL3,parking,15,0,2025-10-22T16:00:00+05:30
WS-001899,/report,Main Gate,projector,30,0,2025-10-22T13:00:00+05:30
WS-001900,/help,Sports Complex,cleaning,51,0,2025-10-22T18:00:00+05:30
WS-001901,/campus-map,A2/1,lab,28,0,2025-10-22T15:00:00+05:30
WS-001902,/status,ECE Labs,water,42,1,2025-10-22T20:00:00+05:30
WS-001903,/status,H4 Boys Hostel,water,68,0,2025-10-22T21:00:00+05:30
WS-001904,/campus-map,H4 Boys Hostel,lab,61,0,2025-10-22T17:00:00+05:30
WS-001905,/report,Aryabhatt Bhawan II,queue,66,1,2025-10-22T17:00:00+05:30
WS-001906,/explore,Parking,queue,30,0,2025-10-22T20:00:00+05:30
WS-001907,/report,A2/2,queue,32,1,2025-10-22T20:00:00+05:30
WS-001908,/report,Aryabhatt Bhawan III,cleaning,24,1,2025-10-22T23:00:00+05:30
WS-001909,/report,A2/1,wifi,24,1,2025-10-23T02:00:00+05:30
WS-001910,/campus-map,Water Points,projector,62,0,2025-10-23T00:00:00+05:30
WS-001911,/campus-map,Sports Complex,cleaning,51,0,2025-10-23T00:00:00+05:30
WS-001912,/explore,LRC,water,21,0,2025-10-23T01:00:00+05:30
WS-001913,/status,Annapurna / Main Mess,queue,54,0,2025-10-23T02:00:00+05:30
WS-001914,/campus-map,Auditorium,queue,17,0,2025-10-23T06:00:00+05:30
WS-001915,/help,Parking,water,57,0,2025-10-23T05:00:00+05:30
WS-001916,/campus-map,A2/2,cleaning,11,0,2025-10-23T08:00:00+05:30
WS-001917,/explore,A2/2,water,41,0,2025-10-23T05:00:00+05:30
WS-001918,/help,ECE Labs,projector,117,0,2025-10-23T09:00:00+05:30
WS-001919,/report,LRC,parking,70,0,2025-10-23T12:00:00+05:30
WS-001920,/report,H4 Boys Hostel,water,48,1,2025-10-23T14:00:00+05:30
WS-001921,/explore,CL1,cleaning,68,1,2025-10-23T14:00:00+05:30
WS-001922,/explore,Washrooms,projector,36,0,2025-10-23T14:00:00+05:30
WS-001923,/explore,Aryabhatt Bhawan II,projector,30,0,2025-10-23T18:00:00+05:30
WS-001924,/report,H5 Boys Hostel,cleaning,47,0,2025-10-23T14:00:00+05:30
WS-001925,/explore,CL22,water,50,0,2025-10-23T16:00:00+05:30
WS-001926,/help,A2/1,queue,64,0,2025-10-23T14:00:00+05:30
WS-001927,/status,Aryabhatt Bhawan II,wifi,31,0,2025-10-23T21:00:00+05:30
WS-001928,/report,LRC,wifi,55,1,2025-10-23T16:00:00+05:30
WS-001929,/explore,A2/2,cleaning,26,1,2025-10-23T18:00:00+05:30
WS-001930,/campus-map,LRC,projector,9,1,2025-10-23T21:00:00+05:30
WS-001931,/explore,Annapurna / Main Mess,parking,26,0,2025-10-23T21:00:00+05:30
WS-001932,/explore,Administration Block,parking,121,0,2025-10-24T01:00:00+05:30
WS-001933,/campus-map,CL22,queue,65,1,2025-10-24T01:00:00+05:30
WS-001934,/status,CL3,cleaning,54,0,2025-10-24T03:00:00+05:30
WS-001935,/status,A2/1,parking,68,0,2025-10-24T06:00:00+05:30
WS-001936,/status,Annapurna / Main Mess,projector,49,0,2025-10-24T01:00:00+05:30
WS-001937,/help,LRC,water,30,1,2025-10-24T08:00:00+05:30
WS-001938,/help,CL1,wifi,21,0,2025-10-24T07:00:00+05:30
WS-001939,/explore,Sports Complex,projector,18,1,2025-10-24T05:00:00+05:30
WS-001940,/status,Aryabhatt Bhawan II,parking,14,0,2025-10-24T04:00:00+05:30
WS-001941,/help,Aryabhatt Bhawan III,wifi,139,0,2025-10-24T10:00:00+05:30
WS-001942,/help,Washrooms,cleaning,18,0,2025-10-24T11:00:00+05:30
WS-001943,/explore,Girls Hostel,wifi,33,0,2025-10-24T07:00:00+05:30
WS-001944,/campus-map,CL1,cleaning,41,0,2025-10-24T09:00:00+05:30
WS-001945,/status,A2/2,cleaning,53,0,2025-10-24T10:00:00+05:30
WS-001946,/help,H5 Boys Hostel,water,74,0,2025-10-24T14:00:00+05:30
WS-001947,/status,H4 Boys Hostel,wifi,31,1,2025-10-24T14:00:00+05:30
WS-001948,/report,H5 Boys Hostel,cleaning,36,0,2025-10-24T18:00:00+05:30
WS-001949,/explore,Aryabhatt Bhawan III,parking,13,1,2025-10-24T20:00:00+05:30
WS-001950,/help,Auditorium,water,14,0,2025-10-24T15:00:00+05:30
WS-001951,/help,Girls Hostel,wifi,5,1,2025-10-24T16:00:00+05:30
WS-001952,/report,H4 Boys Hostel,cleaning,4,0,2025-10-24T17:00:00+05:30
WS-001953,/help,Annapurna / Main Mess,parking,15,0,2025-10-24T20:00:00+05:30
WS-001954,/explore,Aryabhatt Bhawan II,queue,72,0,2025-10-24T18:00:00+05:30
WS-001955,/status,Cafeteria / Canteen,wifi,58,0,2025-10-25T00:00:00+05:30
WS-001956,/report,Girls Hostel,wifi,29,0,2025-10-25T01:00:00+05:30
WS-001957,/status,CL1,lab,14,0,2025-10-24T22:00:00+05:30
WS-001958,/help,Water Points,queue,38,1,2025-10-25T04:00:00+05:30
WS-001959,/status,Aryabhatt Bhawan III,parking,26,0,2025-10-25T02:00:00+05:30
WS-001960,/report,Aryabhatt Bhawan III,parking,42,0,2025-10-25T03:00:00+05:30
WS-001961,/campus-map,Aryabhatt Bhawan II,wifi,37,1,2025-10-25T08:00:00+05:30
WS-001962,/status,CL15,water,30,0,2025-10-25T09:00:00+05:30
WS-001963,/status,Administration Block,queue,48,1,2025-10-25T08:00:00+05:30
WS-001964,/status,Main Gate,wifi,13,0,2025-10-25T09:00:00+05:30
WS-001965,/explore,A2/2,projector,59,0,2025-10-25T09:00:00+05:30
WS-001966,/status,LRC,queue,129,1,2025-10-25T11:00:00+05:30
WS-001967,/explore,Aryabhatt Bhawan III,projector,10,0,2025-10-25T13:00:00+05:30
WS-001968,/report,Water Points,wifi,74,0,2025-10-25T10:00:00+05:30
WS-001969,/report,A2/2,queue,61,0,2025-10-25T09:00:00+05:30
WS-001970,/campus-map,Main Gate,queue,116,0,2025-10-25T10:00:00+05:30
WS-001971,/explore,Washrooms,parking,31,0,2025-10-25T14:00:00+05:30
WS-001972,/explore,Main Gate,queue,19,0,2025-10-25T15:00:00+05:30
WS-001973,/campus-map,ECE Labs,queue,57,0,2025-10-25T17:00:00+05:30
WS-001974,/explore,CL1,queue,36,1,2025-10-25T21:00:00+05:30
WS-001975,/report,Aryabhatt Bhawan III,parking,48,0,2025-10-25T21:00:00+05:30
WS-001976,/report,Aryabhatt Bhawan III,cleaning,39,0,2025-10-25T19:00:00+05:30
WS-001977,/report,Girls Hostel,wifi,9,0,2025-10-25T21:00:00+05:30
WS-001978,/help,Parking,water,75,1,2025-10-25T23:00:00+05:30
WS-001979,/help,Girls Hostel,cleaning,31,0,2025-10-25T21:00:00+05:30
WS-001980,/help,H4 Boys Hostel,wifi,47,0,2025-10-25T22:00:00+05:30
WS-001981,/campus-map,Auditorium,parking,28,0,2025-10-25T21:00:00+05:30
WS-001982,/campus-map,Annapurna / Main Mess,queue,14,0,2025-10-25T22:00:00+05:30
WS-001983,/status,Aryabhatt Bhawan III,projector,16,0,2025-10-26T03:00:00+05:30
WS-001984,/status,H5 Boys Hostel,wifi,49,0,2025-10-26T02:00:00+05:30
WS-001985,/campus-map,CL1,water,8,0,2025-10-26T02:00:00+05:30
WS-001986,/status,A2/1,lab,9,1,2025-10-26T05:00:00+05:30
WS-001987,/help,CL3,queue,12,0,2025-10-26T10:00:00+05:30
WS-001988,/help,Annapurna / Main Mess,cleaning,46,0,2025-10-26T04:00:00+05:30
WS-001989,/explore,Girls Hostel,queue,21,0,2025-10-26T10:00:00+05:30
WS-001990,/status,A2/1,wifi,48,0,2025-10-26T08:00:00+05:30
WS-001991,/report,A2/1,projector,37,0,2025-10-26T10:00:00+05:30
WS-001992,/help,Aryabhatt Bhawan III,lab,37,0,2025-10-26T14:00:00+05:30
WS-001993,/status,H4 Boys Hostel,projector,27,1,2025-10-26T15:00:00+05:30
WS-001994,/report,LRC,water,127,0,2025-10-26T16:00:00+05:30
WS-001995,/help,Aryabhatt Bhawan II,queue,19,0,2025-10-26T14:00:00+05:30
WS-001996,/status,Washrooms,parking,22,0,2025-10-26T13:00:00+05:30
WS-001997,/help,CL15,queue,24,0,2025-10-26T16:00:00+05:30
WS-001998,/report,Sports Complex,water,51,0,2025-10-26T20:00:00+05:30
WS-001999,/explore,Girls Hostel,water,42,0,2025-10-26T15:00:00+05:30
WS-002000,/help,CL22,projector,38,0,2025-10-26T22:00:00+05:30
WS-002001,/explore,Water Points,queue,116,1,2025-10-26T23:00:00+05:30
WS-002002,/status,Aryabhatt Bhawan II,wifi,4,0,2025-10-26T18:00:00+05:30
WS-002003,/report,CL1,water,13,0,2025-10-27T01:00:00+05:30
WS-002004,/status,Main Gate,projector,22,0,2025-10-26T20:00:00+05:30
WS-002005,/report,CL3,projector,100,1,2025-10-27T04:00:00+05:30
WS-002006,/report,Cafeteria / Canteen,parking,22,0,2025-10-27T04:00:00+05:30
WS-002007,/report,H5 Boys Hostel,lab,83,0,2025-10-27T01:00:00+05:30
WS-002008,/campus-map,Aryabhatt Bhawan II,lab,58,0,2025-10-27T01:00:00+05:30
WS-002009,/campus-map,Aryabhatt Bhawan III,queue,37,0,2025-10-27T05:00:00+05:30
WS-002010,/campus-map,A2/1,projector,56,0,2025-10-27T06:00:00+05:30
WS-002011,/explore,A2/2,queue,56,0,2025-10-27T06:00:00+05:30
WS-002012,/help,Auditorium,lab,11,0,2025-10-27T06:00:00+05:30
WS-002013,/explore,A2/2,wifi,34,0,2025-10-27T07:00:00+05:30
WS-002014,/report,CL22,water,83,0,2025-10-27T11:00:00+05:30
WS-002015,/explore,H4 Boys Hostel,projector,38,0,2025-10-27T09:00:00+05:30
WS-002016,/report,Parking,cleaning,68,0,2025-10-27T10:00:00+05:30
WS-002017,/report,A2/2,queue,38,0,2025-10-27T16:00:00+05:30
WS-002018,/status,A2/1,projector,33,0,2025-10-27T16:00:00+05:30
WS-002019,/report,A2/2,projector,20,0,2025-10-27T17:00:00+05:30
WS-002020,/help,Administration Block,cleaning,44,1,2025-10-27T13:00:00+05:30
WS-002021,/explore,Aryabhatt Bhawan III,lab,37,0,2025-10-27T13:00:00+05:30
WS-002022,/report,CL3,cleaning,18,0,2025-10-27T21:00:00+05:30
WS-002023,/help,Aryabhatt Bhawan III,projector,32,0,2025-10-27T17:00:00+05:30
WS-002024,/status,Auditorium,water,7,1,2025-10-27T19:00:00+05:30
WS-002025,/explore,CL15,projector,33,0,2025-10-27T19:00:00+05:30
WS-002026,/explore,A2/2,projector,54,0,2025-10-27T18:00:00+05:30
WS-002027,/help,Auditorium,cleaning,19,0,2025-10-27T19:00:00+05:30
WS-002028,/report,Girls Hostel,parking,60,0,2025-10-28T01:00:00+05:30
WS-002029,/help,Aryabhatt Bhawan II,queue,82,0,2025-10-28T03:00:00+05:30
WS-002030,/help,A2/2,cleaning,64,0,2025-10-28T03:00:00+05:30
WS-002031,/campus-map,Aryabhatt Bhawan III,queue,27,0,2025-10-28T06:00:00+05:30
WS-002032,/campus-map,Aryabhatt Bhawan II,queue,35,1,2025-10-28T05:00:00+05:30
WS-002033,/status,A2/2,wifi,72,0,2025-10-28T01:00:00+05:30
WS-002034,/report,H4 Boys Hostel,lab,33,0,2025-10-28T08:00:00+05:30
WS-002035,/status,Auditorium,lab,41,0,2025-10-28T08:00:00+05:30
WS-002036,/report,A2/2,wifi,52,0,2025-10-28T08:00:00+05:30
WS-002037,/campus-map,CL3,projector,56,0,2025-10-28T07:00:00+05:30
WS-002038,/explore,H4 Boys Hostel,lab,30,0,2025-10-28T06:00:00+05:30
WS-002039,/report,CL3,wifi,80,0,2025-10-28T07:00:00+05:30
WS-002040,/report,Cafeteria / Canteen,parking,26,0,2025-10-28T14:00:00+05:30
WS-002041,/status,CL22,water,123,0,2025-10-28T14:00:00+05:30
WS-002042,/help,H4 Boys Hostel,water,23,1,2025-10-28T12:00:00+05:30
WS-002043,/report,A2/1,parking,51,0,2025-10-28T13:00:00+05:30
WS-002044,/explore,Auditorium,parking,32,0,2025-10-28T18:00:00+05:30
WS-002045,/explore,Aryabhatt Bhawan II,parking,48,0,2025-10-28T19:00:00+05:30
WS-002046,/help,Cafeteria / Canteen,lab,46,0,2025-10-28T14:00:00+05:30
WS-002047,/explore,ECE Labs,projector,11,0,2025-10-28T15:00:00+05:30
WS-002048,/report,A2/1,wifi,109,1,2025-10-28T21:00:00+05:30
WS-002049,/report,LRC,cleaning,22,0,2025-10-28T19:00:00+05:30
WS-002050,/report,Auditorium,water,35,1,2025-10-28T23:00:00+05:30
WS-002051,/report,A2/1,cleaning,30,0,2025-10-29T01:00:00+05:30
WS-002052,/status,ECE Labs,water,45,0,2025-10-29T01:00:00+05:30
WS-002053,/help,Auditorium,wifi,121,0,2025-10-29T03:00:00+05:30
WS-002054,/explore,Cafeteria / Canteen,cleaning,47,0,2025-10-28T23:00:00+05:30
WS-002055,/campus-map,Sports Complex,cleaning,111,0,2025-10-29T02:00:00+05:30
WS-002056,/status,H5 Boys Hostel,projector,42,0,2025-10-29T05:00:00+05:30
WS-002057,/explore,Aryabhatt Bhawan III,water,33,0,2025-10-29T06:00:00+05:30
WS-002058,/status,Main Gate,queue,28,0,2025-10-29T08:00:00+05:30
WS-002059,/status,Water Points,water,29,0,2025-10-29T07:00:00+05:30
WS-002060,/help,Aryabhatt Bhawan II,lab,31,1,2025-10-29T10:00:00+05:30
WS-002061,/status,Annapurna / Main Mess,parking,30,0,2025-10-29T10:00:00+05:30
WS-002062,/status,Administration Block,queue,47,0,2025-10-29T08:00:00+05:30
WS-002063,/explore,Girls Hostel,parking,57,1,2025-10-29T11:00:00+05:30
WS-002064,/report,CL15,wifi,54,1,2025-10-29T12:00:00+05:30
WS-002065,/campus-map,Parking,parking,27,0,2025-10-29T11:00:00+05:30
WS-002066,/report,Aryabhatt Bhawan II,projector,44,0,2025-10-29T14:00:00+05:30
WS-002067,/help,A2/1,water,17,0,2025-10-29T12:00:00+05:30
WS-002068,/campus-map,A2/1,water,15,0,2025-10-29T14:00:00+05:30
WS-002069,/status,CL1,lab,24,0,2025-10-29T19:00:00+05:30
WS-002070,/status,CL3,lab,33,0,2025-10-29T17:00:00+05:30
WS-002071,/help,Main Gate,lab,10,1,2025-10-29T17:00:00+05:30
WS-002072,/explore,H4 Boys Hostel,lab,36,0,2025-10-29T21:00:00+05:30
WS-002073,/report,Aryabhatt Bhawan III,water,32,1,2025-10-29T20:00:00+05:30
WS-002074,/help,Annapurna / Main Mess,lab,28,0,2025-10-30T00:00:00+05:30
WS-002075,/explore,Parking,parking,19,0,2025-10-29T19:00:00+05:30
WS-002076,/status,H5 Boys Hostel,water,54,0,2025-10-30T03:00:00+05:30
WS-002077,/status,A2/1,queue,44,0,2025-10-30T04:00:00+05:30
WS-002078,/explore,Sports Complex,queue,41,0,2025-10-30T05:00:00+05:30
WS-002079,/report,Annapurna / Main Mess,cleaning,23,0,2025-10-30T03:00:00+05:30
WS-002080,/report,A2/2,wifi,19,0,2025-10-30T05:00:00+05:30
WS-002081,/campus-map,A2/2,water,41,0,2025-10-30T08:00:00+05:30
WS-002082,/report,Girls Hostel,parking,29,0,2025-10-30T08:00:00+05:30
WS-002083,/report,A2/2,parking,49,0,2025-10-30T03:00:00+05:30
WS-002084,/status,LRC,queue,14,0,2025-10-30T10:00:00+05:30
WS-002085,/campus-map,A2/1,wifi,119,0,2025-10-30T05:00:00+05:30
WS-002086,/help,Sports Complex,queue,35,0,2025-10-30T08:00:00+05:30
WS-002087,/report,Girls Hostel,water,10,0,2025-10-30T09:00:00+05:30
WS-002088,/report,H5 Boys Hostel,wifi,80,0,2025-10-30T14:00:00+05:30
WS-002089,/campus-map,Administration Block,projector,16,0,2025-10-30T11:00:00+05:30
WS-002090,/help,CL1,parking,82,0,2025-10-30T16:00:00+05:30
WS-002091,/campus-map,Aryabhatt Bhawan III,water,68,0,2025-10-30T16:00:00+05:30
WS-002092,/report,Aryabhatt Bhawan III,cleaning,21,0,2025-10-30T16:00:00+05:30
WS-002093,/report,Sports Complex,wifi,32,1,2025-10-30T13:00:00+05:30
WS-002094,/report,H4 Boys Hostel,queue,62,0,2025-10-30T14:00:00+05:30
WS-002095,/help,LRC,cleaning,17,0,2025-10-30T21:00:00+05:30
WS-002096,/explore,Cafeteria / Canteen,queue,8,1,2025-10-30T16:00:00+05:30
WS-002097,/campus-map,Administration Block,wifi,51,1,2025-10-30T22:00:00+05:30
WS-002098,/status,Parking,cleaning,69,0,2025-10-30T21:00:00+05:30
WS-002099,/campus-map,Aryabhatt Bhawan III,lab,26,0,2025-10-30T23:00:00+05:30
WS-002100,/help,Parking,wifi,38,0,2025-10-30T21:00:00+05:30
WS-002101,/explore,Auditorium,wifi,157,0,2025-10-31T02:00:00+05:30
WS-002102,/help,Annapurna / Main Mess,lab,16,0,2025-10-31T01:00:00+05:30
WS-002103,/status,Auditorium,queue,105,0,2025-10-31T06:00:00+05:30
WS-002104,/explore,Aryabhatt Bhawan III,lab,36,0,2025-10-31T00:00:00+05:30
WS-002105,/report,Parking,parking,126,0,2025-10-31T05:00:00+05:30
WS-002106,/status,CL22,water,30,0,2025-10-31T04:00:00+05:30
WS-002107,/campus-map,Annapurna / Main Mess,water,81,1,2025-10-31T03:00:00+05:30
WS-002108,/campus-map,Water Points,water,66,0,2025-10-31T10:00:00+05:30
WS-002109,/campus-map,A2/2,cleaning,11,0,2025-10-31T08:00:00+05:30
WS-002110,/status,Water Points,cleaning,83,1,2025-10-31T07:00:00+05:30
WS-002111,/report,Water Points,cleaning,66,0,2025-10-31T13:00:00+05:30
WS-002112,/report,CL3,cleaning,58,0,2025-10-31T08:00:00+05:30
WS-002113,/report,Sports Complex,projector,23,0,2025-10-31T12:00:00+05:30
WS-002114,/explore,A2/1,wifi,37,0,2025-10-31T14:00:00+05:30
WS-002115,/help,CL22,cleaning,120,0,2025-10-31T17:00:00+05:30
WS-002116,/campus-map,Aryabhatt Bhawan III,water,57,0,2025-10-31T16:00:00+05:30
WS-002117,/explore,Sports Complex,cleaning,10,0,2025-10-31T13:00:00+05:30
WS-002118,/explore,Girls Hostel,cleaning,29,0,2025-10-31T21:00:00+05:30
WS-002119,/help,ECE Labs,water,99,0,2025-10-31T16:00:00+05:30
WS-002120,/help,H5 Boys Hostel,parking,88,0,2025-10-31T18:00:00+05:30
WS-002121,/help,H4 Boys Hostel,queue,37,1,2025-10-31T19:00:00+05:30
WS-002122,/report,A2/1,water,82,1,2025-11-01T01:00:00+05:30
WS-002123,/help,A2/2,water,66,1,2025-11-01T01:00:00+05:30
WS-002124,/report,LRC,queue,59,0,2025-11-01T00:00:00+05:30
WS-002125,/explore,Washrooms,wifi,9,0,2025-10-31T21:00:00+05:30
WS-002126,/explore,LRC,cleaning,6,0,2025-11-01T03:00:00+05:30
WS-002127,/report,CL1,cleaning,21,0,2025-11-01T05:00:00+05:30
WS-002128,/help,LRC,queue,38,0,2025-11-01T05:00:00+05:30
WS-002129,/help,Girls Hostel,lab,40,1,2025-11-01T04:00:00+05:30
WS-002130,/status,Parking,parking,6,0,2025-11-01T07:00:00+05:30
WS-002131,/help,ECE Labs,parking,51,0,2025-11-01T04:00:00+05:30
WS-002132,/status,Aryabhatt Bhawan II,wifi,18,0,2025-11-01T05:00:00+05:30
WS-002133,/help,H4 Boys Hostel,cleaning,12,1,2025-11-01T11:00:00+05:30
WS-002134,/report,CL15,water,57,0,2025-11-01T13:00:00+05:30
WS-002135,/help,H5 Boys Hostel,water,58,0,2025-11-01T09:00:00+05:30
WS-002136,/explore,Administration Block,queue,64,0,2025-11-01T11:00:00+05:30
WS-002137,/campus-map,CL3,parking,19,0,2025-11-01T12:00:00+05:30
WS-002138,/help,Parking,cleaning,51,0,2025-11-01T15:00:00+05:30
WS-002139,/explore,A2/1,lab,26,0,2025-11-01T15:00:00+05:30
WS-002140,/status,CL22,water,45,0,2025-11-01T13:00:00+05:30
WS-002141,/campus-map,H4 Boys Hostel,cleaning,105,0,2025-11-01T17:00:00+05:30
WS-002142,/status,Aryabhatt Bhawan II,projector,29,0,2025-11-01T18:00:00+05:30
WS-002143,/status,Aryabhatt Bhawan III,wifi,55,0,2025-11-01T17:00:00+05:30
WS-002144,/status,Administration Block,parking,42,0,2025-11-01T21:00:00+05:30
WS-002145,/explore,Parking,water,34,0,2025-11-01T17:00:00+05:30
WS-002146,/report,A2/2,parking,41,0,2025-11-01T21:00:00+05:30
WS-002147,/status,LRC,wifi,72,0,2025-11-02T00:00:00+05:30
WS-002148,/report,Administration Block,lab,74,0,2025-11-01T20:00:00+05:30
WS-002149,/status,Girls Hostel,parking,56,1,2025-11-02T01:00:00+05:30
WS-002150,/status,Annapurna / Main Mess,water,15,0,2025-11-02T02:00:00+05:30
WS-002151,/report,Cafeteria / Canteen,projector,39,0,2025-11-02T01:00:00+05:30
WS-002152,/campus-map,ECE Labs,queue,15,0,2025-11-02T01:00:00+05:30
WS-002153,/help,Water Points,parking,51,0,2025-11-02T01:00:00+05:30
WS-002154,/help,H4 Boys Hostel,projector,59,1,2025-11-02T06:00:00+05:30
WS-002155,/report,Main Gate,wifi,23,0,2025-11-02T06:00:00+05:30
WS-002156,/help,CL15,cleaning,49,0,2025-11-02T10:00:00+05:30
WS-002157,/explore,Auditorium,queue,54,0,2025-11-02T06:00:00+05:30
WS-002158,/report,CL15,wifi,6,0,2025-11-02T13:00:00+05:30
WS-002159,/help,H5 Boys Hostel,queue,29,0,2025-11-02T10:00:00+05:30
WS-002160,/help,A2/1,queue,28,0,2025-11-02T15:00:00+05:30
WS-002161,/explore,Aryabhatt Bhawan III,lab,27,0,2025-11-02T11:00:00+05:30
WS-002162,/campus-map,A2/1,lab,24,0,2025-11-02T15:00:00+05:30
WS-002163,/status,Aryabhatt Bhawan II,projector,57,0,2025-11-02T15:00:00+05:30
WS-002164,/status,Washrooms,lab,56,0,2025-11-02T12:00:00+05:30
WS-002165,/campus-map,A2/1,cleaning,134,0,2025-11-02T17:00:00+05:30
WS-002166,/status,ECE Labs,lab,24,0,2025-11-02T15:00:00+05:30
WS-002167,/status,A2/2,water,7,0,2025-11-02T21:00:00+05:30
WS-002168,/campus-map,ECE Labs,queue,87,0,2025-11-02T19:00:00+05:30
WS-002169,/status,A2/2,parking,37,1,2025-11-02T18:00:00+05:30
WS-002170,/help,H5 Boys Hostel,water,15,0,2025-11-02T19:00:00+05:30
WS-002171,/explore,Auditorium,lab,62,0,2025-11-03T01:00:00+05:30
WS-002172,/campus-map,Main Gate,wifi,26,0,2025-11-02T23:00:00+05:30
WS-002173,/campus-map,Girls Hostel,parking,39,0,2025-11-03T04:00:00+05:30
WS-002174,/report,A2/1,water,61,0,2025-11-03T04:00:00+05:30
WS-002175,/campus-map,CL3,projector,34,0,2025-11-03T05:00:00+05:30
WS-002176,/report,H4 Boys Hostel,wifi,83,0,2025-11-03T05:00:00+05:30
WS-002177,/campus-map,A2/1,lab,23,0,2025-11-03T05:00:00+05:30
WS-002178,/help,Main Gate,parking,55,0,2025-11-03T04:00:00+05:30
WS-002179,/report,A2/2,parking,33,0,2025-11-03T05:00:00+05:30
WS-002180,/explore,LRC,lab,62,0,2025-11-03T09:00:00+05:30
WS-002181,/report,Girls Hostel,wifi,185,1,2025-11-03T08:00:00+05:30
WS-002182,/explore,Annapurna / Main Mess,water,79,0,2025-11-03T12:00:00+05:30
WS-002183,/help,A2/1,water,36,0,2025-11-03T14:00:00+05:30
WS-002184,/help,A2/1,wifi,28,0,2025-11-03T08:00:00+05:30
WS-002185,/status,H4 Boys Hostel,parking,12,1,2025-11-03T12:00:00+05:30
WS-002186,/campus-map,Auditorium,water,45,0,2025-11-03T17:00:00+05:30
WS-002187,/status,CL22,wifi,77,0,2025-11-03T11:00:00+05:30
WS-002188,/campus-map,Cafeteria / Canteen,queue,13,0,2025-11-03T13:00:00+05:30
WS-002189,/help,Sports Complex,wifi,40,1,2025-11-03T19:00:00+05:30
WS-002190,/help,A2/1,wifi,35,1,2025-11-03T14:00:00+05:30
WS-002191,/campus-map,Parking,projector,40,0,2025-11-03T19:00:00+05:30
WS-002192,/explore,CL1,cleaning,78,0,2025-11-03T21:00:00+05:30
WS-002193,/explore,CL15,cleaning,18,0,2025-11-04T00:00:00+05:30
WS-002194,/report,Parking,wifi,49,0,2025-11-03T21:00:00+05:30
WS-002195,/help,Aryabhatt Bhawan II,water,30,0,2025-11-04T01:00:00+05:30
WS-002196,/help,CL1,projector,22,0,2025-11-03T23:00:00+05:30
WS-002197,/campus-map,Girls Hostel,parking,86,0,2025-11-04T03:00:00+05:30
WS-002198,/explore,Girls Hostel,queue,35,0,2025-11-04T02:00:00+05:30
WS-002199,/status,Auditorium,wifi,47,0,2025-11-04T03:00:00+05:30
WS-002200,/campus-map,Aryabhatt Bhawan III,queue,32,0,2025-11-04T00:00:00+05:30
WS-002201,/status,Annapurna / Main Mess,queue,144,0,2025-11-04T04:00:00+05:30
WS-002202,/help,Auditorium,water,165,1,2025-11-04T02:00:00+05:30
WS-002203,/explore,CL22,lab,28,0,2025-11-04T04:00:00+05:30
WS-002204,/campus-map,Washrooms,queue,41,0,2025-11-04T08:00:00+05:30
WS-002205,/report,H4 Boys Hostel,projector,67,1,2025-11-04T06:00:00+05:30
WS-002206,/report,Cafeteria / Canteen,water,15,0,2025-11-04T07:00:00+05:30
WS-002207,/explore,LRC,water,14,0,2025-11-04T08:00:00+05:30
WS-002208,/report,LRC,wifi,31,0,2025-11-04T10:00:00+05:30
WS-002209,/help,Water Points,parking,23,0,2025-11-04T15:00:00+05:30
WS-002210,/explore,H5 Boys Hostel,parking,23,0,2025-11-04T17:00:00+05:30
WS-002211,/status,CL3,queue,65,1,2025-11-04T15:00:00+05:30
WS-002212,/help,LRC,projector,81,1,2025-11-04T14:00:00+05:30
WS-002213,/explore,Annapurna / Main Mess,projector,31,1,2025-11-04T15:00:00+05:30
WS-002214,/explore,Main Gate,wifi,39,0,2025-11-04T16:00:00+05:30
WS-002215,/status,A2/2,queue,63,0,2025-11-04T18:00:00+05:30
WS-002216,/status,Auditorium,queue,81,0,2025-11-04T21:00:00+05:30
WS-002217,/report,Washrooms,cleaning,17,0,2025-11-04T20:00:00+05:30
WS-002218,/explore,CL22,water,11,0,2025-11-04T20:00:00+05:30
WS-002219,/campus-map,Aryabhatt Bhawan III,parking,19,0,2025-11-04T22:00:00+05:30
WS-002220,/report,Aryabhatt Bhawan III,cleaning,32,1,2025-11-04T22:00:00+05:30
WS-002221,/report,Sports Complex,parking,14,0,2025-11-04T23:00:00+05:30
WS-002222,/status,CL22,cleaning,25,0,2025-11-05T04:00:00+05:30
WS-002223,/campus-map,Washrooms,wifi,49,0,2025-11-04T23:00:00+05:30
WS-002224,/campus-map,Washrooms,queue,105,0,2025-11-05T07:00:00+05:30
WS-002225,/campus-map,Aryabhatt Bhawan II,water,39,1,2025-11-05T04:00:00+05:30
WS-002226,/campus-map,Washrooms,queue,59,1,2025-11-05T06:00:00+05:30
WS-002227,/status,Parking,lab,16,0,2025-11-05T10:00:00+05:30
WS-002228,/report,A2/1,cleaning,23,0,2025-11-05T09:00:00+05:30
WS-002229,/campus-map,ECE Labs,lab,61,0,2025-11-05T07:00:00+05:30
WS-002230,/campus-map,Washrooms,wifi,34,0,2025-11-05T08:00:00+05:30
WS-002231,/report,Aryabhatt Bhawan II,parking,26,1,2025-11-05T10:00:00+05:30
WS-002232,/campus-map,Main Gate,water,21,0,2025-11-05T09:00:00+05:30
WS-002233,/campus-map,Auditorium,lab,49,0,2025-11-05T11:00:00+05:30
WS-002234,/status,ECE Labs,cleaning,24,1,2025-11-05T17:00:00+05:30
WS-002235,/explore,A2/1,queue,16,0,2025-11-05T16:00:00+05:30
WS-002236,/report,Aryabhatt Bhawan III,projector,27,1,2025-11-05T16:00:00+05:30
WS-002237,/status,CL15,projector,52,1,2025-11-05T20:00:00+05:30
WS-002238,/explore,A2/2,cleaning,61,0,2025-11-05T19:00:00+05:30
WS-002239,/campus-map,Washrooms,cleaning,47,1,2025-11-05T19:00:00+05:30
WS-002240,/report,Main Gate,parking,37,0,2025-11-05T19:00:00+05:30
WS-002241,/help,H4 Boys Hostel,projector,33,0,2025-11-06T00:00:00+05:30
WS-002242,/explore,CL3,lab,55,0,2025-11-05T21:00:00+05:30
WS-002243,/status,A2/1,parking,18,0,2025-11-05T21:00:00+05:30
WS-002244,/explore,LRC,cleaning,83,1,2025-11-05T23:00:00+05:30
WS-002245,/help,Aryabhatt Bhawan II,projector,34,0,2025-11-06T01:00:00+05:30
WS-002246,/status,Annapurna / Main Mess,cleaning,29,0,2025-11-06T04:00:00+05:30
WS-002247,/status,H5 Boys Hostel,lab,96,0,2025-11-06T01:00:00+05:30
WS-002248,/explore,CL3,projector,25,0,2025-11-06T05:00:00+05:30
WS-002249,/explore,Main Gate,cleaning,91,0,2025-11-06T08:00:00+05:30
WS-002250,/report,Girls Hostel,queue,42,0,2025-11-06T07:00:00+05:30
WS-002251,/help,CL22,projector,55,0,2025-11-06T04:00:00+05:30
WS-002252,/explore,A2/1,wifi,19,0,2025-11-06T10:00:00+05:30
WS-002253,/status,Aryabhatt Bhawan III,projector,28,0,2025-11-06T12:00:00+05:30
WS-002254,/report,CL22,queue,24,0,2025-11-06T07:00:00+05:30
WS-002255,/help,Girls Hostel,cleaning,10,0,2025-11-06T12:00:00+05:30
WS-002256,/report,Parking,projector,32,0,2025-11-06T14:00:00+05:30
WS-002257,/report,Main Gate,parking,14,0,2025-11-06T09:00:00+05:30
WS-002258,/campus-map,LRC,lab,42,0,2025-11-06T17:00:00+05:30
WS-002259,/report,Cafeteria / Canteen,projector,74,0,2025-11-06T11:00:00+05:30
WS-002260,/explore,Aryabhatt Bhawan II,water,14,0,2025-11-06T15:00:00+05:30
WS-002261,/explore,Aryabhatt Bhawan III,queue,36,1,2025-11-06T18:00:00+05:30
WS-002262,/campus-map,A2/1,projector,25,0,2025-11-06T14:00:00+05:30
WS-002263,/report,CL15,cleaning,38,0,2025-11-06T22:00:00+05:30
WS-002264,/help,ECE Labs,parking,12,0,2025-11-06T18:00:00+05:30
WS-002265,/help,H5 Boys Hostel,projector,10,0,2025-11-07T00:00:00+05:30
WS-002266,/explore,H5 Boys Hostel,wifi,71,0,2025-11-07T00:00:00+05:30
WS-002267,/status,A2/2,queue,74,0,2025-11-06T22:00:00+05:30
WS-002268,/explore,Sports Complex,projector,92,0,2025-11-06T20:00:00+05:30
WS-002269,/status,Sports Complex,wifi,11,0,2025-11-07T00:00:00+05:30
WS-002270,/explore,A2/1,water,30,1,2025-11-06T22:00:00+05:30
WS-002271,/explore,Aryabhatt Bhawan II,parking,10,0,2025-11-07T01:00:00+05:30
WS-002272,/report,Main Gate,water,24,1,2025-11-07T05:00:00+05:30
WS-002273,/explore,Aryabhatt Bhawan III,projector,19,1,2025-11-07T07:00:00+05:30
WS-002274,/status,Aryabhatt Bhawan II,wifi,55,1,2025-11-07T03:00:00+05:30
WS-002275,/campus-map,Water Points,wifi,25,0,2025-11-07T09:00:00+05:30
WS-002276,/explore,Aryabhatt Bhawan II,queue,26,0,2025-11-07T09:00:00+05:30
WS-002277,/help,Aryabhatt Bhawan III,parking,44,0,2025-11-07T06:00:00+05:30
WS-002278,/report,Parking,cleaning,62,1,2025-11-07T06:00:00+05:30
WS-002279,/help,H5 Boys Hostel,cleaning,2,0,2025-11-07T08:00:00+05:30
WS-002280,/campus-map,LRC,queue,68,0,2025-11-07T09:00:00+05:30
WS-002281,/explore,Aryabhatt Bhawan III,projector,13,0,2025-11-07T09:00:00+05:30
WS-002282,/status,Sports Complex,cleaning,50,0,2025-11-07T14:00:00+05:30
WS-002283,/status,A2/2,queue,54,0,2025-11-07T15:00:00+05:30
WS-002284,/campus-map,A2/1,queue,30,0,2025-11-07T15:00:00+05:30
WS-002285,/explore,CL22,water,56,0,2025-11-07T18:00:00+05:30
WS-002286,/help,LRC,projector,22,0,2025-11-07T20:00:00+05:30
WS-002287,/report,Administration Block,water,22,0,2025-11-07T16:00:00+05:30
WS-002288,/campus-map,Water Points,lab,6,0,2025-11-07T19:00:00+05:30
WS-002289,/explore,Annapurna / Main Mess,parking,13,0,2025-11-08T00:00:00+05:30
WS-002290,/status,Auditorium,lab,35,0,2025-11-07T21:00:00+05:30
WS-002291,/status,Annapurna / Main Mess,queue,31,0,2025-11-07T23:00:00+05:30
WS-002292,/explore,A2/1,parking,61,0,2025-11-08T00:00:00+05:30
WS-002293,/explore,LRC,queue,76,1,2025-11-07T23:00:00+05:30
WS-002294,/help,Sports Complex,queue,95,1,2025-11-08T05:00:00+05:30
WS-002295,/status,Parking,wifi,35,1,2025-11-08T00:00:00+05:30
WS-002296,/status,A2/1,water,11,0,2025-11-08T04:00:00+05:30
WS-002297,/help,Sports Complex,water,23,1,2025-11-08T01:00:00+05:30
WS-002298,/explore,Annapurna / Main Mess,projector,38,0,2025-11-08T04:00:00+05:30
WS-002299,/explore,Administration Block,lab,23,0,2025-11-08T07:00:00+05:30
WS-002300,/report,CL15,lab,33,0,2025-11-08T04:00:00+05:30
WS-002301,/campus-map,A2/1,parking,56,1,2025-11-08T07:00:00+05:30
WS-002302,/campus-map,CL15,wifi,32,0,2025-11-08T09:00:00+05:30
WS-002303,/help,Annapurna / Main Mess,projector,106,1,2025-11-08T10:00:00+05:30
WS-002304,/report,Aryabhatt Bhawan II,cleaning,4,0,2025-11-08T11:00:00+05:30
WS-002305,/campus-map,A2/2,lab,35,0,2025-11-08T15:00:00+05:30
WS-002306,/campus-map,Aryabhatt Bhawan III,projector,20,0,2025-11-08T17:00:00+05:30
WS-002307,/status,Aryabhatt Bhawan III,cleaning,66,0,2025-11-08T17:00:00+05:30
WS-002308,/status,H5 Boys Hostel,parking,60,0,2025-11-08T16:00:00+05:30
WS-002309,/report,Administration Block,lab,23,0,2025-11-08T14:00:00+05:30
WS-002310,/help,Annapurna / Main Mess,water,19,0,2025-11-08T19:00:00+05:30
WS-002311,/campus-map,A2/1,cleaning,44,0,2025-11-08T16:00:00+05:30
WS-002312,/report,H4 Boys Hostel,water,33,0,2025-11-08T17:00:00+05:30
WS-002313,/campus-map,H4 Boys Hostel,cleaning,31,0,2025-11-08T17:00:00+05:30
WS-002314,/explore,Washrooms,cleaning,20,0,2025-11-08T18:00:00+05:30
WS-002315,/report,Aryabhatt Bhawan II,lab,49,0,2025-11-08T23:00:00+05:30
WS-002316,/help,ECE Labs,parking,39,0,2025-11-09T00:00:00+05:30
WS-002317,/explore,Auditorium,cleaning,18,0,2025-11-09T00:00:00+05:30
WS-002318,/campus-map,Aryabhatt Bhawan II,cleaning,52,0,2025-11-09T02:00:00+05:30
WS-002319,/status,LRC,water,45,0,2025-11-09T01:00:00+05:30
WS-002320,/explore,Cafeteria / Canteen,lab,102,0,2025-11-09T01:00:00+05:30
WS-002321,/help,H5 Boys Hostel,parking,35,1,2025-11-09T06:00:00+05:30
WS-002322,/campus-map,Aryabhatt Bhawan III,cleaning,16,0,2025-11-09T02:00:00+05:30
WS-002323,/help,Sports Complex,projector,29,0,2025-11-09T05:00:00+05:30
WS-002324,/help,A2/1,water,18,0,2025-11-09T10:00:00+05:30
WS-002325,/status,H5 Boys Hostel,parking,21,0,2025-11-09T08:00:00+05:30
WS-002326,/report,A2/1,wifi,78,0,2025-11-09T13:00:00+05:30
WS-002327,/report,A2/1,cleaning,11,1,2025-11-09T12:00:00+05:30
WS-002328,/explore,Aryabhatt Bhawan II,parking,11,0,2025-11-09T10:00:00+05:30
WS-002329,/explore,Water Points,parking,12,0,2025-11-09T11:00:00+05:30
WS-002330,/report,Aryabhatt Bhawan II,projector,79,0,2025-11-09T15:00:00+05:30
WS-002331,/explore,Annapurna / Main Mess,cleaning,24,0,2025-11-09T12:00:00+05:30
WS-002332,/report,CL3,queue,50,0,2025-11-09T14:00:00+05:30
WS-002333,/campus-map,H4 Boys Hostel,queue,10,0,2025-11-09T20:00:00+05:30
WS-002334,/report,A2/2,parking,32,0,2025-11-09T18:00:00+05:30
WS-002335,/campus-map,Main Gate,parking,57,0,2025-11-09T16:00:00+05:30
WS-002336,/status,H4 Boys Hostel,cleaning,10,0,2025-11-09T22:00:00+05:30
WS-002337,/campus-map,Sports Complex,water,19,0,2025-11-10T00:00:00+05:30
WS-002338,/help,H5 Boys Hostel,wifi,3,0,2025-11-09T22:00:00+05:30
WS-002339,/explore,Sports Complex,cleaning,34,0,2025-11-09T22:00:00+05:30
WS-002340,/campus-map,Parking,water,34,0,2025-11-09T21:00:00+05:30
WS-002341,/status,Aryabhatt Bhawan II,queue,24,0,2025-11-09T21:00:00+05:30
WS-002342,/report,Girls Hostel,cleaning,90,0,2025-11-10T03:00:00+05:30
WS-002343,/campus-map,Aryabhatt Bhawan II,projector,90,0,2025-11-10T02:00:00+05:30
WS-002344,/explore,Aryabhatt Bhawan III,water,99,0,2025-11-10T06:00:00+05:30
WS-002345,/report,H4 Boys Hostel,projector,21,0,2025-11-10T08:00:00+05:30
WS-002346,/help,CL22,queue,13,0,2025-11-10T04:00:00+05:30
WS-002347,/status,H5 Boys Hostel,cleaning,86,0,2025-11-10T03:00:00+05:30
WS-002348,/campus-map,Water Points,projector,24,0,2025-11-10T05:00:00+05:30
WS-002349,/status,Aryabhatt Bhawan III,wifi,46,0,2025-11-10T06:00:00+05:30
WS-002350,/campus-map,Administration Block,wifi,4,0,2025-11-10T12:00:00+05:30
WS-002351,/status,CL3,projector,72,0,2025-11-10T09:00:00+05:30
WS-002352,/explore,H4 Boys Hostel,water,22,0,2025-11-10T08:00:00+05:30
WS-002353,/help,Water Points,cleaning,32,0,2025-11-10T16:00:00+05:30
WS-002354,/report,Main Gate,water,59,0,2025-11-10T16:00:00+05:30
WS-002355,/report,CL15,queue,17,1,2025-11-10T11:00:00+05:30
WS-002356,/campus-map,Parking,water,58,0,2025-11-10T12:00:00+05:30
WS-002357,/status,CL15,lab,20,0,2025-11-10T20:00:00+05:30
WS-002358,/campus-map,Main Gate,lab,56,0,2025-11-10T15:00:00+05:30
WS-002359,/explore,Girls Hostel,parking,14,0,2025-11-10T22:00:00+05:30
WS-002360,/explore,H5 Boys Hostel,water,28,0,2025-11-10T18:00:00+05:30
WS-002361,/campus-map,LRC,queue,48,0,2025-11-10T22:00:00+05:30
WS-002362,/campus-map,Aryabhatt Bhawan II,water,79,0,2025-11-10T19:00:00+05:30
WS-002363,/explore,H5 Boys Hostel,projector,9,1,2025-11-10T22:00:00+05:30
WS-002364,/campus-map,A2/1,lab,48,0,2025-11-10T22:00:00+05:30
WS-002365,/help,Aryabhatt Bhawan II,water,26,0,2025-11-11T01:00:00+05:30
WS-002366,/campus-map,Auditorium,cleaning,53,0,2025-11-11T05:00:00+05:30
WS-002367,/report,ECE Labs,lab,33,0,2025-11-11T01:00:00+05:30
WS-002368,/report,Water Points,parking,38,0,2025-11-11T01:00:00+05:30
WS-002369,/report,Water Points,lab,131,1,2025-11-11T06:00:00+05:30
WS-002370,/explore,CL22,queue,16,0,2025-11-11T03:00:00+05:30
WS-002371,/campus-map,Parking,projector,15,0,2025-11-11T10:00:00+05:30
WS-002372,/status,Aryabhatt Bhawan II,queue,35,0,2025-11-11T10:00:00+05:30
WS-002373,/status,Aryabhatt Bhawan II,water,49,0,2025-11-11T05:00:00+05:30
WS-002374,/status,ECE Labs,wifi,22,0,2025-11-11T08:00:00+05:30
WS-002375,/campus-map,Auditorium,wifi,5,0,2025-11-11T13:00:00+05:30
WS-002376,/status,A2/1,lab,47,1,2025-11-11T11:00:00+05:30
WS-002377,/report,Sports Complex,water,30,0,2025-11-11T14:00:00+05:30
WS-002378,/help,H4 Boys Hostel,cleaning,11,0,2025-11-11T12:00:00+05:30
WS-002379,/status,Auditorium,wifi,31,0,2025-11-11T15:00:00+05:30
WS-002380,/report,H4 Boys Hostel,water,20,0,2025-11-11T14:00:00+05:30
WS-002381,/campus-map,CL15,wifi,36,0,2025-11-11T20:00:00+05:30
WS-002382,/help,Annapurna / Main Mess,queue,34,0,2025-11-11T20:00:00+05:30
WS-002383,/report,Parking,parking,66,0,2025-11-11T22:00:00+05:30
WS-002384,/explore,CL3,projector,36,0,2025-11-11T21:00:00+05:30
WS-002385,/help,H4 Boys Hostel,lab,19,1,2025-11-12T00:00:00+05:30
WS-002386,/help,Water Points,parking,90,0,2025-11-11T21:00:00+05:30
WS-002387,/status,Parking,wifi,19,0,2025-11-11T21:00:00+05:30
WS-002388,/explore,CL15,lab,39,0,2025-11-12T03:00:00+05:30
WS-002389,/explore,H4 Boys Hostel,projector,23,0,2025-11-12T01:00:00+05:30
WS-002390,/help,H5 Boys Hostel,cleaning,69,1,2025-11-11T22:00:00+05:30
WS-002391,/status,Cafeteria / Canteen,queue,46,0,2025-11-12T02:00:00+05:30
WS-002392,/report,Sports Complex,lab,47,0,2025-11-12T01:00:00+05:30
WS-002393,/campus-map,H5 Boys Hostel,queue,147,0,2025-11-12T07:00:00+05:30
WS-002394,/explore,CL1,wifi,27,0,2025-11-12T08:00:00+05:30
WS-002395,/explore,CL15,parking,38,0,2025-11-12T05:00:00+05:30
WS-002396,/status,Washrooms,water,52,0,2025-11-12T10:00:00+05:30
WS-002397,/help,Girls Hostel,parking,23,0,2025-11-12T10:00:00+05:30
WS-002398,/report,A2/2,water,48,0,2025-11-12T12:00:00+05:30
WS-002399,/help,A2/1,lab,30,0,2025-11-12T08:00:00+05:30
WS-002400,/help,Aryabhatt Bhawan II,wifi,76,0,2025-11-12T14:00:00+05:30
WS-002401,/report,Washrooms,queue,45,0,2025-11-12T10:00:00+05:30
WS-002402,/campus-map,A2/2,cleaning,81,0,2025-11-12T12:00:00+05:30
WS-002403,/status,CL15,wifi,40,0,2025-11-12T11:00:00+05:30
WS-002404,/campus-map,H5 Boys Hostel,projector,46,0,2025-11-12T17:00:00+05:30
WS-002405,/status,Annapurna / Main Mess,cleaning,10,0,2025-11-12T15:00:00+05:30
WS-002406,/report,Aryabhatt Bhawan II,lab,66,0,2025-11-12T21:00:00+05:30
WS-002407,/campus-map,Main Gate,water,27,0,2025-11-12T22:00:00+05:30
WS-002408,/status,A2/2,projector,86,0,2025-11-12T22:00:00+05:30
WS-002409,/report,CL3,water,13,0,2025-11-12T22:00:00+05:30
WS-002410,/status,H5 Boys Hostel,water,30,0,2025-11-12T20:00:00+05:30
WS-002411,/report,Aryabhatt Bhawan III,wifi,91,0,2025-11-12T22:00:00+05:30
WS-002412,/help,A2/1,lab,50,1,2025-11-13T01:00:00+05:30
WS-002413,/help,Girls Hostel,water,35,0,2025-11-13T02:00:00+05:30
WS-002414,/status,A2/1,lab,16,0,2025-11-13T03:00:00+05:30
WS-002415,/campus-map,Annapurna / Main Mess,projector,40,0,2025-11-13T03:00:00+05:30
WS-002416,/report,Washrooms,wifi,57,0,2025-11-13T01:00:00+05:30
WS-002417,/campus-map,Aryabhatt Bhawan II,parking,55,0,2025-11-13T06:00:00+05:30
WS-002418,/help,CL15,lab,18,0,2025-11-13T07:00:00+05:30
WS-002419,/help,Sports Complex,wifi,44,0,2025-11-13T04:00:00+05:30
WS-002420,/report,Administration Block,queue,29,1,2025-11-13T09:00:00+05:30
WS-002421,/campus-map,CL15,wifi,60,0,2025-11-13T07:00:00+05:30
WS-002422,/explore,Aryabhatt Bhawan II,water,66,0,2025-11-13T13:00:00+05:30
WS-002423,/status,Cafeteria / Canteen,wifi,67,1,2025-11-13T07:00:00+05:30
WS-002424,/help,Aryabhatt Bhawan II,water,46,0,2025-11-13T08:00:00+05:30
WS-002425,/explore,CL15,projector,37,0,2025-11-13T16:00:00+05:30
WS-002426,/help,Sports Complex,parking,58,0,2025-11-13T16:00:00+05:30
WS-002427,/status,CL22,projector,14,0,2025-11-13T11:00:00+05:30
WS-002428,/campus-map,A2/1,lab,15,1,2025-11-13T18:00:00+05:30
WS-002429,/report,Sports Complex,lab,35,0,2025-11-13T19:00:00+05:30
WS-002430,/explore,Main Gate,water,70,0,2025-11-13T21:00:00+05:30
WS-002431,/help,ECE Labs,lab,29,0,2025-11-13T21:00:00+05:30
WS-002432,/campus-map,A2/2,cleaning,49,0,2025-11-13T21:00:00+05:30
WS-002433,/help,H4 Boys Hostel,projector,48,0,2025-11-13T18:00:00+05:30
WS-002434,/explore,LRC,lab,41,0,2025-11-13T21:00:00+05:30
WS-002435,/status,Administration Block,lab,43,0,2025-11-14T01:00:00+05:30
WS-002436,/campus-map,Aryabhatt Bhawan III,wifi,59,0,2025-11-14T01:00:00+05:30
WS-002437,/report,Aryabhatt Bhawan III,lab,77,0,2025-11-13T23:00:00+05:30
WS-002438,/explore,A2/1,parking,76,0,2025-11-14T05:00:00+05:30
WS-002439,/status,Administration Block,cleaning,26,0,2025-11-14T01:00:00+05:30
WS-002440,/campus-map,Girls Hostel,water,7,0,2025-11-14T07:00:00+05:30
WS-002441,/report,H5 Boys Hostel,water,13,1,2025-11-14T01:00:00+05:30
WS-002442,/report,CL15,lab,23,0,2025-11-14T07:00:00+05:30
WS-002443,/status,Annapurna / Main Mess,lab,11,0,2025-11-14T07:00:00+05:30
WS-002444,/campus-map,Cafeteria / Canteen,water,32,0,2025-11-14T10:00:00+05:30
WS-002445,/status,Washrooms,queue,39,0,2025-11-14T11:00:00+05:30
WS-002446,/campus-map,H4 Boys Hostel,wifi,33,0,2025-11-14T11:00:00+05:30
WS-002447,/report,CL15,water,71,0,2025-11-14T13:00:00+05:30
WS-002448,/campus-map,Aryabhatt Bhawan III,queue,65,1,2025-11-14T08:00:00+05:30
WS-002449,/status,Sports Complex,wifi,43,1,2025-11-14T15:00:00+05:30
WS-002450,/help,CL15,water,53,0,2025-11-14T11:00:00+05:30
WS-002451,/report,Washrooms,queue,30,0,2025-11-14T18:00:00+05:30
WS-002452,/report,Girls Hostel,water,14,0,2025-11-14T18:00:00+05:30
WS-002453,/report,H5 Boys Hostel,queue,43,1,2025-11-14T17:00:00+05:30
WS-002454,/status,Sports Complex,wifi,56,0,2025-11-14T15:00:00+05:30
WS-002455,/status,Water Points,water,15,0,2025-11-14T20:00:00+05:30
WS-002456,/help,Washrooms,lab,48,1,2025-11-14T17:00:00+05:30
WS-002457,/explore,LRC,cleaning,49,0,2025-11-14T21:00:00+05:30
WS-002458,/explore,H4 Boys Hostel,cleaning,53,1,2025-11-14T18:00:00+05:30
WS-002459,/help,CL22,queue,20,1,2025-11-15T00:00:00+05:30
WS-002460,/explore,LRC,projector,37,0,2025-11-14T20:00:00+05:30
WS-002461,/report,Parking,projector,44,1,2025-11-14T23:00:00+05:30
WS-002462,/help,H4 Boys Hostel,lab,22,1,2025-11-14T22:00:00+05:30
WS-002463,/help,H4 Boys Hostel,projector,44,0,2025-11-15T01:00:00+05:30
WS-002464,/explore,Aryabhatt Bhawan III,projector,19,0,2025-11-15T00:00:00+05:30
WS-002465,/campus-map,CL1,wifi,39,0,2025-11-15T02:00:00+05:30
WS-002466,/status,Sports Complex,lab,18,0,2025-11-15T08:00:00+05:30
WS-002467,/status,ECE Labs,cleaning,45,0,2025-11-15T05:00:00+05:30
WS-002468,/report,Aryabhatt Bhawan II,lab,21,0,2025-11-15T05:00:00+05:30
WS-002469,/status,A2/1,lab,29,1,2025-11-15T07:00:00+05:30
WS-002470,/campus-map,Water Points,water,25,0,2025-11-15T12:00:00+05:30
WS-002471,/report,H4 Boys Hostel,wifi,140,0,2025-11-15T12:00:00+05:30
WS-002472,/status,CL1,water,72,0,2025-11-15T09:00:00+05:30
WS-002473,/status,Aryabhatt Bhawan III,cleaning,9,0,2025-11-15T10:00:00+05:30
WS-002474,/status,Annapurna / Main Mess,parking,18,0,2025-11-15T10:00:00+05:30
WS-002475,/help,H4 Boys Hostel,water,7,0,2025-11-15T18:00:00+05:30
WS-002476,/explore,A2/1,cleaning,43,0,2025-11-15T18:00:00+05:30
WS-002477,/explore,Aryabhatt Bhawan III,lab,33,0,2025-11-15T16:00:00+05:30
WS-002478,/campus-map,A2/2,cleaning,66,0,2025-11-15T18:00:00+05:30
WS-002479,/report,Sports Complex,wifi,65,1,2025-11-15T20:00:00+05:30
WS-002480,/help,A2/1,water,36,0,2025-11-15T19:00:00+05:30
WS-002481,/campus-map,Washrooms,projector,48,0,2025-11-15T21:00:00+05:30
WS-002482,/status,CL1,cleaning,42,0,2025-11-15T19:00:00+05:30
WS-002483,/explore,Auditorium,cleaning,21,1,2025-11-15T23:00:00+05:30
WS-002484,/explore,LRC,cleaning,6,1,2025-11-15T23:00:00+05:30
WS-002485,/report,CL1,cleaning,113,0,2025-11-16T00:00:00+05:30
WS-002486,/report,Auditorium,water,30,0,2025-11-16T00:00:00+05:30
WS-002487,/help,Auditorium,parking,8,0,2025-11-16T02:00:00+05:30
WS-002488,/report,Main Gate,queue,26,0,2025-11-16T02:00:00+05:30
WS-002489,/explore,Aryabhatt Bhawan III,queue,30,0,2025-11-16T02:00:00+05:30
WS-002490,/help,Aryabhatt Bhawan III,parking,26,0,2025-11-16T06:00:00+05:30
WS-002491,/explore,LRC,cleaning,22,0,2025-11-16T10:00:00+05:30
WS-002492,/report,Parking,wifi,30,0,2025-11-16T07:00:00+05:30
WS-002493,/help,Aryabhatt Bhawan II,lab,20,0,2025-11-16T12:00:00+05:30
WS-002494,/report,A2/1,lab,24,0,2025-11-16T10:00:00+05:30
WS-002495,/help,Administration Block,parking,35,0,2025-11-16T14:00:00+05:30
WS-002496,/help,Aryabhatt Bhawan II,water,27,0,2025-11-16T13:00:00+05:30
WS-002497,/status,Parking,parking,38,1,2025-11-16T14:00:00+05:30
WS-002498,/report,Aryabhatt Bhawan II,parking,20,0,2025-11-16T11:00:00+05:30
WS-002499,/help,CL22,wifi,46,0,2025-11-16T18:00:00+05:30
WS-002500,/status,LRC,lab,8,1,2025-11-16T15:00:00+05:30
WS-002501,/report,A2/1,water,42,0,2025-11-16T17:00:00+05:30
WS-002502,/help,Water Points,water,38,0,2025-11-16T18:00:00+05:30
WS-002503,/campus-map,LRC,parking,66,0,2025-11-16T21:00:00+05:30
WS-002504,/explore,A2/2,parking,29,0,2025-11-16T22:00:00+05:30
WS-002505,/campus-map,A2/2,queue,40,0,2025-11-17T00:00:00+05:30
WS-002506,/explore,A2/1,wifi,10,0,2025-11-16T22:00:00+05:30
WS-002507,/status,Parking,wifi,58,0,2025-11-16T20:00:00+05:30
WS-002508,/campus-map,H5 Boys Hostel,lab,41,0,2025-11-17T02:00:00+05:30
WS-002509,/help,Water Points,parking,44,0,2025-11-16T23:00:00+05:30
WS-002510,/report,H5 Boys Hostel,queue,60,0,2025-11-17T03:00:00+05:30
WS-002511,/explore,A2/2,parking,13,0,2025-11-17T02:00:00+05:30
WS-002512,/help,A2/1,cleaning,35,0,2025-11-17T05:00:00+05:30
WS-002513,/status,A2/2,projector,22,0,2025-11-17T06:00:00+05:30
WS-002514,/report,Sports Complex,lab,11,1,2025-11-17T09:00:00+05:30
WS-002515,/campus-map,Parking,parking,32,0,2025-11-17T09:00:00+05:30
WS-002516,/report,CL1,projector,166,0,2025-11-17T08:00:00+05:30
WS-002517,/campus-map,CL1,projector,49,0,2025-11-17T05:00:00+05:30
WS-002518,/status,CL3,projector,124,1,2025-11-17T08:00:00+05:30
WS-002519,/report,Parking,queue,41,0,2025-11-17T08:00:00+05:30
WS-002520,/campus-map,Main Gate,cleaning,17,0,2025-11-17T11:00:00+05:30
WS-002521,/status,Aryabhatt Bhawan III,queue,61,0,2025-11-17T16:00:00+05:30
WS-002522,/campus-map,A2/1,lab,116,0,2025-11-17T17:00:00+05:30
WS-002523,/campus-map,LRC,water,11,0,2025-11-17T16:00:00+05:30
WS-002524,/help,H4 Boys Hostel,lab,37,0,2025-11-17T18:00:00+05:30
WS-002525,/status,H5 Boys Hostel,wifi,17,0,2025-11-17T17:00:00+05:30
WS-002526,/help,CL3,lab,29,1,2025-11-17T18:00:00+05:30
WS-002527,/campus-map,Aryabhatt Bhawan II,parking,25,0,2025-11-17T15:00:00+05:30
WS-002528,/report,CL22,cleaning,130,0,2025-11-17T22:00:00+05:30
WS-002529,/campus-map,A2/2,queue,31,0,2025-11-18T00:00:00+05:30
WS-002530,/status,Aryabhatt Bhawan II,projector,45,0,2025-11-17T19:00:00+05:30
WS-002531,/status,LRC,queue,45,0,2025-11-18T02:00:00+05:30
WS-002532,/help,Cafeteria / Canteen,wifi,74,0,2025-11-17T23:00:00+05:30
WS-002533,/help,H5 Boys Hostel,cleaning,73,1,2025-11-18T03:00:00+05:30
WS-002534,/help,LRC,wifi,15,1,2025-11-18T05:00:00+05:30
WS-002535,/help,H4 Boys Hostel,water,57,0,2025-11-18T00:00:00+05:30
WS-002536,/report,H4 Boys Hostel,cleaning,9,0,2025-11-18T07:00:00+05:30
WS-002537,/status,Girls Hostel,parking,20,0,2025-11-18T05:00:00+05:30
WS-002538,/report,A2/2,wifi,25,1,2025-11-18T04:00:00+05:30
WS-002539,/report,Auditorium,cleaning,40,0,2025-11-18T10:00:00+05:30
WS-002540,/explore,H4 Boys Hostel,wifi,24,0,2025-11-18T09:00:00+05:30
WS-002541,/report,CL3,water,67,0,2025-11-18T09:00:00+05:30
WS-002542,/status,ECE Labs,parking,15,0,2025-11-18T06:00:00+05:30
WS-002543,/help,CL3,lab,15,0,2025-11-18T08:00:00+05:30
WS-002544,/help,Main Gate,projector,4,0,2025-11-18T12:00:00+05:30
WS-002545,/campus-map,Cafeteria / Canteen,cleaning,8,0,2025-11-18T09:00:00+05:30
WS-002546,/help,Sports Complex,cleaning,35,0,2025-11-18T11:00:00+05:30
WS-002547,/report,H4 Boys Hostel,wifi,69,0,2025-11-18T14:00:00+05:30
WS-002548,/explore,A2/2,cleaning,37,0,2025-11-18T15:00:00+05:30
WS-002549,/report,H4 Boys Hostel,lab,68,0,2025-11-18T18:00:00+05:30
WS-002550,/campus-map,CL3,projector,20,0,2025-11-18T15:00:00+05:30
WS-002551,/explore,CL15,water,7,0,2025-11-18T15:00:00+05:30
WS-002552,/explore,A2/2,water,38,0,2025-11-18T22:00:00+05:30
WS-002553,/explore,CL22,projector,34,1,2025-11-18T17:00:00+05:30
WS-002554,/report,Auditorium,queue,64,1,2025-11-18T18:00:00+05:30
WS-002555,/campus-map,Washrooms,wifi,17,0,2025-11-18T21:00:00+05:30
WS-002556,/report,Sports Complex,cleaning,11,0,2025-11-18T22:00:00+05:30
WS-002557,/status,H4 Boys Hostel,cleaning,71,1,2025-11-18T22:00:00+05:30
WS-002558,/report,A2/1,lab,38,0,2025-11-18T22:00:00+05:30
WS-002559,/campus-map,LRC,water,71,0,2025-11-19T06:00:00+05:30
WS-002560,/help,H5 Boys Hostel,water,82,0,2025-11-19T04:00:00+05:30
WS-002561,/campus-map,CL1,cleaning,7,0,2025-11-19T06:00:00+05:30
WS-002562,/status,H5 Boys Hostel,parking,37,0,2025-11-19T03:00:00+05:30
WS-002563,/status,A2/2,parking,50,0,2025-11-19T06:00:00+05:30
WS-002564,/help,Sports Complex,wifi,84,0,2025-11-19T04:00:00+05:30
WS-002565,/status,Administration Block,wifi,26,1,2025-11-19T08:00:00+05:30
WS-002566,/campus-map,Annapurna / Main Mess,wifi,28,0,2025-11-19T07:00:00+05:30
WS-002567,/explore,Administration Block,lab,84,0,2025-11-19T14:00:00+05:30
WS-002568,/status,Girls Hostel,queue,40,0,2025-11-19T11:00:00+05:30
WS-002569,/report,Administration Block,wifi,24,0,2025-11-19T11:00:00+05:30
WS-002570,/report,CL3,projector,23,1,2025-11-19T10:00:00+05:30
WS-002571,/report,CL3,queue,37,0,2025-11-19T14:00:00+05:30
WS-002572,/status,CL1,projector,69,1,2025-11-19T14:00:00+05:30
WS-002573,/status,Auditorium,water,67,0,2025-11-19T17:00:00+05:30
WS-002574,/campus-map,A2/1,water,95,0,2025-11-19T16:00:00+05:30
WS-002575,/report,A2/1,wifi,102,0,2025-11-19T20:00:00+05:30
WS-002576,/status,A2/1,queue,53,0,2025-11-19T22:00:00+05:30
WS-002577,/help,Aryabhatt Bhawan III,lab,27,0,2025-11-19T17:00:00+05:30
WS-002578,/explore,LRC,queue,87,0,2025-11-19T20:00:00+05:30
WS-002579,/report,A2/1,cleaning,79,0,2025-11-19T21:00:00+05:30
WS-002580,/report,Aryabhatt Bhawan II,queue,32,1,2025-11-20T03:00:00+05:30
WS-002581,/report,A2/1,projector,10,0,2025-11-20T00:00:00+05:30
WS-002582,/explore,A2/1,cleaning,17,0,2025-11-20T05:00:00+05:30
WS-002583,/report,LRC,lab,36,0,2025-11-20T01:00:00+05:30
WS-002584,/status,Annapurna / Main Mess,queue,96,0,2025-11-20T01:00:00+05:30
WS-002585,/help,H5 Boys Hostel,water,68,0,2025-11-20T08:00:00+05:30
WS-002586,/campus-map,A2/1,lab,24,0,2025-11-20T07:00:00+05:30
WS-002587,/help,Washrooms,water,66,1,2025-11-20T09:00:00+05:30
WS-002588,/status,A2/1,cleaning,20,0,2025-11-20T05:00:00+05:30
WS-002589,/campus-map,CL3,parking,19,1,2025-11-20T11:00:00+05:30
WS-002590,/help,Auditorium,lab,10,0,2025-11-20T08:00:00+05:30
WS-002591,/report,CL3,projector,80,0,2025-11-20T07:00:00+05:30
WS-002592,/help,Aryabhatt Bhawan III,lab,69,0,2025-11-20T12:00:00+05:30
WS-002593,/explore,Water Points,queue,15,0,2025-11-20T12:00:00+05:30
WS-002594,/explore,Girls Hostel,wifi,75,0,2025-11-20T10:00:00+05:30
WS-002595,/campus-map,H5 Boys Hostel,queue,40,0,2025-11-20T16:00:00+05:30
WS-002596,/explore,Aryabhatt Bhawan III,water,86,0,2025-11-20T13:00:00+05:30
WS-002597,/explore,A2/1,wifi,45,0,2025-11-20T20:00:00+05:30
WS-002598,/status,Sports Complex,parking,23,0,2025-11-20T15:00:00+05:30
WS-002599,/help,A2/1,queue,90,0,2025-11-20T19:00:00+05:30
WS-002600,/help,Girls Hostel,queue,27,0,2025-11-20T18:00:00+05:30
WS-002601,/status,LRC,queue,42,0,2025-11-21T00:00:00+05:30
WS-002602,/campus-map,A2/2,water,41,0,2025-11-20T21:00:00+05:30
WS-002603,/explore,CL15,wifi,47,0,2025-11-20T19:00:00+05:30
WS-002604,/status,Girls Hostel,water,19,1,2025-11-21T02:00:00+05:30
WS-002605,/status,Girls Hostel,queue,66,0,2025-11-20T22:00:00+05:30
WS-002606,/campus-map,Main Gate,queue,69,0,2025-11-21T04:00:00+05:30
WS-002607,/help,Sports Complex,projector,34,0,2025-11-20T23:00:00+05:30
WS-002608,/report,A2/1,queue,9,0,2025-11-21T03:00:00+05:30
WS-002609,/campus-map,CL15,projector,16,0,2025-11-21T08:00:00+05:30
WS-002610,/explore,A2/1,cleaning,39,1,2025-11-21T02:00:00+05:30
WS-002611,/help,Sports Complex,water,59,0,2025-11-21T10:00:00+05:30
WS-002612,/report,Annapurna / Main Mess,wifi,18,0,2025-11-21T09:00:00+05:30
WS-002613,/report,LRC,projector,42,0,2025-11-21T08:00:00+05:30
WS-002614,/status,A2/2,cleaning,54,0,2025-11-21T13:00:00+05:30
WS-002615,/help,Aryabhatt Bhawan III,projector,63,0,2025-11-21T09:00:00+05:30
WS-002616,/help,A2/2,queue,34,0,2025-11-21T08:00:00+05:30
WS-002617,/campus-map,Sports Complex,lab,14,1,2025-11-21T13:00:00+05:30
WS-002618,/campus-map,Aryabhatt Bhawan III,water,41,0,2025-11-21T16:00:00+05:30
WS-002619,/help,Washrooms,queue,38,0,2025-11-21T13:00:00+05:30
WS-002620,/campus-map,H4 Boys Hostel,water,2,0,2025-11-21T12:00:00+05:30
WS-002621,/report,Aryabhatt Bhawan II,parking,47,1,2025-11-21T14:00:00+05:30
WS-002622,/report,Cafeteria / Canteen,parking,40,0,2025-11-21T20:00:00+05:30
WS-002623,/status,Washrooms,water,40,0,2025-11-21T19:00:00+05:30
WS-002624,/help,ECE Labs,parking,39,0,2025-11-21T20:00:00+05:30
WS-002625,/status,A2/2,wifi,19,0,2025-11-21T20:00:00+05:30
WS-002626,/status,CL15,projector,29,0,2025-11-21T23:00:00+05:30
WS-002627,/report,LRC,lab,12,0,2025-11-22T01:00:00+05:30
WS-002628,/report,Water Points,water,41,1,2025-11-21T20:00:00+05:30
WS-002629,/explore,CL15,cleaning,48,0,2025-11-21T22:00:00+05:30
WS-002630,/explore,H5 Boys Hostel,cleaning,34,0,2025-11-22T02:00:00+05:30
WS-002631,/help,ECE Labs,projector,51,0,2025-11-22T06:00:00+05:30
WS-002632,/report,A2/2,wifi,24,0,2025-11-22T00:00:00+05:30
WS-002633,/explore,ECE Labs,cleaning,19,0,2025-11-22T03:00:00+05:30
WS-002634,/help,Main Gate,wifi,36,0,2025-11-22T02:00:00+05:30
WS-002635,/status,LRC,water,30,0,2025-11-22T09:00:00+05:30
WS-002636,/help,H4 Boys Hostel,lab,20,0,2025-11-22T07:00:00+05:30
WS-002637,/report,Aryabhatt Bhawan II,cleaning,72,0,2025-11-22T12:00:00+05:30
WS-002638,/campus-map,CL1,cleaning,31,0,2025-11-22T10:00:00+05:30
WS-002639,/help,CL15,parking,28,0,2025-11-22T09:00:00+05:30
WS-002640,/help,Main Gate,projector,93,0,2025-11-22T14:00:00+05:30
WS-002641,/campus-map,Water Points,water,18,0,2025-11-22T09:00:00+05:30
WS-002642,/help,Administration Block,parking,145,1,2025-11-22T17:00:00+05:30
WS-002643,/campus-map,Aryabhatt Bhawan II,cleaning,34,0,2025-11-22T11:00:00+05:30
WS-002644,/campus-map,CL1,projector,19,1,2025-11-22T16:00:00+05:30
WS-002645,/explore,Aryabhatt Bhawan II,cleaning,21,1,2025-11-22T19:00:00+05:30
WS-002646,/help,Parking,parking,43,0,2025-11-22T15:00:00+05:30
WS-002647,/status,Administration Block,queue,17,1,2025-11-22T18:00:00+05:30
WS-002648,/status,CL3,projector,44,0,2025-11-22T21:00:00+05:30
WS-002649,/campus-map,Main Gate,cleaning,7,0,2025-11-22T22:00:00+05:30
WS-002650,/campus-map,CL22,lab,24,0,2025-11-22T20:00:00+05:30
WS-002651,/help,Girls Hostel,queue,39,0,2025-11-23T00:00:00+05:30
WS-002652,/help,Cafeteria / Canteen,queue,29,0,2025-11-22T22:00:00+05:30
WS-002653,/report,A2/2,projector,60,1,2025-11-23T02:00:00+05:30
WS-002654,/campus-map,Auditorium,wifi,10,0,2025-11-23T01:00:00+05:30
WS-002655,/status,Cafeteria / Canteen,projector,40,1,2025-11-23T04:00:00+05:30
WS-002656,/campus-map,Aryabhatt Bhawan II,cleaning,41,0,2025-11-23T02:00:00+05:30
WS-002657,/status,A2/2,parking,91,0,2025-11-23T04:00:00+05:30
WS-002658,/campus-map,A2/2,lab,24,0,2025-11-23T07:00:00+05:30
WS-002659,/campus-map,Administration Block,lab,62,1,2025-11-23T10:00:00+05:30
WS-002660,/explore,Washrooms,water,66,0,2025-11-23T10:00:00+05:30
WS-002661,/status,A2/2,projector,44,0,2025-11-23T08:00:00+05:30
WS-002662,/campus-map,Administration Block,lab,67,0,2025-11-23T06:00:00+05:30
WS-002663,/report,A2/1,queue,16,0,2025-11-23T07:00:00+05:30
WS-002664,/help,Water Points,parking,15,0,2025-11-23T08:00:00+05:30
WS-002665,/campus-map,Aryabhatt Bhawan II,wifi,47,0,2025-11-23T13:00:00+05:30
WS-002666,/campus-map,A2/2,water,81,0,2025-11-23T15:00:00+05:30
WS-002667,/help,Aryabhatt Bhawan II,parking,47,0,2025-11-23T18:00:00+05:30
WS-002668,/help,LRC,projector,57,0,2025-11-23T17:00:00+05:30
WS-002669,/help,Cafeteria / Canteen,lab,49,1,2025-11-23T14:00:00+05:30
WS-002670,/campus-map,Water Points,projector,13,0,2025-11-23T21:00:00+05:30
WS-002671,/campus-map,Main Gate,cleaning,34,0,2025-11-23T21:00:00+05:30
WS-002672,/help,Aryabhatt Bhawan II,lab,57,0,2025-11-23T16:00:00+05:30
WS-002673,/report,Auditorium,cleaning,89,0,2025-11-23T23:00:00+05:30
WS-002674,/report,Cafeteria / Canteen,parking,27,0,2025-11-23T22:00:00+05:30
WS-002675,/campus-map,Water Points,lab,134,0,2025-11-24T01:00:00+05:30
WS-002676,/report,A2/2,water,23,1,2025-11-23T20:00:00+05:30
WS-002677,/report,Auditorium,queue,35,1,2025-11-24T02:00:00+05:30
WS-002678,/status,A2/2,queue,19,0,2025-11-24T02:00:00+05:30
WS-002679,/help,LRC,cleaning,12,0,2025-11-24T04:00:00+05:30
WS-002680,/status,A2/1,parking,42,0,2025-11-24T04:00:00+05:30
WS-002681,/campus-map,ECE Labs,wifi,60,0,2025-11-24T06:00:00+05:30
WS-002682,/campus-map,H4 Boys Hostel,parking,27,0,2025-11-24T05:00:00+05:30
WS-002683,/help,A2/2,lab,21,0,2025-11-24T09:00:00+05:30
WS-002684,/campus-map,Aryabhatt Bhawan II,parking,85,0,2025-11-24T11:00:00+05:30
WS-002685,/status,Administration Block,cleaning,10,0,2025-11-24T10:00:00+05:30
WS-002686,/help,Parking,projector,41,0,2025-11-24T09:00:00+05:30
WS-002687,/campus-map,Water Points,cleaning,17,0,2025-11-24T12:00:00+05:30
WS-002688,/report,A2/1,lab,13,0,2025-11-24T14:00:00+05:30
WS-002689,/campus-map,A2/1,queue,13,0,2025-11-24T16:00:00+05:30
WS-002690,/status,ECE Labs,queue,16,0,2025-11-24T15:00:00+05:30
WS-002691,/help,CL3,queue,15,0,2025-11-24T12:00:00+05:30
WS-002692,/help,Auditorium,lab,68,0,2025-11-24T13:00:00+05:30
WS-002693,/status,CL3,cleaning,20,0,2025-11-24T19:00:00+05:30
WS-002694,/status,Aryabhatt Bhawan III,queue,57,1,2025-11-24T14:00:00+05:30
WS-002695,/campus-map,Aryabhatt Bhawan II,cleaning,18,0,2025-11-24T17:00:00+05:30
WS-002696,/explore,LRC,queue,24,0,2025-11-24T22:00:00+05:30
WS-002697,/help,CL22,water,36,0,2025-11-24T23:00:00+05:30
WS-002698,/report,CL3,cleaning,100,0,2025-11-24T21:00:00+05:30
WS-002699,/campus-map,Main Gate,queue,86,0,2025-11-25T02:00:00+05:30
WS-002700,/campus-map,Aryabhatt Bhawan II,water,54,0,2025-11-24T22:00:00+05:30
WS-002701,/help,Washrooms,parking,83,0,2025-11-25T01:00:00+05:30
WS-002702,/report,Aryabhatt Bhawan III,projector,39,0,2025-11-25T05:00:00+05:30
WS-002703,/help,CL1,lab,17,0,2025-11-25T06:00:00+05:30
WS-002704,/campus-map,CL15,water,39,0,2025-11-25T04:00:00+05:30
WS-002705,/explore,Washrooms,parking,4,1,2025-11-25T02:00:00+05:30
WS-002706,/report,Girls Hostel,water,13,0,2025-11-25T06:00:00+05:30
WS-002707,/report,Parking,cleaning,39,1,2025-11-25T09:00:00+05:30
WS-002708,/campus-map,Washrooms,queue,54,0,2025-11-25T08:00:00+05:30
WS-002709,/explore,Aryabhatt Bhawan II,parking,84,0,2025-11-25T09:00:00+05:30
WS-002710,/status,Parking,water,48,1,2025-11-25T09:00:00+05:30
WS-002711,/help,Main Gate,cleaning,62,1,2025-11-25T13:00:00+05:30
WS-002712,/help,ECE Labs,queue,40,0,2025-11-25T15:00:00+05:30
WS-002713,/campus-map,Sports Complex,water,24,0,2025-11-25T14:00:00+05:30
WS-002714,/report,Cafeteria / Canteen,parking,29,0,2025-11-25T12:00:00+05:30
WS-002715,/explore,Sports Complex,water,51,0,2025-11-25T17:00:00+05:30
WS-002716,/status,CL3,queue,32,0,2025-11-25T13:00:00+05:30
WS-002717,/explore,Sports Complex,queue,36,0,2025-11-25T15:00:00+05:30
WS-002718,/status,CL1,projector,88,0,2025-11-25T16:00:00+05:30
WS-002719,/report,ECE Labs,wifi,63,1,2025-11-25T16:00:00+05:30
WS-002720,/report,Main Gate,cleaning,5,0,2025-11-25T17:00:00+05:30
WS-002721,/help,Main Gate,projector,18,0,2025-11-25T23:00:00+05:30
WS-002722,/explore,A2/1,parking,26,0,2025-11-26T01:00:00+05:30
WS-002723,/help,Aryabhatt Bhawan II,queue,41,0,2025-11-25T23:00:00+05:30
WS-002724,/help,A2/2,water,76,0,2025-11-26T03:00:00+05:30
WS-002725,/explore,Water Points,cleaning,9,0,2025-11-26T01:00:00+05:30
WS-002726,/explore,CL3,water,68,0,2025-11-26T04:00:00+05:30
WS-002727,/explore,Administration Block,parking,60,1,2025-11-26T01:00:00+05:30
WS-002728,/help,H5 Boys Hostel,parking,9,1,2025-11-26T07:00:00+05:30
WS-002729,/explore,CL15,wifi,23,0,2025-11-26T03:00:00+05:30
WS-002730,/explore,Sports Complex,lab,50,0,2025-11-26T09:00:00+05:30
WS-002731,/report,H4 Boys Hostel,cleaning,44,0,2025-11-26T05:00:00+05:30
WS-002732,/status,Cafeteria / Canteen,water,11,0,2025-11-26T11:00:00+05:30
WS-002733,/report,CL15,parking,16,0,2025-11-26T10:00:00+05:30
WS-002734,/campus-map,CL15,wifi,3,0,2025-11-26T06:00:00+05:30
WS-002735,/report,Aryabhatt Bhawan II,queue,76,1,2025-11-26T10:00:00+05:30
WS-002736,/help,Auditorium,cleaning,6,0,2025-11-26T11:00:00+05:30
WS-002737,/campus-map,Annapurna / Main Mess,queue,31,1,2025-11-26T09:00:00+05:30
WS-002738,/help,Sports Complex,wifi,14,1,2025-11-26T14:00:00+05:30
WS-002739,/campus-map,Aryabhatt Bhawan II,cleaning,71,0,2025-11-26T15:00:00+05:30
WS-002740,/report,Parking,cleaning,43,1,2025-11-26T14:00:00+05:30
WS-002741,/status,CL3,wifi,60,0,2025-11-26T18:00:00+05:30
WS-002742,/campus-map,Washrooms,wifi,125,1,2025-11-26T20:00:00+05:30
WS-002743,/help,Aryabhatt Bhawan III,water,140,0,2025-11-26T18:00:00+05:30
WS-002744,/report,H4 Boys Hostel,cleaning,40,0,2025-11-26T17:00:00+05:30
WS-002745,/explore,Main Gate,wifi,157,0,2025-11-26T21:00:00+05:30
WS-002746,/status,CL3,water,30,0,2025-11-26T23:00:00+05:30
WS-002747,/help,Water Points,projector,76,0,2025-11-27T01:00:00+05:30
WS-002748,/campus-map,Aryabhatt Bhawan III,cleaning,49,0,2025-11-26T20:00:00+05:30
WS-002749,/status,A2/2,parking,31,0,2025-11-27T02:00:00+05:30
WS-002750,/report,ECE Labs,parking,55,0,2025-11-26T22:00:00+05:30
WS-002751,/status,Cafeteria / Canteen,queue,90,0,2025-11-26T23:00:00+05:30
WS-002752,/help,Main Gate,water,52,0,2025-11-27T01:00:00+05:30
WS-002753,/report,CL1,queue,41,0,2025-11-27T01:00:00+05:30
WS-002754,/status,Auditorium,lab,33,0,2025-11-27T06:00:00+05:30
WS-002755,/help,Main Gate,water,28,0,2025-11-27T09:00:00+05:30
WS-002756,/campus-map,Aryabhatt Bhawan II,queue,55,0,2025-11-27T06:00:00+05:30
WS-002757,/campus-map,LRC,projector,53,1,2025-11-27T09:00:00+05:30
WS-002758,/explore,Aryabhatt Bhawan II,water,37,0,2025-11-27T13:00:00+05:30
WS-002759,/report,CL1,projector,17,0,2025-11-27T08:00:00+05:30
WS-002760,/status,Aryabhatt Bhawan II,queue,40,0,2025-11-27T11:00:00+05:30
WS-002761,/report,Aryabhatt Bhawan III,queue,34,0,2025-11-27T10:00:00+05:30
WS-002762,/help,Administration Block,lab,13,1,2025-11-27T16:00:00+05:30
WS-002763,/help,Cafeteria / Canteen,wifi,16,1,2025-11-27T16:00:00+05:30
WS-002764,/help,Sports Complex,water,36,0,2025-11-27T13:00:00+05:30
WS-002765,/help,Sports Complex,parking,35,0,2025-11-27T14:00:00+05:30
WS-002766,/status,H5 Boys Hostel,projector,103,0,2025-11-27T20:00:00+05:30
WS-002767,/help,Aryabhatt Bhawan III,queue,26,0,2025-11-27T21:00:00+05:30
WS-002768,/help,Water Points,wifi,49,0,2025-11-27T20:00:00+05:30
WS-002769,/status,Parking,lab,21,0,2025-11-27T17:00:00+05:30
WS-002770,/help,A2/2,parking,63,0,2025-11-27T23:00:00+05:30
WS-002771,/campus-map,CL1,lab,42,0,2025-11-27T21:00:00+05:30
WS-002772,/report,A2/1,parking,11,1,2025-11-27T23:00:00+05:30
WS-002773,/campus-map,H4 Boys Hostel,cleaning,25,0,2025-11-27T22:00:00+05:30
WS-002774,/status,Washrooms,water,13,0,2025-11-28T00:00:00+05:30
WS-002775,/status,CL22,projector,79,0,2025-11-28T00:00:00+05:30
WS-002776,/status,A2/2,queue,20,1,2025-11-28T05:00:00+05:30
WS-002777,/report,Parking,water,38,0,2025-11-28T07:00:00+05:30
WS-002778,/help,Water Points,queue,28,0,2025-11-28T08:00:00+05:30
WS-002779,/status,Auditorium,water,59,0,2025-11-28T03:00:00+05:30
WS-002780,/explore,Aryabhatt Bhawan III,projector,12,0,2025-11-28T07:00:00+05:30
WS-002781,/help,Sports Complex,lab,39,0,2025-11-28T05:00:00+05:30
WS-002782,/status,Sports Complex,lab,20,1,2025-11-28T11:00:00+05:30
WS-002783,/help,A2/1,wifi,2,0,2025-11-28T08:00:00+05:30
WS-002784,/help,A2/2,lab,15,0,2025-11-28T10:00:00+05:30
WS-002785,/help,CL15,lab,37,0,2025-11-28T13:00:00+05:30
WS-002786,/explore,Parking,parking,17,0,2025-11-28T16:00:00+05:30
WS-002787,/status,CL22,projector,91,0,2025-11-28T12:00:00+05:30
WS-002788,/status,Aryabhatt Bhawan II,water,25,0,2025-11-28T15:00:00+05:30
WS-002789,/report,ECE Labs,water,166,1,2025-11-28T19:00:00+05:30
WS-002790,/report,Main Gate,lab,47,0,2025-11-28T17:00:00+05:30
WS-002791,/status,A2/2,cleaning,23,0,2025-11-28T15:00:00+05:30
WS-002792,/help,A2/2,parking,19,0,2025-11-28T19:00:00+05:30
WS-002793,/help,Auditorium,parking,55,0,2025-11-28T22:00:00+05:30
WS-002794,/status,CL22,lab,21,0,2025-11-28T21:00:00+05:30
WS-002795,/report,Aryabhatt Bhawan II,water,2,0,2025-11-29T02:00:00+05:30
WS-002796,/explore,ECE Labs,cleaning,10,0,2025-11-29T03:00:00+05:30
WS-002797,/help,A2/2,cleaning,10,0,2025-11-28T22:00:00+05:30
WS-002798,/report,A2/1,queue,11,1,2025-11-28T23:00:00+05:30
WS-002799,/explore,A2/1,wifi,73,0,2025-11-29T00:00:00+05:30
WS-002800,/report,H4 Boys Hostel,queue,35,0,2025-11-29T03:00:00+05:30
WS-002801,/explore,H5 Boys Hostel,projector,69,0,2025-11-29T05:00:00+05:30
WS-002802,/explore,Girls Hostel,water,25,0,2025-11-29T02:00:00+05:30
WS-002803,/status,A2/2,parking,77,0,2025-11-29T04:00:00+05:30
WS-002804,/help,CL15,projector,13,0,2025-11-29T05:00:00+05:30
WS-002805,/report,LRC,projector,7,0,2025-11-29T05:00:00+05:30
WS-002806,/report,Annapurna / Main Mess,parking,53,0,2025-11-29T10:00:00+05:30
WS-002807,/status,LRC,wifi,18,1,2025-11-29T08:00:00+05:30
WS-002808,/report,CL15,parking,23,0,2025-11-29T09:00:00+05:30
WS-002809,/report,H4 Boys Hostel,lab,46,0,2025-11-29T11:00:00+05:30
WS-002810,/status,Auditorium,lab,10,1,2025-11-29T14:00:00+05:30
WS-002811,/status,LRC,projector,28,0,2025-11-29T18:00:00+05:30
WS-002812,/status,Aryabhatt Bhawan II,cleaning,33,0,2025-11-29T16:00:00+05:30
WS-002813,/explore,A2/2,cleaning,26,1,2025-11-29T13:00:00+05:30
WS-002814,/help,Administration Block,lab,62,0,2025-11-29T21:00:00+05:30
WS-002815,/help,CL3,queue,41,0,2025-11-29T20:00:00+05:30
WS-002816,/status,H5 Boys Hostel,projector,51,0,2025-11-29T21:00:00+05:30
WS-002817,/explore,Aryabhatt Bhawan II,cleaning,62,0,2025-11-29T20:00:00+05:30
WS-002818,/explore,CL1,water,36,0,2025-11-30T00:00:00+05:30
WS-002819,/explore,CL15,projector,22,0,2025-11-29T21:00:00+05:30
WS-002820,/report,H5 Boys Hostel,wifi,8,0,2025-11-29T20:00:00+05:30
WS-002821,/campus-map,Washrooms,lab,13,0,2025-11-30T00:00:00+05:30
WS-002822,/explore,LRC,water,26,1,2025-11-30T00:00:00+05:30
WS-002823,/status,Cafeteria / Canteen,lab,27,0,2025-11-30T00:00:00+05:30
WS-002824,/status,A2/2,lab,27,0,2025-11-30T04:00:00+05:30
WS-002825,/help,H5 Boys Hostel,queue,13,0,2025-11-30T06:00:00+05:30
WS-002826,/campus-map,H5 Boys Hostel,cleaning,45,0,2025-11-30T08:00:00+05:30
WS-002827,/status,Main Gate,wifi,9,1,2025-11-30T06:00:00+05:30
WS-002828,/report,CL1,projector,94,0,2025-11-30T09:00:00+05:30
WS-002829,/campus-map,A2/2,queue,15,0,2025-11-30T11:00:00+05:30
WS-002830,/report,H5 Boys Hostel,projector,36,1,2025-11-30T11:00:00+05:30
WS-002831,/status,Aryabhatt Bhawan II,cleaning,17,0,2025-11-30T10:00:00+05:30
WS-002832,/campus-map,CL3,parking,60,1,2025-11-30T15:00:00+05:30
WS-002833,/help,Cafeteria / Canteen,water,12,1,2025-11-30T15:00:00+05:30
WS-002834,/report,LRC,parking,32,0,2025-11-30T13:00:00+05:30
WS-002835,/help,H4 Boys Hostel,lab,32,1,2025-11-30T16:00:00+05:30
WS-002836,/help,CL22,projector,38,0,2025-11-30T13:00:00+05:30
WS-002837,/help,Washrooms,parking,86,0,2025-11-30T17:00:00+05:30
WS-002838,/status,Sports Complex,lab,44,0,2025-11-30T20:00:00+05:30
WS-002839,/report,Girls Hostel,parking,61,0,2025-11-30T15:00:00+05:30
WS-002840,/report,H5 Boys Hostel,cleaning,32,0,2025-11-30T22:00:00+05:30
WS-002841,/explore,Washrooms,cleaning,15,0,2025-11-30T23:00:00+05:30
WS-002842,/campus-map,LRC,lab,76,0,2025-11-30T21:00:00+05:30
WS-002843,/explore,LRC,wifi,57,0,2025-11-30T21:00:00+05:30
WS-002844,/explore,Water Points,water,83,0,2025-11-30T22:00:00+05:30
WS-002845,/campus-map,A2/1,wifi,24,0,2025-11-30T21:00:00+05:30
WS-002846,/help,Auditorium,projector,10,0,2025-12-01T01:00:00+05:30
WS-002847,/explore,H4 Boys Hostel,water,52,0,2025-12-01T01:00:00+05:30
WS-002848,/campus-map,Sports Complex,water,38,0,2025-12-01T07:00:00+05:30
WS-002849,/campus-map,A2/2,lab,14,0,2025-12-01T07:00:00+05:30
WS-002850,/campus-map,A2/1,lab,60,0,2025-12-01T07:00:00+05:30
WS-002851,/help,A2/2,projector,22,0,2025-12-01T07:00:00+05:30
WS-002852,/campus-map,Annapurna / Main Mess,parking,54,0,2025-12-01T11:00:00+05:30
WS-002853,/status,CL1,water,25,0,2025-12-01T10:00:00+05:30
WS-002854,/explore,A2/2,water,55,0,2025-12-01T10:00:00+05:30
WS-002855,/status,A2/1,wifi,74,0,2025-12-01T14:00:00+05:30
WS-002856,/status,H4 Boys Hostel,queue,25,0,2025-12-01T15:00:00+05:30
WS-002857,/status,Main Gate,water,43,1,2025-12-01T16:00:00+05:30
WS-002858,/status,Cafeteria / Canteen,cleaning,9,1,2025-12-01T12:00:00+05:30
WS-002859,/explore,Auditorium,cleaning,55,0,2025-12-01T11:00:00+05:30
WS-002860,/report,Annapurna / Main Mess,projector,22,1,2025-12-01T19:00:00+05:30
WS-002861,/report,Water Points,projector,25,1,2025-12-01T18:00:00+05:30
WS-002862,/campus-map,A2/1,cleaning,29,0,2025-12-01T15:00:00+05:30
WS-002863,/campus-map,H4 Boys Hostel,cleaning,18,0,2025-12-01T20:00:00+05:30
WS-002864,/campus-map,Washrooms,projector,76,0,2025-12-01T22:00:00+05:30
WS-002865,/report,Washrooms,wifi,13,0,2025-12-01T19:00:00+05:30
WS-002866,/campus-map,Annapurna / Main Mess,cleaning,33,0,2025-12-02T00:00:00+05:30
WS-002867,/explore,Washrooms,projector,31,0,2025-12-02T00:00:00+05:30
WS-002868,/report,A2/1,wifi,32,0,2025-12-02T03:00:00+05:30
WS-002869,/help,Aryabhatt Bhawan III,queue,56,0,2025-12-01T21:00:00+05:30
WS-002870,/status,CL1,lab,77,0,2025-12-01T23:00:00+05:30
WS-002871,/status,Aryabhatt Bhawan II,water,12,0,2025-12-02T03:00:00+05:30
WS-002872,/explore,Aryabhatt Bhawan III,cleaning,31,1,2025-12-02T00:00:00+05:30
WS-002873,/campus-map,Aryabhatt Bhawan II,water,79,0,2025-12-02T08:00:00+05:30
WS-002874,/report,CL22,projector,22,0,2025-12-02T08:00:00+05:30
WS-002875,/help,Main Gate,wifi,58,0,2025-12-02T09:00:00+05:30
WS-002876,/help,Parking,wifi,34,0,2025-12-02T05:00:00+05:30
WS-002877,/help,A2/2,water,11,0,2025-12-02T09:00:00+05:30
WS-002878,/report,Aryabhatt Bhawan II,parking,28,1,2025-12-02T09:00:00+05:30
WS-002879,/status,Aryabhatt Bhawan II,parking,16,0,2025-12-02T12:00:00+05:30
WS-002880,/help,A2/2,water,18,0,2025-12-02T14:00:00+05:30
WS-002881,/report,A2/2,wifi,33,0,2025-12-02T10:00:00+05:30
WS-002882,/help,Sports Complex,parking,38,0,2025-12-02T13:00:00+05:30
WS-002883,/campus-map,Aryabhatt Bhawan III,lab,25,1,2025-12-02T13:00:00+05:30
WS-002884,/status,CL3,projector,21,0,2025-12-02T17:00:00+05:30
WS-002885,/campus-map,Washrooms,cleaning,33,1,2025-12-02T19:00:00+05:30
WS-002886,/explore,A2/2,lab,85,0,2025-12-02T18:00:00+05:30
WS-002887,/explore,LRC,lab,15,1,2025-12-02T20:00:00+05:30
WS-002888,/explore,Aryabhatt Bhawan III,wifi,121,1,2025-12-02T20:00:00+05:30
WS-002889,/report,Sports Complex,wifi,17,0,2025-12-03T00:00:00+05:30
WS-002890,/status,Aryabhatt Bhawan II,projector,29,0,2025-12-02T19:00:00+05:30
WS-002891,/explore,Auditorium,parking,23,0,2025-12-02T22:00:00+05:30
WS-002892,/campus-map,H4 Boys Hostel,wifi,9,0,2025-12-02T21:00:00+05:30
WS-002893,/explore,A2/1,projector,22,0,2025-12-02T23:00:00+05:30
WS-002894,/status,H5 Boys Hostel,cleaning,45,0,2025-12-02T23:00:00+05:30
WS-002895,/report,LRC,wifi,44,0,2025-12-02T23:00:00+05:30
WS-002896,/explore,Aryabhatt Bhawan II,lab,23,1,2025-12-03T02:00:00+05:30
WS-002897,/help,Annapurna / Main Mess,water,98,1,2025-12-03T03:00:00+05:30
WS-002898,/campus-map,Aryabhatt Bhawan II,queue,23,1,2025-12-03T04:00:00+05:30
WS-002899,/status,Aryabhatt Bhawan II,lab,10,1,2025-12-03T09:00:00+05:30
WS-002900,/status,Main Gate,cleaning,40,0,2025-12-03T09:00:00+05:30
WS-002901,/campus-map,Aryabhatt Bhawan II,lab,63,0,2025-12-03T10:00:00+05:30
WS-002902,/report,A2/2,lab,38,0,2025-12-03T12:00:00+05:30
WS-002903,/explore,CL15,queue,46,0,2025-12-03T11:00:00+05:30
WS-002904,/report,Parking,wifi,42,0,2025-12-03T10:00:00+05:30
WS-002905,/status,Main Gate,queue,16,1,2025-12-03T14:00:00+05:30
WS-002906,/campus-map,CL22,parking,34,0,2025-12-03T10:00:00+05:30
WS-002907,/report,Washrooms,projector,15,0,2025-12-03T14:00:00+05:30
WS-002908,/status,Aryabhatt Bhawan II,wifi,28,0,2025-12-03T13:00:00+05:30
WS-002909,/report,Girls Hostel,parking,104,1,2025-12-03T14:00:00+05:30
WS-002910,/report,Aryabhatt Bhawan II,wifi,19,0,2025-12-03T18:00:00+05:30
WS-002911,/explore,Aryabhatt Bhawan III,projector,60,1,2025-12-03T20:00:00+05:30
WS-002912,/explore,A2/1,water,45,0,2025-12-03T18:00:00+05:30
WS-002913,/campus-map,Auditorium,projector,41,1,2025-12-04T00:00:00+05:30
WS-002914,/explore,Administration Block,wifi,76,0,2025-12-03T19:00:00+05:30
WS-002915,/help,Aryabhatt Bhawan III,parking,62,0,2025-12-03T20:00:00+05:30
WS-002916,/status,Aryabhatt Bhawan II,wifi,16,0,2025-12-03T20:00:00+05:30
WS-002917,/explore,Sports Complex,wifi,48,0,2025-12-03T21:00:00+05:30
WS-002918,/explore,Cafeteria / Canteen,queue,38,0,2025-12-04T05:00:00+05:30
WS-002919,/explore,A2/2,cleaning,89,0,2025-12-04T06:00:00+05:30
WS-002920,/help,Aryabhatt Bhawan II,queue,56,0,2025-12-04T01:00:00+05:30
WS-002921,/report,Girls Hostel,lab,47,0,2025-12-04T05:00:00+05:30
WS-002922,/help,CL3,queue,66,0,2025-12-04T07:00:00+05:30
WS-002923,/help,ECE Labs,wifi,50,0,2025-12-04T10:00:00+05:30
WS-002924,/status,A2/1,lab,20,0,2025-12-04T11:00:00+05:30
WS-002925,/explore,H4 Boys Hostel,water,74,0,2025-12-04T12:00:00+05:30
WS-002926,/status,H5 Boys Hostel,projector,17,0,2025-12-04T13:00:00+05:30
WS-002927,/explore,H4 Boys Hostel,cleaning,120,0,2025-12-04T12:00:00+05:30
WS-002928,/status,A2/2,queue,80,1,2025-12-04T15:00:00+05:30
WS-002929,/status,Aryabhatt Bhawan III,wifi,63,0,2025-12-04T11:00:00+05:30
WS-002930,/help,Main Gate,cleaning,41,0,2025-12-04T16:00:00+05:30
WS-002931,/help,H4 Boys Hostel,parking,17,1,2025-12-04T18:00:00+05:30
WS-002932,/help,Aryabhatt Bhawan III,water,112,0,2025-12-04T12:00:00+05:30
WS-002933,/campus-map,A2/2,lab,52,0,2025-12-04T13:00:00+05:30
WS-002934,/explore,Main Gate,water,19,0,2025-12-04T14:00:00+05:30
WS-002935,/explore,A2/2,cleaning,44,0,2025-12-04T16:00:00+05:30
WS-002936,/status,LRC,wifi,21,0,2025-12-04T19:00:00+05:30
WS-002937,/status,Main Gate,queue,19,0,2025-12-05T00:00:00+05:30
WS-002938,/report,Aryabhatt Bhawan II,parking,10,0,2025-12-04T20:00:00+05:30
WS-002939,/status,Aryabhatt Bhawan II,parking,45,0,2025-12-04T23:00:00+05:30
WS-002940,/status,Annapurna / Main Mess,wifi,67,0,2025-12-04T23:00:00+05:30
WS-002941,/report,CL15,lab,51,0,2025-12-04T21:00:00+05:30
WS-002942,/status,CL3,queue,100,0,2025-12-04T22:00:00+05:30
WS-002943,/help,H4 Boys Hostel,wifi,94,0,2025-12-05T00:00:00+05:30
WS-002944,/campus-map,LRC,water,9,0,2025-12-05T02:00:00+05:30
WS-002945,/explore,Sports Complex,cleaning,33,1,2025-12-05T08:00:00+05:30
WS-002946,/help,CL22,lab,63,0,2025-12-05T06:00:00+05:30
WS-002947,/report,CL22,cleaning,53,0,2025-12-05T05:00:00+05:30
WS-002948,/campus-map,LRC,wifi,32,0,2025-12-05T09:00:00+05:30
WS-002949,/campus-map,Annapurna / Main Mess,lab,38,0,2025-12-05T07:00:00+05:30
WS-002950,/explore,CL3,cleaning,88,0,2025-12-05T12:00:00+05:30
WS-002951,/campus-map,Aryabhatt Bhawan III,wifi,79,0,2025-12-05T07:00:00+05:30
WS-002952,/campus-map,Parking,wifi,25,1,2025-12-05T12:00:00+05:30
WS-002953,/report,Administration Block,wifi,32,0,2025-12-05T16:00:00+05:30
WS-002954,/campus-map,A2/2,cleaning,14,0,2025-12-05T10:00:00+05:30
WS-002955,/report,Washrooms,water,30,0,2025-12-05T18:00:00+05:30
WS-002956,/explore,H5 Boys Hostel,queue,12,1,2025-12-05T18:00:00+05:30
WS-002957,/report,Aryabhatt Bhawan II,water,102,0,2025-12-05T16:00:00+05:30
WS-002958,/help,H5 Boys Hostel,lab,41,1,2025-12-05T19:00:00+05:30
WS-002959,/explore,Aryabhatt Bhawan III,queue,60,0,2025-12-05T16:00:00+05:30
WS-002960,/explore,Aryabhatt Bhawan II,queue,33,0,2025-12-05T18:00:00+05:30
WS-002961,/help,Washrooms,water,27,1,2025-12-06T00:00:00+05:30
WS-002962,/explore,Girls Hostel,water,25,0,2025-12-05T23:00:00+05:30
WS-002963,/help,CL15,wifi,47,0,2025-12-05T22:00:00+05:30
WS-002964,/campus-map,H4 Boys Hostel,wifi,44,0,2025-12-05T20:00:00+05:30
WS-002965,/explore,Aryabhatt Bhawan III,projector,65,0,2025-12-06T01:00:00+05:30
WS-002966,/help,Cafeteria / Canteen,lab,55,0,2025-12-05T22:00:00+05:30
WS-002967,/campus-map,CL3,wifi,36,0,2025-12-06T05:00:00+05:30
WS-002968,/explore,Sports Complex,wifi,49,0,2025-12-06T05:00:00+05:30
WS-002969,/help,LRC,projector,85,0,2025-12-06T07:00:00+05:30
WS-002970,/campus-map,A2/1,lab,31,0,2025-12-06T07:00:00+05:30
WS-002971,/campus-map,LRC,wifi,7,0,2025-12-06T05:00:00+05:30
WS-002972,/status,A2/2,wifi,18,0,2025-12-06T04:00:00+05:30
WS-002973,/campus-map,H5 Boys Hostel,projector,46,1,2025-12-06T07:00:00+05:30
WS-002974,/status,Parking,parking,42,0,2025-12-06T13:00:00+05:30
WS-002975,/status,Cafeteria / Canteen,parking,15,0,2025-12-06T11:00:00+05:30
WS-002976,/status,H4 Boys Hostel,water,56,0,2025-12-06T08:00:00+05:30
WS-002977,/help,A2/2,water,63,0,2025-12-06T11:00:00+05:30
WS-002978,/help,Water Points,water,39,1,2025-12-06T16:00:00+05:30
WS-002979,/status,Aryabhatt Bhawan II,lab,83,0,2025-12-06T15:00:00+05:30
WS-002980,/campus-map,Aryabhatt Bhawan III,water,19,0,2025-12-06T15:00:00+05:30
WS-002981,/campus-map,H5 Boys Hostel,queue,54,0,2025-12-06T16:00:00+05:30
WS-002982,/explore,CL1,queue,27,0,2025-12-06T15:00:00+05:30
WS-002983,/explore,A2/2,cleaning,61,0,2025-12-06T17:00:00+05:30
WS-002984,/report,CL1,wifi,23,0,2025-12-06T22:00:00+05:30
WS-002985,/status,Sports Complex,water,18,0,2025-12-06T17:00:00+05:30
WS-002986,/help,A2/1,wifi,7,0,2025-12-06T19:00:00+05:30
WS-002987,/explore,Parking,wifi,65,0,2025-12-06T23:00:00+05:30
WS-002988,/status,Administration Block,wifi,55,0,2025-12-07T00:00:00+05:30
WS-002989,/explore,Auditorium,water,57,0,2025-12-07T01:00:00+05:30
WS-002990,/explore,Water Points,parking,12,0,2025-12-07T02:00:00+05:30
WS-002991,/status,ECE Labs,lab,61,0,2025-12-06T23:00:00+05:30
WS-002992,/report,Parking,parking,33,0,2025-12-07T02:00:00+05:30
WS-002993,/help,H5 Boys Hostel,parking,75,0,2025-12-07T06:00:00+05:30
WS-002994,/status,Administration Block,wifi,26,1,2025-12-07T08:00:00+05:30
WS-002995,/explore,Aryabhatt Bhawan III,water,58,0,2025-12-07T03:00:00+05:30
WS-002996,/status,Water Points,parking,12,0,2025-12-07T05:00:00+05:30
WS-002997,/campus-map,Administration Block,lab,14,0,2025-12-07T10:00:00+05:30
WS-002998,/campus-map,Aryabhatt Bhawan II,water,24,0,2025-12-07T11:00:00+05:30
WS-002999,/report,Water Points,projector,67,1,2025-12-07T11:00:00+05:30
WS-003000,/status,Aryabhatt Bhawan III,cleaning,61,0,2025-12-07T15:00:00+05:30
WS-003001,/explore,A2/1,cleaning,71,0,2025-12-07T14:00:00+05:30
WS-003002,/campus-map,Annapurna / Main Mess,wifi,61,0,2025-12-07T17:00:00+05:30
WS-003003,/help,Administration Block,cleaning,24,0,2025-12-07T15:00:00+05:30
WS-003004,/report,A2/2,projector,69,0,2025-12-07T19:00:00+05:30
WS-003005,/explore,LRC,parking,32,0,2025-12-07T15:00:00+05:30
WS-003006,/help,A2/1,lab,25,0,2025-12-07T15:00:00+05:30
WS-003007,/explore,Washrooms,water,86,0,2025-12-07T19:00:00+05:30
WS-003008,/report,Girls Hostel,queue,45,0,2025-12-07T20:00:00+05:30
WS-003009,/campus-map,Aryabhatt Bhawan II,lab,11,0,2025-12-07T18:00:00+05:30
WS-003010,/campus-map,Parking,water,51,1,2025-12-07T18:00:00+05:30
WS-003011,/explore,A2/1,parking,68,0,2025-12-07T19:00:00+05:30
WS-003012,/help,Main Gate,queue,150,1,2025-12-08T03:00:00+05:30
WS-003013,/status,CL15,parking,23,0,2025-12-08T03:00:00+05:30
WS-003014,/report,A2/2,wifi,66,0,2025-12-08T02:00:00+05:30
WS-003015,/help,Cafeteria / Canteen,water,30,1,2025-12-08T01:00:00+05:30
WS-003016,/explore,CL3,water,39,0,2025-12-08T03:00:00+05:30
WS-003017,/explore,Aryabhatt Bhawan II,projector,24,0,2025-12-08T02:00:00+05:30
WS-003018,/campus-map,H4 Boys Hostel,water,29,0,2025-12-08T05:00:00+05:30
WS-003019,/status,Cafeteria / Canteen,parking,29,0,2025-12-08T07:00:00+05:30
WS-003020,/help,Main Gate,queue,45,0,2025-12-08T04:00:00+05:30
WS-003021,/help,Aryabhatt Bhawan III,queue,8,0,2025-12-08T09:00:00+05:30
WS-003022,/campus-map,Administration Block,projector,54,1,2025-12-08T09:00:00+05:30
WS-003023,/status,Annapurna / Main Mess,parking,33,0,2025-12-08T08:00:00+05:30
WS-003024,/status,H4 Boys Hostel,parking,25,0,2025-12-08T09:00:00+05:30
WS-003025,/campus-map,Washrooms,wifi,31,1,2025-12-08T16:00:00+05:30
WS-003026,/status,Aryabhatt Bhawan III,wifi,60,0,2025-12-08T13:00:00+05:30
WS-003027,/status,ECE Labs,queue,30,0,2025-12-08T15:00:00+05:30
WS-003028,/report,Sports Complex,cleaning,24,1,2025-12-08T13:00:00+05:30
WS-003029,/status,Parking,wifi,39,0,2025-12-08T18:00:00+05:30
WS-003030,/status,Parking,projector,40,0,2025-12-08T16:00:00+05:30
WS-003031,/campus-map,ECE Labs,water,77,0,2025-12-08T15:00:00+05:30
WS-003032,/status,Administration Block,cleaning,15,0,2025-12-08T22:00:00+05:30
WS-003033,/status,H5 Boys Hostel,lab,32,0,2025-12-09T00:00:00+05:30
WS-003034,/help,Auditorium,lab,95,1,2025-12-08T22:00:00+05:30
WS-003035,/status,CL22,cleaning,54,0,2025-12-08T23:00:00+05:30
WS-003036,/report,A2/1,projector,16,0,2025-12-09T00:00:00+05:30
WS-003037,/status,A2/2,lab,75,0,2025-12-09T03:00:00+05:30
WS-003038,/report,Cafeteria / Canteen,wifi,11,1,2025-12-08T23:00:00+05:30
WS-003039,/help,CL22,parking,48,0,2025-12-09T02:00:00+05:30
WS-003040,/status,CL22,parking,16,0,2025-12-09T06:00:00+05:30
WS-003041,/campus-map,Sports Complex,cleaning,27,0,2025-12-09T06:00:00+05:30
WS-003042,/explore,Annapurna / Main Mess,cleaning,42,0,2025-12-09T07:00:00+05:30
WS-003043,/campus-map,Sports Complex,cleaning,32,0,2025-12-09T03:00:00+05:30
WS-003044,/campus-map,H4 Boys Hostel,water,14,0,2025-12-09T05:00:00+05:30
WS-003045,/help,Aryabhatt Bhawan III,projector,15,0,2025-12-09T08:00:00+05:30
WS-003046,/help,CL22,queue,42,0,2025-12-09T08:00:00+05:30
WS-003047,/explore,Sports Complex,queue,45,0,2025-12-09T08:00:00+05:30
WS-003048,/explore,CL1,wifi,66,0,2025-12-09T12:00:00+05:30
WS-003049,/explore,Parking,water,61,0,2025-12-09T15:00:00+05:30
WS-003050,/report,H4 Boys Hostel,wifi,33,0,2025-12-09T16:00:00+05:30
WS-003051,/status,A2/2,water,71,0,2025-12-09T15:00:00+05:30
WS-003052,/explore,Aryabhatt Bhawan II,queue,72,0,2025-12-09T14:00:00+05:30
WS-003053,/help,Aryabhatt Bhawan II,projector,62,0,2025-12-09T20:00:00+05:30
WS-003054,/campus-map,H4 Boys Hostel,wifi,20,0,2025-12-09T20:00:00+05:30
WS-003055,/campus-map,CL15,water,26,0,2025-12-09T16:00:00+05:30
WS-003056,/help,ECE Labs,cleaning,99,0,2025-12-09T21:00:00+05:30
WS-003057,/status,Sports Complex,lab,28,0,2025-12-10T00:00:00+05:30
WS-003058,/explore,ECE Labs,water,109,0,2025-12-09T22:00:00+05:30
WS-003059,/help,H5 Boys Hostel,projector,18,1,2025-12-09T21:00:00+05:30
WS-003060,/help,CL1,parking,35,0,2025-12-09T22:00:00+05:30
WS-003061,/explore,Girls Hostel,projector,64,0,2025-12-10T01:00:00+05:30
WS-003062,/report,CL15,wifi,37,0,2025-12-09T23:00:00+05:30
WS-003063,/campus-map,Aryabhatt Bhawan II,parking,69,0,2025-12-10T04:00:00+05:30
WS-003064,/status,Aryabhatt Bhawan II,wifi,25,0,2025-12-10T07:00:00+05:30
WS-003065,/help,LRC,queue,30,0,2025-12-10T07:00:00+05:30
WS-003066,/campus-map,Aryabhatt Bhawan III,parking,7,0,2025-12-10T07:00:00+05:30
WS-003067,/help,Water Points,cleaning,51,0,2025-12-10T05:00:00+05:30
WS-003068,/report,Aryabhatt Bhawan III,parking,18,0,2025-12-10T11:00:00+05:30
WS-003069,/explore,Main Gate,projector,14,0,2025-12-10T05:00:00+05:30
WS-003070,/help,Annapurna / Main Mess,cleaning,76,0,2025-12-10T12:00:00+05:30
WS-003071,/report,LRC,projector,23,0,2025-12-10T07:00:00+05:30
WS-003072,/help,Aryabhatt Bhawan III,wifi,42,0,2025-12-10T13:00:00+05:30
WS-003073,/status,CL3,parking,9,1,2025-12-10T14:00:00+05:30
WS-003074,/explore,Water Points,wifi,33,1,2025-12-10T11:00:00+05:30
WS-003075,/status,Girls Hostel,cleaning,20,0,2025-12-10T14:00:00+05:30
WS-003076,/report,Aryabhatt Bhawan II,cleaning,50,1,2025-12-10T15:00:00+05:30
WS-003077,/help,A2/1,parking,12,0,2025-12-10T16:00:00+05:30
WS-003078,/report,A2/1,cleaning,45,0,2025-12-10T14:00:00+05:30
WS-003079,/help,CL22,water,13,0,2025-12-10T22:00:00+05:30
WS-003080,/report,Washrooms,cleaning,27,0,2025-12-10T17:00:00+05:30
WS-003081,/campus-map,CL22,projector,35,0,2025-12-10T17:00:00+05:30
WS-003082,/explore,H4 Boys Hostel,wifi,39,0,2025-12-10T20:00:00+05:30
WS-003083,/help,LRC,wifi,40,0,2025-12-11T00:00:00+05:30
WS-003084,/help,Administration Block,cleaning,57,1,2025-12-11T00:00:00+05:30
WS-003085,/status,H5 Boys Hostel,wifi,42,0,2025-12-11T03:00:00+05:30
WS-003086,/status,H4 Boys Hostel,parking,65,0,2025-12-11T03:00:00+05:30
WS-003087,/help,Aryabhatt Bhawan II,wifi,28,0,2025-12-11T05:00:00+05:30
WS-003088,/report,Parking,lab,104,0,2025-12-11T00:00:00+05:30
WS-003089,/help,Parking,cleaning,71,1,2025-12-11T08:00:00+05:30
WS-003090,/status,A2/2,cleaning,23,1,2025-12-11T05:00:00+05:30
WS-003091,/status,A2/1,cleaning,13,0,2025-12-11T09:00:00+05:30
WS-003092,/help,H4 Boys Hostel,parking,20,0,2025-12-11T05:00:00+05:30
WS-003093,/explore,Aryabhatt Bhawan II,parking,54,0,2025-12-11T09:00:00+05:30
WS-003094,/help,LRC,water,33,0,2025-12-11T09:00:00+05:30
WS-003095,/help,Aryabhatt Bhawan III,water,38,1,2025-12-11T13:00:00+05:30
WS-003096,/report,Water Points,queue,10,0,2025-12-11T13:00:00+05:30
WS-003097,/campus-map,Cafeteria / Canteen,water,53,0,2025-12-11T11:00:00+05:30
WS-003098,/help,Aryabhatt Bhawan III,cleaning,86,0,2025-12-11T11:00:00+05:30
WS-003099,/report,CL22,lab,28,1,2025-12-11T14:00:00+05:30
WS-003100,/help,Aryabhatt Bhawan III,projector,13,0,2025-12-11T18:00:00+05:30
WS-003101,/status,Aryabhatt Bhawan II,wifi,8,1,2025-12-11T17:00:00+05:30
WS-003102,/help,Administration Block,water,48,0,2025-12-11T15:00:00+05:30
WS-003103,/campus-map,Aryabhatt Bhawan II,cleaning,44,1,2025-12-11T19:00:00+05:30
WS-003104,/status,Aryabhatt Bhawan II,parking,8,0,2025-12-11T16:00:00+05:30
WS-003105,/report,Aryabhatt Bhawan II,parking,51,1,2025-12-11T20:00:00+05:30
WS-003106,/campus-map,Aryabhatt Bhawan III,queue,23,0,2025-12-11T18:00:00+05:30
WS-003107,/campus-map,CL1,queue,50,0,2025-12-12T01:00:00+05:30
WS-003108,/help,CL15,parking,86,0,2025-12-11T20:00:00+05:30
WS-003109,/campus-map,Aryabhatt Bhawan III,water,37,0,2025-12-11T23:00:00+05:30
WS-003110,/help,Sports Complex,parking,23,0,2025-12-12T00:00:00+05:30
WS-003111,/status,Parking,wifi,54,1,2025-12-12T04:00:00+05:30
WS-003112,/explore,LRC,lab,32,0,2025-12-12T03:00:00+05:30
WS-003113,/explore,Water Points,water,42,0,2025-12-12T08:00:00+05:30
WS-003114,/help,Parking,wifi,81,0,2025-12-12T05:00:00+05:30
WS-003115,/report,Parking,queue,43,0,2025-12-12T10:00:00+05:30
WS-003116,/report,A2/2,queue,71,0,2025-12-12T11:00:00+05:30
WS-003117,/explore,H4 Boys Hostel,queue,42,0,2025-12-12T09:00:00+05:30
WS-003118,/report,LRC,water,76,0,2025-12-12T09:00:00+05:30
WS-003119,/explore,Parking,queue,36,0,2025-12-12T08:00:00+05:30
WS-003120,/campus-map,CL15,projector,34,0,2025-12-12T15:00:00+05:30
WS-003121,/help,A2/1,lab,44,0,2025-12-12T10:00:00+05:30
WS-003122,/campus-map,H4 Boys Hostel,cleaning,75,1,2025-12-12T12:00:00+05:30
WS-003123,/campus-map,H5 Boys Hostel,lab,18,0,2025-12-12T17:00:00+05:30
WS-003124,/status,A2/1,projector,28,0,2025-12-12T19:00:00+05:30
WS-003125,/help,H5 Boys Hostel,wifi,19,1,2025-12-12T17:00:00+05:30
WS-003126,/help,Administration Block,wifi,28,1,2025-12-12T18:00:00+05:30
WS-003127,/campus-map,Washrooms,lab,95,0,2025-12-12T22:00:00+05:30
WS-003128,/report,Main Gate,lab,30,1,2025-12-12T19:00:00+05:30
WS-003129,/campus-map,Aryabhatt Bhawan II,wifi,21,0,2025-12-13T00:00:00+05:30
WS-003130,/report,A2/2,projector,66,1,2025-12-12T19:00:00+05:30
WS-003131,/report,H4 Boys Hostel,lab,16,0,2025-12-13T00:00:00+05:30
WS-003132,/status,Water Points,queue,95,0,2025-12-13T00:00:00+05:30
WS-003133,/help,A2/2,wifi,32,0,2025-12-13T03:00:00+05:30
WS-003134,/status,Annapurna / Main Mess,cleaning,23,0,2025-12-12T22:00:00+05:30
WS-003135,/status,Sports Complex,wifi,89,0,2025-12-13T04:00:00+05:30
WS-003136,/campus-map,Sports Complex,wifi,41,0,2025-12-13T06:00:00+05:30
WS-003137,/help,Aryabhatt Bhawan III,queue,81,0,2025-12-13T02:00:00+05:30
WS-003138,/help,Sports Complex,wifi,67,1,2025-12-13T04:00:00+05:30
WS-003139,/help,ECE Labs,queue,26,0,2025-12-13T07:00:00+05:30
WS-003140,/help,Aryabhatt Bhawan III,parking,30,0,2025-12-13T06:00:00+05:30
WS-003141,/explore,A2/1,lab,23,0,2025-12-13T08:00:00+05:30
WS-003142,/campus-map,Aryabhatt Bhawan III,lab,42,0,2025-12-13T07:00:00+05:30
WS-003143,/status,Aryabhatt Bhawan II,projector,70,0,2025-12-13T11:00:00+05:30
WS-003144,/report,H5 Boys Hostel,queue,9,0,2025-12-13T14:00:00+05:30
WS-003145,/status,Administration Block,parking,38,0,2025-12-13T13:00:00+05:30
WS-003146,/explore,Aryabhatt Bhawan III,wifi,39,0,2025-12-13T10:00:00+05:30
WS-003147,/explore,Sports Complex,lab,20,0,2025-12-13T13:00:00+05:30
WS-003148,/report,Water Points,parking,17,0,2025-12-13T16:00:00+05:30
WS-003149,/help,A2/1,projector,103,0,2025-12-13T15:00:00+05:30
WS-003150,/campus-map,A2/1,lab,32,0,2025-12-13T19:00:00+05:30
WS-003151,/status,H5 Boys Hostel,wifi,25,0,2025-12-13T21:00:00+05:30
WS-003152,/report,Cafeteria / Canteen,cleaning,17,1,2025-12-13T21:00:00+05:30
WS-003153,/report,Auditorium,lab,70,0,2025-12-13T20:00:00+05:30
WS-003154,/explore,Annapurna / Main Mess,lab,49,0,2025-12-13T22:00:00+05:30
WS-003155,/report,A2/1,cleaning,67,0,2025-12-13T19:00:00+05:30
WS-003156,/campus-map,Administration Block,parking,89,0,2025-12-14T02:00:00+05:30
WS-003157,/report,CL3,projector,112,1,2025-12-14T03:00:00+05:30
WS-003158,/status,CL22,lab,45,1,2025-12-14T00:00:00+05:30
WS-003159,/status,Aryabhatt Bhawan II,lab,24,0,2025-12-14T03:00:00+05:30
WS-003160,/help,A2/1,parking,18,0,2025-12-14T06:00:00+05:30
WS-003161,/campus-map,CL3,cleaning,24,0,2025-12-14T01:00:00+05:30
WS-003162,/explore,Aryabhatt Bhawan III,projector,13,0,2025-12-14T02:00:00+05:30
WS-003163,/help,H4 Boys Hostel,queue,30,0,2025-12-14T06:00:00+05:30
WS-003164,/campus-map,Sports Complex,water,6,0,2025-12-14T10:00:00+05:30
WS-003165,/report,A2/1,lab,27,0,2025-12-14T08:00:00+05:30
WS-003166,/status,CL3,lab,58,0,2025-12-14T13:00:00+05:30
WS-003167,/status,Sports Complex,parking,49,0,2025-12-14T14:00:00+05:30
WS-003168,/explore,Washrooms,queue,27,0,2025-12-14T11:00:00+05:30
WS-003169,/campus-map,Administration Block,lab,65,0,2025-12-14T10:00:00+05:30
WS-003170,/explore,CL22,water,17,0,2025-12-14T10:00:00+05:30
WS-003171,/explore,CL3,queue,17,1,2025-12-14T14:00:00+05:30
WS-003172,/campus-map,Aryabhatt Bhawan II,projector,17,0,2025-12-14T14:00:00+05:30
WS-003173,/explore,CL1,cleaning,23,0,2025-12-14T20:00:00+05:30
WS-003174,/campus-map,CL3,lab,93,0,2025-12-14T15:00:00+05:30
WS-003175,/report,Annapurna / Main Mess,projector,27,1,2025-12-14T20:00:00+05:30
WS-003176,/campus-map,LRC,lab,31,1,2025-12-14T23:00:00+05:30
WS-003177,/status,A2/1,cleaning,32,0,2025-12-14T20:00:00+05:30
WS-003178,/report,ECE Labs,wifi,88,0,2025-12-14T22:00:00+05:30
WS-003179,/explore,Annapurna / Main Mess,projector,17,1,2025-12-14T21:00:00+05:30
WS-003180,/report,LRC,wifi,39,0,2025-12-15T01:00:00+05:30
WS-003181,/campus-map,H5 Boys Hostel,parking,20,0,2025-12-14T22:00:00+05:30
WS-003182,/report,Main Gate,lab,25,0,2025-12-15T03:00:00+05:30
WS-003183,/help,A2/2,queue,48,1,2025-12-15T05:00:00+05:30
WS-003184,/status,Aryabhatt Bhawan III,projector,48,1,2025-12-15T01:00:00+05:30
WS-003185,/report,A2/2,water,87,0,2025-12-15T01:00:00+05:30
WS-003186,/help,Cafeteria / Canteen,cleaning,62,0,2025-12-15T06:00:00+05:30
WS-003187,/campus-map,Aryabhatt Bhawan III,projector,23,0,2025-12-15T09:00:00+05:30
WS-003188,/status,CL22,cleaning,22,0,2025-12-15T04:00:00+05:30
WS-003189,/explore,CL15,lab,30,0,2025-12-15T11:00:00+05:30
WS-003190,/campus-map,LRC,lab,36,0,2025-12-15T06:00:00+05:30
WS-003191,/help,A2/2,water,33,1,2025-12-15T14:00:00+05:30
WS-003192,/help,Washrooms,lab,55,1,2025-12-15T10:00:00+05:30
WS-003193,/report,A2/1,wifi,74,1,2025-12-15T13:00:00+05:30
WS-003194,/help,H4 Boys Hostel,wifi,49,0,2025-12-15T10:00:00+05:30
WS-003195,/status,A2/1,water,43,0,2025-12-15T13:00:00+05:30
WS-003196,/campus-map,A2/1,projector,28,0,2025-12-15T15:00:00+05:30
WS-003197,/campus-map,Washrooms,wifi,26,0,2025-12-15T18:00:00+05:30
WS-003198,/help,A2/1,water,36,0,2025-12-15T14:00:00+05:30
WS-003199,/campus-map,Aryabhatt Bhawan II,projector,76,0,2025-12-15T22:00:00+05:30
WS-003200,/explore,Sports Complex,wifi,74,0,2025-12-15T22:00:00+05:30
WS-003201,/status,CL3,water,10,0,2025-12-15T22:00:00+05:30
WS-003202,/status,Girls Hostel,lab,13,1,2025-12-15T23:00:00+05:30
WS-003203,/help,Aryabhatt Bhawan II,cleaning,18,0,2025-12-16T01:00:00+05:30
WS-003204,/campus-map,Aryabhatt Bhawan II,queue,10,0,2025-12-16T03:00:00+05:30
WS-003205,/explore,Sports Complex,queue,86,0,2025-12-15T21:00:00+05:30
WS-003206,/report,CL15,parking,33,0,2025-12-15T23:00:00+05:30
WS-003207,/campus-map,Aryabhatt Bhawan II,wifi,43,0,2025-12-16T06:00:00+05:30
WS-003208,/report,H4 Boys Hostel,cleaning,47,1,2025-12-16T04:00:00+05:30
WS-003209,/status,A2/2,parking,56,0,2025-12-16T04:00:00+05:30
WS-003210,/help,A2/2,water,14,0,2025-12-16T04:00:00+05:30
WS-003211,/status,Aryabhatt Bhawan II,cleaning,13,0,2025-12-16T03:00:00+05:30
WS-003212,/help,CL3,projector,35,0,2025-12-16T06:00:00+05:30
WS-003213,/explore,Aryabhatt Bhawan II,wifi,40,0,2025-12-16T08:00:00+05:30
WS-003214,/campus-map,A2/1,wifi,18,0,2025-12-16T13:00:00+05:30
WS-003215,/explore,Aryabhatt Bhawan III,water,7,1,2025-12-16T09:00:00+05:30
WS-003216,/status,Main Gate,parking,10,0,2025-12-16T14:00:00+05:30
WS-003217,/explore,Aryabhatt Bhawan II,lab,5,0,2025-12-16T13:00:00+05:30
WS-003218,/status,Aryabhatt Bhawan II,parking,12,0,2025-12-16T16:00:00+05:30
WS-003219,/explore,CL15,projector,26,1,2025-12-16T14:00:00+05:30
WS-003220,/explore,Auditorium,cleaning,29,0,2025-12-16T13:00:00+05:30
WS-003221,/explore,H4 Boys Hostel,lab,126,0,2025-12-16T18:00:00+05:30
WS-003222,/explore,Annapurna / Main Mess,queue,47,1,2025-12-16T18:00:00+05:30
WS-003223,/help,CL1,projector,37,0,2025-12-16T17:00:00+05:30
WS-003224,/report,H4 Boys Hostel,water,26,0,2025-12-16T16:00:00+05:30
WS-003225,/help,Cafeteria / Canteen,water,31,0,2025-12-16T20:00:00+05:30
WS-003226,/status,Aryabhatt Bhawan II,water,63,0,2025-12-16T20:00:00+05:30
WS-003227,/help,H4 Boys Hostel,water,85,0,2025-12-16T20:00:00+05:30
WS-003228,/help,LRC,wifi,42,0,2025-12-17T02:00:00+05:30
WS-003229,/explore,H4 Boys Hostel,projector,9,0,2025-12-17T01:00:00+05:30
WS-003230,/help,A2/2,wifi,29,0,2025-12-17T03:00:00+05:30
WS-003231,/status,Annapurna / Main Mess,wifi,45,0,2025-12-16T23:00:00+05:30
WS-003232,/report,CL15,queue,16,1,2025-12-17T07:00:00+05:30
WS-003233,/status,A2/1,wifi,140,0,2025-12-17T03:00:00+05:30
WS-003234,/report,A2/1,projector,55,0,2025-12-17T05:00:00+05:30
WS-003235,/status,Aryabhatt Bhawan III,wifi,64,0,2025-12-17T06:00:00+05:30
WS-003236,/campus-map,H4 Boys Hostel,queue,39,0,2025-12-17T11:00:00+05:30
WS-003237,/report,ECE Labs,water,32,0,2025-12-17T12:00:00+05:30
WS-003238,/help,CL1,wifi,16,1,2025-12-17T06:00:00+05:30
WS-003239,/status,Auditorium,parking,39,0,2025-12-17T07:00:00+05:30
WS-003240,/explore,A2/1,cleaning,39,0,2025-12-17T12:00:00+05:30
WS-003241,/report,A2/2,cleaning,45,0,2025-12-17T13:00:00+05:30
WS-003242,/campus-map,Aryabhatt Bhawan III,parking,42,0,2025-12-17T15:00:00+05:30
WS-003243,/report,ECE Labs,lab,49,0,2025-12-17T13:00:00+05:30
WS-003244,/help,Aryabhatt Bhawan II,projector,17,0,2025-12-17T12:00:00+05:30
WS-003245,/status,Water Points,projector,32,0,2025-12-17T16:00:00+05:30
WS-003246,/report,Sports Complex,queue,16,0,2025-12-17T19:00:00+05:30
WS-003247,/status,Sports Complex,cleaning,15,1,2025-12-17T21:00:00+05:30
WS-003248,/help,Girls Hostel,cleaning,57,0,2025-12-17T20:00:00+05:30
WS-003249,/explore,Annapurna / Main Mess,water,51,0,2025-12-18T00:00:00+05:30
WS-003250,/status,Aryabhatt Bhawan II,water,32,0,2025-12-17T18:00:00+05:30
WS-003251,/status,Aryabhatt Bhawan II,wifi,17,0,2025-12-18T01:00:00+05:30
WS-003252,/report,Aryabhatt Bhawan II,parking,66,0,2025-12-17T23:00:00+05:30
WS-003253,/report,H4 Boys Hostel,parking,56,0,2025-12-18T00:00:00+05:30
WS-003254,/campus-map,Water Points,water,44,0,2025-12-18T01:00:00+05:30
WS-003255,/help,LRC,water,126,0,2025-12-18T05:00:00+05:30
WS-003256,/campus-map,Sports Complex,lab,19,0,2025-12-18T00:00:00+05:30
WS-003257,/explore,H4 Boys Hostel,water,88,0,2025-12-18T07:00:00+05:30
WS-003258,/report,Administration Block,projector,29,1,2025-12-18T02:00:00+05:30
WS-003259,/help,CL15,cleaning,28,0,2025-12-18T05:00:00+05:30
WS-003260,/explore,Girls Hostel,lab,13,0,2025-12-18T05:00:00+05:30
WS-003261,/report,Girls Hostel,cleaning,46,0,2025-12-18T05:00:00+05:30
WS-003262,/campus-map,CL15,water,38,0,2025-12-18T06:00:00+05:30
WS-003263,/help,Administration Block,wifi,23,0,2025-12-18T14:00:00+05:30
WS-003264,/explore,ECE Labs,lab,17,0,2025-12-18T11:00:00+05:30
WS-003265,/help,ECE Labs,parking,9,0,2025-12-18T12:00:00+05:30
WS-003266,/report,Annapurna / Main Mess,wifi,3,0,2025-12-18T13:00:00+05:30
WS-003267,/help,Aryabhatt Bhawan II,queue,64,0,2025-12-18T15:00:00+05:30
WS-003268,/help,Washrooms,projector,67,1,2025-12-18T14:00:00+05:30
WS-003269,/report,H4 Boys Hostel,queue,34,0,2025-12-18T15:00:00+05:30
WS-003270,/status,Main Gate,cleaning,22,0,2025-12-18T14:00:00+05:30
WS-003271,/report,Water Points,lab,40,0,2025-12-18T20:00:00+05:30
WS-003272,/status,ECE Labs,parking,30,0,2025-12-18T22:00:00+05:30
WS-003273,/explore,CL22,lab,74,0,2025-12-18T19:00:00+05:30
WS-003274,/campus-map,Sports Complex,wifi,36,0,2025-12-18T20:00:00+05:30
WS-003275,/explore,Auditorium,projector,18,1,2025-12-18T19:00:00+05:30
WS-003276,/campus-map,Aryabhatt Bhawan III,lab,91,0,2025-12-18T21:00:00+05:30
WS-003277,/help,A2/1,water,22,0,2025-12-19T00:00:00+05:30
WS-003278,/campus-map,CL22,queue,65,0,2025-12-19T01:00:00+05:30
WS-003279,/report,Aryabhatt Bhawan II,cleaning,19,1,2025-12-19T01:00:00+05:30
WS-003280,/campus-map,ECE Labs,projector,5,0,2025-12-19T03:00:00+05:30
WS-003281,/explore,A2/2,queue,43,1,2025-12-19T07:00:00+05:30
WS-003282,/report,ECE Labs,cleaning,52,1,2025-12-19T02:00:00+05:30
WS-003283,/status,Washrooms,wifi,51,0,2025-12-19T10:00:00+05:30
WS-003284,/help,A2/2,cleaning,112,1,2025-12-19T05:00:00+05:30
WS-003285,/report,ECE Labs,wifi,35,0,2025-12-19T05:00:00+05:30
WS-003286,/explore,A2/2,wifi,72,0,2025-12-19T06:00:00+05:30
WS-003287,/status,Washrooms,cleaning,24,0,2025-12-19T14:00:00+05:30
WS-003288,/status,A2/1,lab,26,0,2025-12-19T11:00:00+05:30
WS-003289,/campus-map,A2/2,water,21,0,2025-12-19T14:00:00+05:30
WS-003290,/explore,Cafeteria / Canteen,queue,6,0,2025-12-19T11:00:00+05:30
WS-003291,/help,Main Gate,cleaning,38,0,2025-12-19T14:00:00+05:30
WS-003292,/campus-map,A2/1,cleaning,30,0,2025-12-19T17:00:00+05:30
WS-003293,/campus-map,Aryabhatt Bhawan II,lab,30,0,2025-12-19T15:00:00+05:30
WS-003294,/status,CL15,lab,47,0,2025-12-19T21:00:00+05:30
WS-003295,/help,Water Points,parking,35,0,2025-12-19T18:00:00+05:30
WS-003296,/campus-map,Washrooms,lab,61,0,2025-12-19T23:00:00+05:30
WS-003297,/help,Girls Hostel,queue,59,1,2025-12-19T21:00:00+05:30
WS-003298,/campus-map,Aryabhatt Bhawan III,projector,36,1,2025-12-19T22:00:00+05:30
WS-003299,/help,Sports Complex,wifi,51,0,2025-12-19T23:00:00+05:30
WS-003300,/status,Main Gate,wifi,14,0,2025-12-19T21:00:00+05:30
WS-003301,/status,A2/2,cleaning,66,1,2025-12-19T23:00:00+05:30
WS-003302,/report,CL3,wifi,23,0,2025-12-20T04:00:00+05:30
WS-003303,/status,LRC,lab,12,0,2025-12-19T23:00:00+05:30
WS-003304,/report,CL22,cleaning,31,0,2025-12-20T03:00:00+05:30
WS-003305,/campus-map,CL22,lab,28,0,2025-12-20T03:00:00+05:30
WS-003306,/report,ECE Labs,queue,28,1,2025-12-20T02:00:00+05:30
WS-003307,/help,A2/1,projector,17,1,2025-12-20T04:00:00+05:30
WS-003308,/help,Parking,wifi,39,0,2025-12-20T07:00:00+05:30
WS-003309,/campus-map,A2/1,wifi,20,0,2025-12-20T09:00:00+05:30
WS-003310,/explore,H4 Boys Hostel,wifi,6,0,2025-12-20T12:00:00+05:30
WS-003311,/status,A2/2,queue,32,0,2025-12-20T14:00:00+05:30
WS-003312,/campus-map,A2/2,wifi,51,1,2025-12-20T08:00:00+05:30
WS-003313,/campus-map,Washrooms,parking,50,0,2025-12-20T13:00:00+05:30
WS-003314,/status,ECE Labs,projector,48,1,2025-12-20T14:00:00+05:30
WS-003315,/campus-map,H4 Boys Hostel,parking,164,0,2025-12-20T13:00:00+05:30
WS-003316,/report,H5 Boys Hostel,lab,76,0,2025-12-20T13:00:00+05:30
WS-003317,/report,H4 Boys Hostel,water,52,0,2025-12-20T13:00:00+05:30
WS-003318,/status,Aryabhatt Bhawan II,cleaning,84,1,2025-12-20T20:00:00+05:30
WS-003319,/report,Administration Block,parking,3,0,2025-12-20T22:00:00+05:30
WS-003320,/status,H5 Boys Hostel,projector,106,0,2025-12-20T16:00:00+05:30
WS-003321,/campus-map,CL22,water,70,0,2025-12-20T21:00:00+05:30
WS-003322,/help,LRC,parking,71,0,2025-12-20T21:00:00+05:30
WS-003323,/campus-map,CL15,wifi,72,0,2025-12-20T21:00:00+05:30
WS-003324,/report,Aryabhatt Bhawan III,wifi,10,0,2025-12-21T01:00:00+05:30
WS-003325,/help,Main Gate,wifi,35,0,2025-12-21T00:00:00+05:30
WS-003326,/status,A2/1,projector,28,1,2025-12-21T01:00:00+05:30
WS-003327,/explore,Aryabhatt Bhawan II,parking,59,1,2025-12-21T01:00:00+05:30
WS-003328,/status,Aryabhatt Bhawan II,projector,56,0,2025-12-21T02:00:00+05:30
WS-003329,/campus-map,Parking,wifi,28,0,2025-12-21T06:00:00+05:30
WS-003330,/explore,H5 Boys Hostel,cleaning,22,1,2025-12-21T05:00:00+05:30
WS-003331,/help,CL15,projector,52,1,2025-12-21T09:00:00+05:30
WS-003332,/help,CL15,parking,9,0,2025-12-21T06:00:00+05:30
WS-003333,/campus-map,LRC,projector,59,0,2025-12-21T10:00:00+05:30
WS-003334,/campus-map,H5 Boys Hostel,lab,41,0,2025-12-21T10:00:00+05:30
WS-003335,/campus-map,A2/2,queue,83,0,2025-12-21T08:00:00+05:30
WS-003336,/help,Annapurna / Main Mess,projector,45,0,2025-12-21T09:00:00+05:30
WS-003337,/status,Sports Complex,water,29,0,2025-12-21T10:00:00+05:30
WS-003338,/explore,A2/1,lab,27,0,2025-12-21T11:00:00+05:30
WS-003339,/explore,Aryabhatt Bhawan III,parking,60,0,2025-12-21T12:00:00+05:30
WS-003340,/status,Aryabhatt Bhawan II,queue,32,0,2025-12-21T14:00:00+05:30
WS-003341,/status,H5 Boys Hostel,wifi,44,0,2025-12-21T19:00:00+05:30
WS-003342,/campus-map,CL22,projector,77,0,2025-12-21T18:00:00+05:30
WS-003343,/campus-map,H5 Boys Hostel,wifi,13,0,2025-12-21T15:00:00+05:30
WS-003344,/campus-map,CL22,projector,45,0,2025-12-21T21:00:00+05:30
WS-003345,/campus-map,ECE Labs,parking,26,0,2025-12-21T23:00:00+05:30
WS-003346,/help,Sports Complex,cleaning,19,0,2025-12-21T23:00:00+05:30
WS-003347,/explore,A2/2,lab,47,0,2025-12-21T22:00:00+05:30
WS-003348,/explore,CL1,lab,30,0,2025-12-22T03:00:00+05:30
WS-003349,/explore,Girls Hostel,projector,13,1,2025-12-22T02:00:00+05:30
WS-003350,/status,A2/2,projector,75,0,2025-12-22T01:00:00+05:30
WS-003351,/report,CL3,lab,26,1,2025-12-22T04:00:00+05:30
WS-003352,/report,Aryabhatt Bhawan III,water,100,0,2025-12-22T03:00:00+05:30
WS-003353,/report,Auditorium,wifi,45,1,2025-12-22T01:00:00+05:30
WS-003354,/help,Aryabhatt Bhawan III,cleaning,16,0,2025-12-22T02:00:00+05:30
WS-003355,/help,Water Points,lab,10,1,2025-12-22T09:00:00+05:30
WS-003356,/explore,Auditorium,lab,63,0,2025-12-22T04:00:00+05:30
WS-003357,/help,Aryabhatt Bhawan III,lab,12,0,2025-12-22T10:00:00+05:30
WS-003358,/help,LRC,queue,13,0,2025-12-22T10:00:00+05:30
WS-003359,/explore,Parking,cleaning,24,0,2025-12-22T07:00:00+05:30
WS-003360,/help,H5 Boys Hostel,projector,34,0,2025-12-22T15:00:00+05:30
WS-003361,/explore,LRC,projector,9,0,2025-12-22T13:00:00+05:30
WS-003362,/explore,Annapurna / Main Mess,wifi,88,0,2025-12-22T12:00:00+05:30
WS-003363,/report,Parking,lab,94,0,2025-12-22T12:00:00+05:30
WS-003364,/help,Sports Complex,wifi,13,0,2025-12-22T18:00:00+05:30
WS-003365,/help,Administration Block,projector,52,0,2025-12-22T19:00:00+05:30
WS-003366,/status,Administration Block,queue,46,0,2025-12-22T18:00:00+05:30
WS-003367,/campus-map,Aryabhatt Bhawan II,queue,36,0,2025-12-22T15:00:00+05:30
WS-003368,/campus-map,A2/2,queue,38,0,2025-12-22T21:00:00+05:30
WS-003369,/report,A2/1,projector,43,0,2025-12-22T18:00:00+05:30
WS-003370,/campus-map,CL3,cleaning,21,0,2025-12-22T23:00:00+05:30
WS-003371,/explore,Aryabhatt Bhawan II,parking,42,0,2025-12-23T02:00:00+05:30
WS-003372,/explore,CL15,cleaning,53,0,2025-12-23T00:00:00+05:30
WS-003373,/report,LRC,cleaning,39,0,2025-12-23T00:00:00+05:30
WS-003374,/status,CL1,cleaning,51,0,2025-12-22T23:00:00+05:30
WS-003375,/status,Sports Complex,queue,44,0,2025-12-23T00:00:00+05:30
WS-003376,/report,Sports Complex,wifi,76,0,2025-12-23T01:00:00+05:30
WS-003377,/help,Aryabhatt Bhawan III,lab,73,0,2025-12-23T05:00:00+05:30
WS-003378,/report,H4 Boys Hostel,water,32,1,2025-12-23T02:00:00+05:30
WS-003379,/status,Washrooms,cleaning,56,0,2025-12-23T08:00:00+05:30
WS-003380,/report,H4 Boys Hostel,wifi,2,0,2025-12-23T04:00:00+05:30
WS-003381,/help,Aryabhatt Bhawan II,wifi,17,0,2025-12-23T05:00:00+05:30
WS-003382,/explore,LRC,projector,37,0,2025-12-23T11:00:00+05:30
WS-003383,/help,A2/1,cleaning,42,0,2025-12-23T07:00:00+05:30
WS-003384,/campus-map,H5 Boys Hostel,parking,36,1,2025-12-23T08:00:00+05:30
WS-003385,/help,Cafeteria / Canteen,lab,8,0,2025-12-23T13:00:00+05:30
WS-003386,/report,Aryabhatt Bhawan III,lab,42,0,2025-12-23T15:00:00+05:30
WS-003387,/explore,Aryabhatt Bhawan III,queue,16,0,2025-12-23T13:00:00+05:30
WS-003388,/explore,Girls Hostel,lab,38,0,2025-12-23T13:00:00+05:30
WS-003389,/report,A2/1,water,51,0,2025-12-23T15:00:00+05:30
WS-003390,/help,Aryabhatt Bhawan III,lab,25,0,2025-12-23T21:00:00+05:30
WS-003391,/help,Main Gate,water,15,1,2025-12-23T15:00:00+05:30
WS-003392,/explore,Sports Complex,cleaning,19,1,2025-12-23T19:00:00+05:30
WS-003393,/report,Aryabhatt Bhawan III,cleaning,61,0,2025-12-23T23:00:00+05:30
WS-003394,/status,Water Points,wifi,9,0,2025-12-23T22:00:00+05:30
WS-003395,/explore,CL22,projector,15,0,2025-12-24T00:00:00+05:30
WS-003396,/explore,A2/2,lab,78,1,2025-12-24T00:00:00+05:30
WS-003397,/explore,A2/1,water,28,0,2025-12-24T01:00:00+05:30
WS-003398,/explore,Annapurna / Main Mess,parking,27,0,2025-12-23T22:00:00+05:30
WS-003399,/campus-map,LRC,water,11,0,2025-12-24T01:00:00+05:30
WS-003400,/status,Girls Hostel,cleaning,7,0,2025-12-24T04:00:00+05:30
WS-003401,/help,H5 Boys Hostel,wifi,60,0,2025-12-24T03:00:00+05:30
WS-003402,/explore,H5 Boys Hostel,lab,55,1,2025-12-24T06:00:00+05:30
WS-003403,/help,Girls Hostel,projector,15,1,2025-12-24T03:00:00+05:30
WS-003404,/explore,LRC,parking,62,0,2025-12-24T10:00:00+05:30
WS-003405,/help,Aryabhatt Bhawan III,parking,77,0,2025-12-24T05:00:00+05:30
WS-003406,/campus-map,Auditorium,queue,40,0,2025-12-24T10:00:00+05:30
WS-003407,/explore,CL22,queue,34,0,2025-12-24T07:00:00+05:30
WS-003408,/help,Aryabhatt Bhawan III,lab,30,0,2025-12-24T11:00:00+05:30
WS-003409,/campus-map,LRC,projector,22,0,2025-12-24T13:00:00+05:30
WS-003410,/campus-map,Aryabhatt Bhawan II,queue,76,0,2025-12-24T11:00:00+05:30
WS-003411,/campus-map,Aryabhatt Bhawan II,cleaning,40,0,2025-12-24T18:00:00+05:30
WS-003412,/status,CL1,queue,28,0,2025-12-24T14:00:00+05:30
WS-003413,/report,Cafeteria / Canteen,lab,42,0,2025-12-24T14:00:00+05:30
WS-003414,/report,ECE Labs,projector,10,0,2025-12-24T14:00:00+05:30
WS-003415,/report,Sports Complex,projector,45,0,2025-12-24T20:00:00+05:30
WS-003416,/campus-map,Washrooms,cleaning,35,0,2025-12-24T16:00:00+05:30
WS-003417,/report,A2/2,projector,63,0,2025-12-24T22:00:00+05:30
WS-003418,/report,H5 Boys Hostel,projector,4,1,2025-12-24T21:00:00+05:30
WS-003419,/status,A2/1,water,10,0,2025-12-24T21:00:00+05:30
WS-003420,/report,A2/1,lab,24,1,2025-12-25T02:00:00+05:30
WS-003421,/status,Aryabhatt Bhawan III,cleaning,3,1,2025-12-25T02:00:00+05:30
WS-003422,/explore,Parking,wifi,31,0,2025-12-25T02:00:00+05:30
WS-003423,/help,LRC,projector,34,0,2025-12-25T02:00:00+05:30
WS-003424,/campus-map,H5 Boys Hostel,queue,63,0,2025-12-25T06:00:00+05:30
WS-003425,/report,Aryabhatt Bhawan III,cleaning,20,0,2025-12-25T01:00:00+05:30
WS-003426,/help,Washrooms,queue,43,0,2025-12-25T04:00:00+05:30
WS-003427,/help,Water Points,lab,37,0,2025-12-25T08:00:00+05:30
WS-003428,/campus-map,Auditorium,parking,29,0,2025-12-25T08:00:00+05:30
WS-003429,/explore,Auditorium,parking,15,0,2025-12-25T08:00:00+05:30
WS-003430,/explore,CL22,projector,73,0,2025-12-25T10:00:00+05:30
WS-003431,/explore,Annapurna / Main Mess,water,19,0,2025-12-25T14:00:00+05:30
WS-003432,/explore,Parking,wifi,30,0,2025-12-25T11:00:00+05:30
WS-003433,/report,Parking,cleaning,7,0,2025-12-25T10:00:00+05:30
WS-003434,/help,Main Gate,water,27,0,2025-12-25T13:00:00+05:30
WS-003435,/status,CL15,parking,55,0,2025-12-25T14:00:00+05:30
WS-003436,/help,H5 Boys Hostel,cleaning,80,0,2025-12-25T12:00:00+05:30
WS-003437,/help,Cafeteria / Canteen,cleaning,42,0,2025-12-25T13:00:00+05:30
WS-003438,/help,CL1,water,62,0,2025-12-25T21:00:00+05:30
WS-003439,/help,Sports Complex,projector,45,0,2025-12-25T17:00:00+05:30
WS-003440,/help,Auditorium,parking,17,0,2025-12-25T19:00:00+05:30
WS-003441,/report,CL22,cleaning,12,1,2025-12-25T21:00:00+05:30
WS-003442,/explore,Aryabhatt Bhawan II,wifi,25,0,2025-12-25T23:00:00+05:30
WS-003443,/explore,ECE Labs,cleaning,32,0,2025-12-25T20:00:00+05:30
WS-003444,/explore,Auditorium,cleaning,27,0,2025-12-26T02:00:00+05:30
WS-003445,/status,Annapurna / Main Mess,cleaning,39,0,2025-12-26T02:00:00+05:30
WS-003446,/report,Parking,queue,48,1,2025-12-25T23:00:00+05:30
WS-003447,/explore,LRC,projector,35,0,2025-12-25T23:00:00+05:30
WS-003448,/campus-map,A2/2,parking,48,0,2025-12-26T01:00:00+05:30
WS-003449,/help,Auditorium,lab,93,0,2025-12-26T08:00:00+05:30
WS-003450,/help,CL1,lab,64,0,2025-12-26T05:00:00+05:30
WS-003451,/explore,CL1,water,6,1,2025-12-26T05:00:00+05:30
WS-003452,/campus-map,Cafeteria / Canteen,lab,26,0,2025-12-26T07:00:00+05:30
WS-003453,/report,Sports Complex,cleaning,31,0,2025-12-26T08:00:00+05:30
WS-003454,/status,Administration Block,lab,46,0,2025-12-26T13:00:00+05:30
WS-003455,/status,Annapurna / Main Mess,cleaning,37,0,2025-12-26T10:00:00+05:30
WS-003456,/status,A2/1,cleaning,26,0,2025-12-26T15:00:00+05:30
WS-003457,/help,LRC,wifi,79,0,2025-12-26T09:00:00+05:30
WS-003458,/explore,A2/1,lab,53,1,2025-12-26T11:00:00+05:30
WS-003459,/report,A2/1,water,12,1,2025-12-26T15:00:00+05:30
WS-003460,/help,A2/1,wifi,65,1,2025-12-26T16:00:00+05:30
WS-003461,/explore,Annapurna / Main Mess,cleaning,10,0,2025-12-26T17:00:00+05:30
WS-003462,/report,Aryabhatt Bhawan II,water,104,0,2025-12-26T19:00:00+05:30
WS-003463,/explore,Cafeteria / Canteen,lab,26,0,2025-12-26T22:00:00+05:30
WS-003464,/status,Cafeteria / Canteen,wifi,57,0,2025-12-26T17:00:00+05:30
WS-003465,/explore,LRC,parking,58,0,2025-12-26T22:00:00+05:30
WS-003466,/explore,Main Gate,parking,91,1,2025-12-27T00:00:00+05:30
WS-003467,/explore,Aryabhatt Bhawan II,wifi,48,0,2025-12-27T02:00:00+05:30
WS-003468,/help,Aryabhatt Bhawan II,water,53,0,2025-12-27T03:00:00+05:30
WS-003469,/help,H4 Boys Hostel,water,45,0,2025-12-26T21:00:00+05:30
WS-003470,/explore,A2/1,lab,18,0,2025-12-27T02:00:00+05:30
WS-003471,/explore,Aryabhatt Bhawan III,lab,59,0,2025-12-27T01:00:00+05:30
WS-003472,/campus-map,Auditorium,projector,50,1,2025-12-27T02:00:00+05:30
WS-003473,/help,A2/2,projector,32,0,2025-12-27T05:00:00+05:30
WS-003474,/help,LRC,projector,7,0,2025-12-27T02:00:00+05:30
WS-003475,/report,A2/2,projector,16,0,2025-12-27T08:00:00+05:30
WS-003476,/campus-map,CL15,cleaning,32,1,2025-12-27T11:00:00+05:30
WS-003477,/report,Administration Block,water,59,0,2025-12-27T06:00:00+05:30
WS-003478,/explore,Aryabhatt Bhawan III,cleaning,82,0,2025-12-27T11:00:00+05:30
WS-003479,/help,Aryabhatt Bhawan III,queue,46,0,2025-12-27T14:00:00+05:30
WS-003480,/report,CL15,projector,65,0,2025-12-27T12:00:00+05:30
WS-003481,/status,ECE Labs,projector,38,1,2025-12-27T12:00:00+05:30
WS-003482,/report,Main Gate,queue,37,0,2025-12-27T12:00:00+05:30
WS-003483,/explore,LRC,water,20,0,2025-12-27T15:00:00+05:30
WS-003484,/explore,ECE Labs,parking,80,1,2025-12-27T18:00:00+05:30
WS-003485,/report,CL1,lab,31,0,2025-12-27T15:00:00+05:30
WS-003486,/help,Water Points,cleaning,21,1,2025-12-27T15:00:00+05:30
WS-003487,/help,Main Gate,cleaning,79,1,2025-12-27T20:00:00+05:30
WS-003488,/help,Parking,lab,45,0,2025-12-27T17:00:00+05:30
WS-003489,/help,ECE Labs,water,54,1,2025-12-27T23:00:00+05:30
WS-003490,/status,Girls Hostel,cleaning,38,0,2025-12-27T19:00:00+05:30
WS-003491,/explore,Washrooms,projector,15,0,2025-12-27T20:00:00+05:30
WS-003492,/status,LRC,projector,37,0,2025-12-28T01:00:00+05:30
WS-003493,/help,Girls Hostel,lab,5,0,2025-12-28T04:00:00+05:30
WS-003494,/campus-map,H5 Boys Hostel,water,10,0,2025-12-28T05:00:00+05:30
WS-003495,/help,Main Gate,wifi,6,0,2025-12-28T04:00:00+05:30
WS-003496,/report,A2/1,parking,14,0,2025-12-28T02:00:00+05:30
WS-003497,/campus-map,Aryabhatt Bhawan III,queue,11,0,2025-12-28T01:00:00+05:30
WS-003498,/status,Auditorium,wifi,22,0,2025-12-28T04:00:00+05:30
WS-003499,/explore,CL3,lab,37,0,2025-12-28T03:00:00+05:30
WS-003500,/campus-map,Administration Block,queue,12,0,2025-12-28T06:00:00+05:30
WS-003501,/explore,A2/2,wifi,24,0,2025-12-28T07:00:00+05:30
WS-003502,/report,A2/1,wifi,77,0,2025-12-28T07:00:00+05:30
WS-003503,/status,A2/2,parking,43,0,2025-12-28T13:00:00+05:30
WS-003504,/status,Aryabhatt Bhawan II,wifi,45,0,2025-12-28T09:00:00+05:30
WS-003505,/report,A2/2,wifi,49,0,2025-12-28T16:00:00+05:30
WS-003506,/status,Parking,projector,12,1,2025-12-28T14:00:00+05:30
WS-003507,/status,Main Gate,parking,32,0,2025-12-28T14:00:00+05:30
WS-003508,/report,H4 Boys Hostel,projector,29,0,2025-12-28T15:00:00+05:30
WS-003509,/status,Main Gate,water,71,0,2025-12-28T19:00:00+05:30
WS-003510,/status,Washrooms,lab,8,0,2025-12-28T20:00:00+05:30
WS-003511,/status,Parking,lab,56,0,2025-12-28T16:00:00+05:30
WS-003512,/campus-map,Cafeteria / Canteen,wifi,7,0,2025-12-28T19:00:00+05:30
WS-003513,/explore,Aryabhatt Bhawan III,water,31,0,2025-12-28T19:00:00+05:30
WS-003514,/status,A2/2,parking,23,1,2025-12-29T01:00:00+05:30
WS-003515,/campus-map,Aryabhatt Bhawan III,parking,47,0,2025-12-29T02:00:00+05:30
WS-003516,/campus-map,Aryabhatt Bhawan II,cleaning,43,0,2025-12-28T22:00:00+05:30
WS-003517,/report,Aryabhatt Bhawan III,parking,34,0,2025-12-29T03:00:00+05:30
WS-003518,/report,A2/1,queue,40,0,2025-12-29T00:00:00+05:30
WS-003519,/report,CL1,projector,24,0,2025-12-29T01:00:00+05:30
WS-003520,/campus-map,Annapurna / Main Mess,lab,38,0,2025-12-29T06:00:00+05:30
WS-003521,/campus-map,H4 Boys Hostel,wifi,49,0,2025-12-29T08:00:00+05:30
WS-003522,/help,Aryabhatt Bhawan II,parking,19,0,2025-12-29T04:00:00+05:30
WS-003523,/report,CL3,queue,55,0,2025-12-29T08:00:00+05:30
WS-003524,/help,Aryabhatt Bhawan II,water,96,0,2025-12-29T05:00:00+05:30
WS-003525,/explore,A2/1,water,65,1,2025-12-29T11:00:00+05:30
WS-003526,/help,Auditorium,parking,20,0,2025-12-29T08:00:00+05:30
WS-003527,/report,Auditorium,projector,60,0,2025-12-29T14:00:00+05:30
WS-003528,/explore,H4 Boys Hostel,cleaning,37,0,2025-12-29T11:00:00+05:30
WS-003529,/status,Administration Block,wifi,68,0,2025-12-29T13:00:00+05:30
WS-003530,/help,Aryabhatt Bhawan III,cleaning,16,0,2025-12-29T12:00:00+05:30
WS-003531,/campus-map,Auditorium,queue,18,0,2025-12-29T15:00:00+05:30
WS-003532,/campus-map,A2/1,lab,12,0,2025-12-29T18:00:00+05:30
WS-003533,/explore,Girls Hostel,queue,50,0,2025-12-29T18:00:00+05:30
WS-003534,/campus-map,CL15,queue,54,0,2025-12-29T14:00:00+05:30
WS-003535,/help,H4 Boys Hostel,wifi,19,0,2025-12-29T15:00:00+05:30
WS-003536,/help,Aryabhatt Bhawan III,lab,13,1,2025-12-29T20:00:00+05:30
WS-003537,/help,Cafeteria / Canteen,parking,22,0,2025-12-29T21:00:00+05:30
WS-003538,/explore,H5 Boys Hostel,lab,66,0,2025-12-29T19:00:00+05:30
WS-003539,/report,Water Points,lab,48,0,2025-12-29T20:00:00+05:30
WS-003540,/campus-map,Sports Complex,cleaning,82,0,2025-12-29T21:00:00+05:30
WS-003541,/help,CL15,cleaning,12,1,2025-12-30T02:00:00+05:30
WS-003542,/report,LRC,wifi,51,0,2025-12-30T01:00:00+05:30
WS-003543,/campus-map,A2/2,lab,17,0,2025-12-30T06:00:00+05:30
WS-003544,/campus-map,Girls Hostel,cleaning,81,0,2025-12-30T00:00:00+05:30
WS-003545,/status,H4 Boys Hostel,cleaning,31,0,2025-12-30T06:00:00+05:30
WS-003546,/report,Aryabhatt Bhawan III,cleaning,12,1,2025-12-30T02:00:00+05:30
WS-003547,/help,H5 Boys Hostel,cleaning,15,0,2025-12-30T10:00:00+05:30
WS-003548,/report,Aryabhatt Bhawan III,parking,29,1,2025-12-30T08:00:00+05:30
WS-003549,/report,H4 Boys Hostel,cleaning,7,0,2025-12-30T10:00:00+05:30
WS-003550,/report,H5 Boys Hostel,cleaning,28,0,2025-12-30T13:00:00+05:30
WS-003551,/report,Administration Block,projector,17,0,2025-12-30T14:00:00+05:30
WS-003552,/explore,Girls Hostel,cleaning,23,0,2025-12-30T14:00:00+05:30
WS-003553,/campus-map,Auditorium,cleaning,53,0,2025-12-30T16:00:00+05:30
WS-003554,/help,Main Gate,lab,55,0,2025-12-30T10:00:00+05:30
WS-003555,/status,Parking,cleaning,34,1,2025-12-30T11:00:00+05:30
WS-003556,/report,Aryabhatt Bhawan II,projector,55,0,2025-12-30T15:00:00+05:30
WS-003557,/campus-map,Parking,parking,18,0,2025-12-30T19:00:00+05:30
WS-003558,/campus-map,ECE Labs,cleaning,11,1,2025-12-30T17:00:00+05:30
WS-003559,/status,Sports Complex,water,59,0,2025-12-30T21:00:00+05:30
WS-003560,/status,Girls Hostel,wifi,20,0,2025-12-30T18:00:00+05:30
WS-003561,/help,Water Points,parking,98,0,2025-12-30T20:00:00+05:30
WS-003562,/status,Annapurna / Main Mess,parking,5,0,2025-12-31T01:00:00+05:30
WS-003563,/explore,Aryabhatt Bhawan II,water,27,0,2025-12-30T19:00:00+05:30
WS-003564,/status,A2/2,wifi,50,1,2025-12-30T23:00:00+05:30
WS-003565,/explore,Sports Complex,parking,40,0,2025-12-31T03:00:00+05:30
WS-003566,/campus-map,Administration Block,water,44,0,2025-12-31T01:00:00+05:30
WS-003567,/report,Aryabhatt Bhawan II,water,30,0,2025-12-31T04:00:00+05:30
WS-003568,/status,Aryabhatt Bhawan III,parking,16,1,2025-12-31T00:00:00+05:30
WS-003569,/help,Parking,wifi,58,1,2025-12-31T08:00:00+05:30
WS-003570,/status,Administration Block,cleaning,44,1,2025-12-31T06:00:00+05:30
WS-003571,/explore,A2/1,cleaning,50,1,2025-12-31T04:00:00+05:30
WS-003572,/help,Parking,queue,59,0,2025-12-31T09:00:00+05:30
WS-003573,/campus-map,Aryabhatt Bhawan III,lab,17,0,2025-12-31T12:00:00+05:30
WS-003574,/campus-map,Girls Hostel,queue,89,1,2025-12-31T09:00:00+05:30
WS-003575,/campus-map,Main Gate,projector,24,0,2025-12-31T11:00:00+05:30
WS-003576,/help,CL15,wifi,2,0,2025-12-31T13:00:00+05:30
WS-003577,/explore,Water Points,lab,24,1,2025-12-31T15:00:00+05:30
WS-003578,/help,A2/1,parking,32,0,2025-12-31T10:00:00+05:30
WS-003579,/explore,CL1,parking,24,0,2025-12-31T16:00:00+05:30
WS-003580,/status,H4 Boys Hostel,lab,44,0,2025-12-31T16:00:00+05:30
WS-003581,/campus-map,Aryabhatt Bhawan II,wifi,15,0,2025-12-31T16:00:00+05:30
WS-003582,/status,H5 Boys Hostel,parking,16,1,2025-12-31T16:00:00+05:30
WS-003583,/status,H4 Boys Hostel,wifi,21,0,2025-12-31T20:00:00+05:30
WS-003584,/explore,Aryabhatt Bhawan III,projector,21,0,2025-12-31T21:00:00+05:30
WS-003585,/help,Aryabhatt Bhawan II,water,67,1,2025-12-31T22:00:00+05:30
WS-003586,/status,ECE Labs,lab,26,0,2026-01-01T01:00:00+05:30
WS-003587,/campus-map,ECE Labs,water,31,0,2025-12-31T20:00:00+05:30
WS-003588,/status,CL1,water,56,0,2025-12-31T21:00:00+05:30
WS-003589,/report,Aryabhatt Bhawan II,projector,43,0,2025-12-31T22:00:00+05:30
WS-003590,/campus-map,ECE Labs,lab,16,0,2026-01-01T03:00:00+05:30
WS-003591,/explore,Administration Block,wifi,16,0,2026-01-01T04:00:00+05:30
WS-003592,/campus-map,Aryabhatt Bhawan II,projector,32,0,2026-01-01T01:00:00+05:30
WS-003593,/explore,A2/2,projector,9,0,2026-01-01T01:00:00+05:30
WS-003594,/explore,Annapurna / Main Mess,lab,38,0,2026-01-01T02:00:00+05:30
WS-003595,/help,A2/2,lab,25,0,2026-01-01T03:00:00+05:30
WS-003596,/status,Auditorium,water,42,1,2026-01-01T05:00:00+05:30
WS-003597,/report,Cafeteria / Canteen,projector,43,0,2026-01-01T06:00:00+05:30
WS-003598,/help,H5 Boys Hostel,parking,89,0,2026-01-01T10:00:00+05:30
WS-003599,/report,Aryabhatt Bhawan III,queue,32,0,2026-01-01T10:00:00+05:30
WS-003600,/explore,Cafeteria / Canteen,projector,8,0,2026-01-01T08:00:00+05:30
WS-003601,/report,Aryabhatt Bhawan III,water,77,0,2026-01-01T10:00:00+05:30
WS-003602,/status,A2/1,projector,94,0,2026-01-01T16:00:00+05:30
WS-003603,/help,Girls Hostel,wifi,82,0,2026-01-01T15:00:00+05:30
WS-003604,/report,Water Points,lab,18,0,2026-01-01T19:00:00+05:30
WS-003605,/report,Auditorium,water,38,0,2026-01-01T20:00:00+05:30
WS-003606,/campus-map,CL1,water,25,0,2026-01-01T18:00:00+05:30
WS-003607,/campus-map,CL22,parking,9,0,2026-01-01T21:00:00+05:30
WS-003608,/campus-map,ECE Labs,wifi,28,0,2026-01-01T20:00:00+05:30
WS-003609,/report,CL22,water,14,0,2026-01-01T21:00:00+05:30
WS-003610,/help,Administration Block,queue,41,0,2026-01-01T19:00:00+05:30
WS-003611,/help,ECE Labs,projector,65,0,2026-01-01T22:00:00+05:30
WS-003612,/status,Water Points,queue,22,0,2026-01-01T23:00:00+05:30
WS-003613,/help,Annapurna / Main Mess,queue,60,0,2026-01-02T03:00:00+05:30
WS-003614,/explore,CL3,water,26,0,2026-01-02T04:00:00+05:30
WS-003615,/report,Washrooms,wifi,34,0,2026-01-02T05:00:00+05:30
WS-003616,/campus-map,CL1,wifi,19,0,2026-01-02T05:00:00+05:30
WS-003617,/status,Cafeteria / Canteen,cleaning,65,0,2026-01-02T03:00:00+05:30
WS-003618,/status,Parking,wifi,23,0,2026-01-02T07:00:00+05:30
WS-003619,/help,Main Gate,wifi,41,0,2026-01-02T03:00:00+05:30
WS-003620,/status,Administration Block,projector,26,0,2026-01-02T06:00:00+05:30
WS-003621,/status,Aryabhatt Bhawan II,parking,63,0,2026-01-02T10:00:00+05:30
WS-003622,/status,CL3,lab,13,0,2026-01-02T12:00:00+05:30
WS-003623,/campus-map,Administration Block,queue,16,1,2026-01-02T12:00:00+05:30
WS-003624,/help,CL22,projector,38,1,2026-01-02T15:00:00+05:30
WS-003625,/campus-map,H4 Boys Hostel,queue,141,0,2026-01-02T15:00:00+05:30
WS-003626,/campus-map,Auditorium,parking,21,1,2026-01-02T11:00:00+05:30
WS-003627,/explore,Aryabhatt Bhawan III,wifi,41,0,2026-01-02T16:00:00+05:30
WS-003628,/report,Parking,cleaning,54,0,2026-01-02T17:00:00+05:30
WS-003629,/explore,Administration Block,wifi,28,0,2026-01-02T19:00:00+05:30
WS-003630,/help,Aryabhatt Bhawan III,queue,22,0,2026-01-02T18:00:00+05:30
WS-003631,/campus-map,Sports Complex,cleaning,14,0,2026-01-02T20:00:00+05:30
WS-003632,/help,H5 Boys Hostel,wifi,94,0,2026-01-02T19:00:00+05:30
WS-003633,/report,Aryabhatt Bhawan II,parking,77,0,2026-01-02T19:00:00+05:30
WS-003634,/help,Aryabhatt Bhawan III,projector,49,1,2026-01-02T19:00:00+05:30
WS-003635,/campus-map,H5 Boys Hostel,cleaning,102,0,2026-01-02T19:00:00+05:30
WS-003636,/campus-map,CL1,cleaning,90,0,2026-01-02T21:00:00+05:30
WS-003637,/status,CL15,parking,31,0,2026-01-03T01:00:00+05:30
WS-003638,/report,Annapurna / Main Mess,parking,185,0,2026-01-03T00:00:00+05:30
WS-003639,/report,A2/2,lab,14,1,2026-01-03T01:00:00+05:30
WS-003640,/campus-map,Cafeteria / Canteen,lab,75,0,2026-01-03T00:00:00+05:30
WS-003641,/help,Aryabhatt Bhawan III,wifi,24,1,2026-01-03T07:00:00+05:30
WS-003642,/campus-map,A2/2,cleaning,15,0,2026-01-03T04:00:00+05:30
WS-003643,/explore,Girls Hostel,lab,54,0,2026-01-03T08:00:00+05:30
WS-003644,/help,Cafeteria / Canteen,water,27,0,2026-01-03T09:00:00+05:30
WS-003645,/help,H4 Boys Hostel,cleaning,51,1,2026-01-03T12:00:00+05:30
WS-003646,/help,Aryabhatt Bhawan II,lab,2,0,2026-01-03T08:00:00+05:30
WS-003647,/report,A2/2,water,10,1,2026-01-03T07:00:00+05:30
WS-003648,/report,Administration Block,parking,57,0,2026-01-03T14:00:00+05:30
WS-003649,/help,Washrooms,projector,8,0,2026-01-03T16:00:00+05:30
WS-003650,/status,Annapurna / Main Mess,parking,8,0,2026-01-03T15:00:00+05:30
WS-003651,/campus-map,Aryabhatt Bhawan II,queue,30,0,2026-01-03T11:00:00+05:30
WS-003652,/report,Aryabhatt Bhawan II,parking,70,1,2026-01-03T13:00:00+05:30
WS-003653,/explore,CL15,parking,50,0,2026-01-03T13:00:00+05:30
WS-003654,/report,CL1,projector,42,0,2026-01-03T19:00:00+05:30
WS-003655,/report,H5 Boys Hostel,lab,12,0,2026-01-03T21:00:00+05:30
WS-003656,/help,H4 Boys Hostel,lab,34,0,2026-01-03T18:00:00+05:30
WS-003657,/explore,Washrooms,queue,27,0,2026-01-04T00:00:00+05:30
WS-003658,/explore,Administration Block,cleaning,85,0,2026-01-03T19:00:00+05:30
WS-003659,/explore,CL15,projector,104,1,2026-01-04T00:00:00+05:30
WS-003660,/explore,Aryabhatt Bhawan III,queue,28,0,2026-01-03T21:00:00+05:30
WS-003661,/explore,Girls Hostel,lab,26,0,2026-01-03T22:00:00+05:30
WS-003662,/report,Washrooms,water,28,0,2026-01-03T23:00:00+05:30
WS-003663,/status,Parking,queue,14,0,2026-01-04T00:00:00+05:30
WS-003664,/campus-map,Aryabhatt Bhawan III,parking,34,0,2026-01-04T02:00:00+05:30
WS-003665,/status,Parking,queue,34,0,2026-01-04T08:00:00+05:30
WS-003666,/report,Aryabhatt Bhawan II,water,25,0,2026-01-04T09:00:00+05:30
WS-003667,/explore,Sports Complex,queue,52,0,2026-01-04T09:00:00+05:30
WS-003668,/campus-map,CL1,wifi,12,0,2026-01-04T11:00:00+05:30
WS-003669,/status,A2/2,wifi,14,1,2026-01-04T09:00:00+05:30
WS-003670,/status,CL3,wifi,64,0,2026-01-04T12:00:00+05:30
WS-003671,/report,CL1,parking,31,0,2026-01-04T07:00:00+05:30
WS-003672,/status,Parking,cleaning,26,1,2026-01-04T14:00:00+05:30
WS-003673,/campus-map,Aryabhatt Bhawan III,water,39,0,2026-01-04T12:00:00+05:30
WS-003674,/help,Annapurna / Main Mess,cleaning,10,0,2026-01-04T14:00:00+05:30
WS-003675,/campus-map,CL22,water,70,0,2026-01-04T14:00:00+05:30
WS-003676,/help,Sports Complex,queue,13,0,2026-01-04T14:00:00+05:30
WS-003677,/status,Cafeteria / Canteen,cleaning,63,0,2026-01-04T15:00:00+05:30
WS-003678,/campus-map,Auditorium,projector,57,1,2026-01-04T19:00:00+05:30
WS-003679,/help,CL3,projector,37,0,2026-01-04T22:00:00+05:30
WS-003680,/campus-map,LRC,wifi,26,0,2026-01-04T22:00:00+05:30
WS-003681,/status,Aryabhatt Bhawan II,wifi,18,0,2026-01-04T23:00:00+05:30
WS-003682,/help,H5 Boys Hostel,queue,36,0,2026-01-05T00:00:00+05:30
WS-003683,/help,CL22,lab,31,0,2026-01-05T01:00:00+05:30
WS-003684,/help,A2/2,parking,50,0,2026-01-05T03:00:00+05:30
WS-003685,/help,Main Gate,parking,63,0,2026-01-05T03:00:00+05:30
WS-003686,/status,Water Points,projector,60,0,2026-01-05T02:00:00+05:30
WS-003687,/campus-map,Aryabhatt Bhawan III,lab,72,0,2026-01-05T02:00:00+05:30
WS-003688,/campus-map,LRC,lab,29,1,2026-01-05T01:00:00+05:30
WS-003689,/explore,LRC,water,31,0,2026-01-05T04:00:00+05:30
WS-003690,/report,Aryabhatt Bhawan II,parking,40,0,2026-01-05T09:00:00+05:30
WS-003691,/help,LRC,queue,7,1,2026-01-05T04:00:00+05:30
WS-003692,/report,Aryabhatt Bhawan III,cleaning,5,0,2026-01-05T08:00:00+05:30
WS-003693,/report,Auditorium,water,71,0,2026-01-05T09:00:00+05:30
WS-003694,/report,Cafeteria / Canteen,lab,51,0,2026-01-05T11:00:00+05:30
WS-003695,/report,Aryabhatt Bhawan III,cleaning,32,0,2026-01-05T11:00:00+05:30
WS-003696,/status,CL3,lab,25,0,2026-01-05T11:00:00+05:30
WS-003697,/campus-map,A2/1,projector,19,0,2026-01-05T13:00:00+05:30
WS-003698,/campus-map,ECE Labs,water,48,0,2026-01-05T16:00:00+05:30
WS-003699,/explore,CL22,wifi,49,0,2026-01-05T17:00:00+05:30
WS-003700,/help,Aryabhatt Bhawan III,cleaning,45,0,2026-01-05T19:00:00+05:30
WS-003701,/campus-map,CL15,lab,97,1,2026-01-05T16:00:00+05:30
WS-003702,/campus-map,H4 Boys Hostel,parking,16,0,2026-01-05T18:00:00+05:30
WS-003703,/report,Administration Block,cleaning,18,0,2026-01-05T18:00:00+05:30
WS-003704,/status,LRC,cleaning,31,0,2026-01-05T16:00:00+05:30
WS-003705,/campus-map,Aryabhatt Bhawan II,projector,17,0,2026-01-05T18:00:00+05:30
WS-003706,/campus-map,A2/2,lab,15,0,2026-01-06T00:00:00+05:30
WS-003707,/explore,A2/1,wifi,5,0,2026-01-06T02:00:00+05:30
WS-003708,/status,Sports Complex,parking,23,0,2026-01-05T22:00:00+05:30
WS-003709,/campus-map,Aryabhatt Bhawan III,parking,29,0,2026-01-05T22:00:00+05:30
WS-003710,/help,ECE Labs,lab,64,0,2026-01-06T03:00:00+05:30
WS-003711,/help,H5 Boys Hostel,cleaning,42,0,2026-01-06T05:00:00+05:30
WS-003712,/report,Aryabhatt Bhawan III,projector,18,0,2026-01-06T04:00:00+05:30
WS-003713,/campus-map,A2/1,water,39,0,2026-01-06T02:00:00+05:30
WS-003714,/status,Sports Complex,water,64,1,2026-01-06T07:00:00+05:30
WS-003715,/report,Washrooms,wifi,73,0,2026-01-06T06:00:00+05:30
WS-003716,/help,H5 Boys Hostel,water,40,0,2026-01-06T11:00:00+05:30
WS-003717,/report,A2/1,water,53,0,2026-01-06T05:00:00+05:30
WS-003718,/explore,LRC,cleaning,93,0,2026-01-06T11:00:00+05:30
WS-003719,/help,Aryabhatt Bhawan III,water,7,0,2026-01-06T14:00:00+05:30
WS-003720,/status,Cafeteria / Canteen,projector,19,0,2026-01-06T15:00:00+05:30
WS-003721,/campus-map,H5 Boys Hostel,parking,69,1,2026-01-06T11:00:00+05:30
WS-003722,/help,A2/2,projector,12,0,2026-01-06T15:00:00+05:30
WS-003723,/help,H5 Boys Hostel,wifi,75,0,2026-01-06T11:00:00+05:30
WS-003724,/campus-map,CL3,wifi,40,0,2026-01-06T14:00:00+05:30
WS-003725,/help,Parking,parking,16,0,2026-01-06T15:00:00+05:30
WS-003726,/status,Cafeteria / Canteen,wifi,27,0,2026-01-06T20:00:00+05:30
WS-003727,/explore,H4 Boys Hostel,queue,24,0,2026-01-06T17:00:00+05:30
WS-003728,/campus-map,A2/2,cleaning,118,0,2026-01-06T19:00:00+05:30
WS-003729,/help,Parking,parking,12,1,2026-01-06T19:00:00+05:30
WS-003730,/campus-map,A2/2,projector,21,1,2026-01-06T22:00:00+05:30
WS-003731,/explore,LRC,projector,30,0,2026-01-07T01:00:00+05:30
WS-003732,/report,CL22,projector,25,0,2026-01-07T02:00:00+05:30
WS-003733,/campus-map,Aryabhatt Bhawan III,lab,31,1,2026-01-07T00:00:00+05:30
WS-003734,/help,Aryabhatt Bhawan III,projector,98,0,2026-01-06T23:00:00+05:30
WS-003735,/campus-map,CL22,water,53,0,2026-01-06T23:00:00+05:30
WS-003736,/report,A2/1,projector,14,0,2026-01-07T00:00:00+05:30
WS-003737,/help,A2/2,water,32,0,2026-01-07T01:00:00+05:30
WS-003738,/explore,Girls Hostel,wifi,31,0,2026-01-07T09:00:00+05:30
WS-003739,/status,H4 Boys Hostel,wifi,56,0,2026-01-07T04:00:00+05:30
WS-003740,/explore,CL3,wifi,44,0,2026-01-07T04:00:00+05:30
WS-003741,/status,Aryabhatt Bhawan II,parking,40,0,2026-01-07T11:00:00+05:30
WS-003742,/help,Main Gate,cleaning,22,0,2026-01-07T11:00:00+05:30
WS-003743,/explore,A2/1,queue,24,0,2026-01-07T09:00:00+05:30
WS-003744,/status,Parking,queue,49,0,2026-01-07T15:00:00+05:30
WS-003745,/explore,A2/2,wifi,30,0,2026-01-07T09:00:00+05:30
WS-003746,/campus-map,ECE Labs,cleaning,79,0,2026-01-07T17:00:00+05:30
WS-003747,/report,Auditorium,cleaning,134,0,2026-01-07T18:00:00+05:30
WS-003748,/help,Aryabhatt Bhawan III,wifi,44,0,2026-01-07T17:00:00+05:30
WS-003749,/explore,Sports Complex,cleaning,62,0,2026-01-07T16:00:00+05:30
WS-003750,/explore,Washrooms,wifi,23,1,2026-01-07T15:00:00+05:30
WS-003751,/status,ECE Labs,queue,43,0,2026-01-07T17:00:00+05:30
WS-003752,/help,CL22,projector,20,0,2026-01-07T22:00:00+05:30
WS-003753,/report,Sports Complex,cleaning,30,0,2026-01-08T00:00:00+05:30
WS-003754,/explore,Parking,wifi,70,0,2026-01-07T21:00:00+05:30
WS-003755,/explore,Girls Hostel,water,54,1,2026-01-07T22:00:00+05:30
WS-003756,/status,Aryabhatt Bhawan II,water,36,0,2026-01-08T01:00:00+05:30
WS-003757,/help,Sports Complex,parking,67,0,2026-01-08T04:00:00+05:30
WS-003758,/report,H4 Boys Hostel,parking,19,0,2026-01-07T23:00:00+05:30
WS-003759,/status,Parking,water,43,0,2026-01-08T00:00:00+05:30
WS-003760,/help,Cafeteria / Canteen,queue,54,0,2026-01-08T05:00:00+05:30
WS-003761,/campus-map,H4 Boys Hostel,cleaning,35,1,2026-01-08T08:00:00+05:30
WS-003762,/campus-map,Administration Block,parking,78,1,2026-01-08T06:00:00+05:30
WS-003763,/explore,H5 Boys Hostel,cleaning,60,0,2026-01-08T09:00:00+05:30
WS-003764,/help,Main Gate,parking,57,0,2026-01-08T10:00:00+05:30
WS-003765,/status,A2/2,queue,62,0,2026-01-08T09:00:00+05:30
WS-003766,/report,CL22,water,15,1,2026-01-08T08:00:00+05:30
WS-003767,/help,Parking,cleaning,83,0,2026-01-08T09:00:00+05:30
WS-003768,/help,Aryabhatt Bhawan II,projector,37,0,2026-01-08T13:00:00+05:30
WS-003769,/status,Aryabhatt Bhawan II,queue,26,0,2026-01-08T09:00:00+05:30
WS-003770,/report,A2/1,wifi,27,1,2026-01-08T13:00:00+05:30
WS-003771,/status,Aryabhatt Bhawan II,water,20,0,2026-01-08T15:00:00+05:30
WS-003772,/campus-map,Administration Block,cleaning,30,1,2026-01-08T16:00:00+05:30
WS-003773,/explore,LRC,projector,79,0,2026-01-08T13:00:00+05:30
WS-003774,/campus-map,A2/1,cleaning,98,1,2026-01-08T20:00:00+05:30
WS-003775,/campus-map,Annapurna / Main Mess,parking,45,0,2026-01-08T15:00:00+05:30
WS-003776,/status,A2/2,lab,33,0,2026-01-08T22:00:00+05:30
WS-003777,/explore,Aryabhatt Bhawan III,wifi,46,1,2026-01-08T21:00:00+05:30
WS-003778,/report,A2/1,wifi,64,0,2026-01-09T01:00:00+05:30
WS-003779,/explore,A2/2,queue,41,0,2026-01-08T20:00:00+05:30
WS-003780,/campus-map,ECE Labs,projector,80,0,2026-01-09T00:00:00+05:30
WS-003781,/status,Sports Complex,cleaning,22,0,2026-01-09T03:00:00+05:30
WS-003782,/campus-map,H4 Boys Hostel,wifi,53,1,2026-01-08T23:00:00+05:30
WS-003783,/help,H4 Boys Hostel,parking,29,0,2026-01-09T04:00:00+05:30
WS-003784,/status,CL1,water,60,0,2026-01-09T04:00:00+05:30
WS-003785,/status,LRC,lab,40,1,2026-01-09T03:00:00+05:30
WS-003786,/help,H4 Boys Hostel,projector,14,0,2026-01-09T03:00:00+05:30
WS-003787,/help,Auditorium,wifi,20,0,2026-01-09T07:00:00+05:30
WS-003788,/status,H4 Boys Hostel,projector,52,0,2026-01-09T09:00:00+05:30
WS-003789,/explore,Parking,lab,40,0,2026-01-09T05:00:00+05:30
WS-003790,/status,Aryabhatt Bhawan II,water,35,0,2026-01-09T06:00:00+05:30
WS-003791,/status,Aryabhatt Bhawan III,queue,13,1,2026-01-09T12:00:00+05:30
WS-003792,/report,ECE Labs,lab,13,0,2026-01-09T11:00:00+05:30
WS-003793,/status,A2/1,cleaning,35,1,2026-01-09T14:00:00+05:30
WS-003794,/report,Auditorium,cleaning,47,0,2026-01-09T11:00:00+05:30
WS-003795,/report,CL1,projector,64,0,2026-01-09T11:00:00+05:30
WS-003796,/status,Aryabhatt Bhawan II,water,40,0,2026-01-09T18:00:00+05:30
WS-003797,/help,Aryabhatt Bhawan III,projector,17,0,2026-01-09T16:00:00+05:30
WS-003798,/status,H5 Boys Hostel,queue,2,0,2026-01-09T16:00:00+05:30
WS-003799,/status,Cafeteria / Canteen,parking,56,0,2026-01-09T22:00:00+05:30
WS-003800,/status,Cafeteria / Canteen,lab,28,0,2026-01-09T16:00:00+05:30
WS-003801,/help,Cafeteria / Canteen,projector,54,0,2026-01-09T17:00:00+05:30
WS-003802,/campus-map,ECE Labs,cleaning,54,0,2026-01-10T01:00:00+05:30
WS-003803,/status,Washrooms,parking,51,1,2026-01-09T22:00:00+05:30
WS-003804,/explore,Aryabhatt Bhawan II,wifi,8,0,2026-01-09T22:00:00+05:30
WS-003805,/report,H4 Boys Hostel,water,35,0,2026-01-10T04:00:00+05:30
WS-003806,/campus-map,Aryabhatt Bhawan II,projector,74,0,2026-01-10T00:00:00+05:30
WS-003807,/status,Administration Block,queue,36,0,2026-01-10T05:00:00+05:30
WS-003808,/explore,LRC,lab,12,0,2026-01-10T01:00:00+05:30
WS-003809,/report,Girls Hostel,cleaning,50,0,2026-01-10T03:00:00+05:30
WS-003810,/campus-map,Sports Complex,queue,170,0,2026-01-10T06:00:00+05:30
WS-003811,/help,Aryabhatt Bhawan III,queue,22,0,2026-01-10T04:00:00+05:30
WS-003812,/explore,CL1,wifi,19,0,2026-01-10T07:00:00+05:30
WS-003813,/campus-map,A2/1,cleaning,81,0,2026-01-10T08:00:00+05:30
WS-003814,/report,Sports Complex,queue,39,0,2026-01-10T06:00:00+05:30
WS-003815,/explore,A2/1,projector,53,1,2026-01-10T13:00:00+05:30
WS-003816,/report,Aryabhatt Bhawan III,lab,24,0,2026-01-10T09:00:00+05:30
WS-003817,/campus-map,A2/1,queue,9,1,2026-01-10T09:00:00+05:30
WS-003818,/explore,Aryabhatt Bhawan III,water,30,1,2026-01-10T15:00:00+05:30
WS-003819,/status,ECE Labs,parking,98,0,2026-01-10T15:00:00+05:30
WS-003820,/status,Aryabhatt Bhawan II,queue,3,0,2026-01-10T19:00:00+05:30
WS-003821,/status,Administration Block,cleaning,29,1,2026-01-10T16:00:00+05:30
WS-003822,/status,Cafeteria / Canteen,parking,30,0,2026-01-10T15:00:00+05:30
WS-003823,/status,Aryabhatt Bhawan II,projector,109,0,2026-01-10T21:00:00+05:30
WS-003824,/campus-map,A2/2,wifi,81,0,2026-01-10T21:00:00+05:30
WS-003825,/help,ECE Labs,cleaning,55,0,2026-01-10T23:00:00+05:30
WS-003826,/explore,LRC,wifi,45,0,2026-01-10T20:00:00+05:30
WS-003827,/campus-map,Aryabhatt Bhawan II,lab,26,0,2026-01-10T20:00:00+05:30
WS-003828,/help,Cafeteria / Canteen,projector,19,0,2026-01-10T20:00:00+05:30
WS-003829,/help,ECE Labs,parking,11,0,2026-01-11T01:00:00+05:30
WS-003830,/explore,A2/2,parking,43,0,2026-01-11T04:00:00+05:30
WS-003831,/campus-map,CL3,water,34,0,2026-01-10T23:00:00+05:30
WS-003832,/help,CL3,lab,24,0,2026-01-11T03:00:00+05:30
WS-003833,/campus-map,CL15,water,35,0,2026-01-11T03:00:00+05:30
WS-003834,/campus-map,CL3,queue,19,0,2026-01-11T07:00:00+05:30
WS-003835,/help,LRC,queue,28,0,2026-01-11T04:00:00+05:30
WS-003836,/help,Auditorium,lab,145,0,2026-01-11T09:00:00+05:30
WS-003837,/status,ECE Labs,projector,55,0,2026-01-11T07:00:00+05:30
WS-003838,/campus-map,CL3,projector,14,0,2026-01-11T06:00:00+05:30
WS-003839,/status,Sports Complex,projector,6,0,2026-01-11T13:00:00+05:30
WS-003840,/explore,CL22,lab,41,0,2026-01-11T11:00:00+05:30
WS-003841,/campus-map,A2/2,water,15,0,2026-01-11T15:00:00+05:30
WS-003842,/explore,A2/1,projector,30,0,2026-01-11T11:00:00+05:30
WS-003843,/explore,Aryabhatt Bhawan II,cleaning,21,1,2026-01-11T18:00:00+05:30
WS-003844,/status,H5 Boys Hostel,projector,77,0,2026-01-11T16:00:00+05:30
WS-003845,/report,CL3,wifi,41,0,2026-01-11T16:00:00+05:30
WS-003846,/status,Main Gate,water,71,0,2026-01-11T17:00:00+05:30
WS-003847,/explore,LRC,projector,28,0,2026-01-11T16:00:00+05:30
WS-003848,/campus-map,CL15,water,52,0,2026-01-11T23:00:00+05:30
WS-003849,/status,Washrooms,lab,68,0,2026-01-11T18:00:00+05:30
WS-003850,/campus-map,Washrooms,wifi,100,0,2026-01-12T00:00:00+05:30
WS-003851,/explore,H5 Boys Hostel,parking,70,0,2026-01-11T23:00:00+05:30
WS-003852,/report,ECE Labs,lab,3,0,2026-01-11T22:00:00+05:30
WS-003853,/help,Main Gate,lab,29,1,2026-01-11T22:00:00+05:30
WS-003854,/campus-map,Sports Complex,projector,55,0,2026-01-12T03:00:00+05:30
WS-003855,/help,CL15,parking,62,0,2026-01-12T00:00:00+05:30
WS-003856,/explore,A2/2,queue,40,0,2026-01-12T07:00:00+05:30
WS-003857,/status,Parking,queue,26,0,2026-01-12T06:00:00+05:30
WS-003858,/help,Aryabhatt Bhawan II,cleaning,34,1,2026-01-12T02:00:00+05:30
WS-003859,/campus-map,Parking,lab,90,0,2026-01-12T09:00:00+05:30
WS-003860,/help,A2/2,lab,55,0,2026-01-12T05:00:00+05:30
WS-003861,/status,Main Gate,lab,10,0,2026-01-12T11:00:00+05:30
WS-003862,/campus-map,Aryabhatt Bhawan III,lab,63,0,2026-01-12T07:00:00+05:30
WS-003863,/status,Girls Hostel,queue,79,0,2026-01-12T11:00:00+05:30
WS-003864,/explore,CL3,projector,31,0,2026-01-12T13:00:00+05:30
WS-003865,/help,Cafeteria / Canteen,wifi,81,0,2026-01-12T11:00:00+05:30
WS-003866,/help,Cafeteria / Canteen,projector,56,0,2026-01-12T17:00:00+05:30
WS-003867,/help,Cafeteria / Canteen,cleaning,12,0,2026-01-12T11:00:00+05:30
WS-003868,/explore,Annapurna / Main Mess,water,56,0,2026-01-12T12:00:00+05:30
WS-003869,/campus-map,Main Gate,wifi,18,0,2026-01-12T15:00:00+05:30
WS-003870,/explore,A2/1,lab,57,1,2026-01-12T19:00:00+05:30
WS-003871,/campus-map,A2/1,cleaning,23,1,2026-01-12T19:00:00+05:30
WS-003872,/campus-map,CL3,water,57,0,2026-01-12T21:00:00+05:30
WS-003873,/help,Main Gate,wifi,23,1,2026-01-12T23:00:00+05:30
WS-003874,/report,A2/1,lab,101,0,2026-01-12T21:00:00+05:30
WS-003875,/help,CL22,water,69,0,2026-01-13T00:00:00+05:30
WS-003876,/explore,A2/2,cleaning,79,0,2026-01-13T03:00:00+05:30
WS-003877,/campus-map,Sports Complex,cleaning,8,0,2026-01-13T00:00:00+05:30
WS-003878,/status,Annapurna / Main Mess,cleaning,27,0,2026-01-13T03:00:00+05:30
WS-003879,/help,Water Points,projector,56,0,2026-01-13T00:00:00+05:30
WS-003880,/status,CL22,queue,12,0,2026-01-13T05:00:00+05:30
WS-003881,/campus-map,A2/1,parking,59,0,2026-01-13T08:00:00+05:30
WS-003882,/report,Aryabhatt Bhawan III,queue,78,0,2026-01-13T06:00:00+05:30
WS-003883,/help,Girls Hostel,projector,38,1,2026-01-13T08:00:00+05:30
WS-003884,/campus-map,Aryabhatt Bhawan II,queue,30,0,2026-01-13T10:00:00+05:30
WS-003885,/help,Sports Complex,wifi,29,0,2026-01-13T08:00:00+05:30
WS-003886,/campus-map,CL15,parking,53,0,2026-01-13T13:00:00+05:30
WS-003887,/report,Main Gate,queue,52,1,2026-01-13T08:00:00+05:30
WS-003888,/explore,H5 Boys Hostel,parking,33,0,2026-01-13T11:00:00+05:30
WS-003889,/help,ECE Labs,lab,92,0,2026-01-13T11:00:00+05:30
WS-003890,/help,CL1,lab,30,0,2026-01-13T15:00:00+05:30
WS-003891,/report,Parking,water,26,0,2026-01-13T16:00:00+05:30
WS-003892,/campus-map,Auditorium,water,48,0,2026-01-13T17:00:00+05:30
WS-003893,/status,A2/1,cleaning,28,0,2026-01-13T13:00:00+05:30
WS-003894,/campus-map,CL3,lab,36,0,2026-01-13T17:00:00+05:30
WS-003895,/campus-map,H5 Boys Hostel,wifi,56,0,2026-01-13T21:00:00+05:30
WS-003896,/help,A2/1,cleaning,61,1,2026-01-13T17:00:00+05:30
WS-003897,/help,CL15,queue,34,0,2026-01-13T17:00:00+05:30
WS-003898,/explore,A2/2,wifi,73,0,2026-01-13T22:00:00+05:30
WS-003899,/report,A2/1,wifi,28,0,2026-01-14T02:00:00+05:30
WS-003900,/campus-map,Aryabhatt Bhawan II,cleaning,26,1,2026-01-14T02:00:00+05:30
WS-003901,/campus-map,H5 Boys Hostel,water,80,0,2026-01-14T01:00:00+05:30
WS-003902,/explore,A2/2,queue,44,1,2026-01-14T05:00:00+05:30
WS-003903,/status,Washrooms,queue,45,0,2026-01-14T05:00:00+05:30
WS-003904,/explore,CL22,queue,37,0,2026-01-14T06:00:00+05:30
WS-003905,/report,A2/1,parking,24,0,2026-01-14T05:00:00+05:30
WS-003906,/campus-map,A2/1,wifi,31,0,2026-01-14T06:00:00+05:30
WS-003907,/report,Aryabhatt Bhawan III,lab,78,0,2026-01-14T09:00:00+05:30
WS-003908,/explore,Main Gate,cleaning,76,0,2026-01-14T05:00:00+05:30
WS-003909,/campus-map,Girls Hostel,queue,10,0,2026-01-14T05:00:00+05:30
WS-003910,/status,CL3,water,63,0,2026-01-14T10:00:00+05:30
WS-003911,/campus-map,CL1,lab,18,0,2026-01-14T09:00:00+05:30
WS-003912,/campus-map,H4 Boys Hostel,wifi,10,0,2026-01-14T13:00:00+05:30
WS-003913,/help,A2/1,cleaning,114,0,2026-01-14T15:00:00+05:30
WS-003914,/campus-map,Washrooms,water,59,0,2026-01-14T14:00:00+05:30
WS-003915,/help,CL22,parking,59,0,2026-01-14T16:00:00+05:30
WS-003916,/campus-map,H4 Boys Hostel,cleaning,41,0,2026-01-14T13:00:00+05:30
WS-003917,/help,Girls Hostel,queue,21,1,2026-01-14T19:00:00+05:30
WS-003918,/campus-map,Aryabhatt Bhawan II,parking,68,0,2026-01-14T21:00:00+05:30
WS-003919,/help,A2/1,wifi,9,0,2026-01-14T15:00:00+05:30
WS-003920,/campus-map,Annapurna / Main Mess,wifi,60,0,2026-01-14T17:00:00+05:30
WS-003921,/report,ECE Labs,queue,56,0,2026-01-14T21:00:00+05:30
WS-003922,/report,Sports Complex,queue,64,0,2026-01-14T22:00:00+05:30
WS-003923,/report,H4 Boys Hostel,cleaning,32,0,2026-01-14T21:00:00+05:30
WS-003924,/explore,Parking,parking,28,1,2026-01-15T01:00:00+05:30
WS-003925,/report,Administration Block,queue,62,0,2026-01-14T21:00:00+05:30
WS-003926,/explore,CL3,lab,67,0,2026-01-15T00:00:00+05:30
WS-003927,/report,H5 Boys Hostel,wifi,46,0,2026-01-15T06:00:00+05:30
WS-003928,/explore,Administration Block,queue,35,0,2026-01-15T00:00:00+05:30
WS-003929,/status,CL15,lab,62,0,2026-01-15T01:00:00+05:30
WS-003930,/help,Auditorium,wifi,13,1,2026-01-15T05:00:00+05:30
WS-003931,/report,CL22,cleaning,84,0,2026-01-15T10:00:00+05:30
WS-003932,/campus-map,CL3,parking,73,1,2026-01-15T04:00:00+05:30
WS-003933,/explore,Aryabhatt Bhawan III,projector,17,0,2026-01-15T05:00:00+05:30
WS-003934,/status,Parking,queue,22,0,2026-01-15T09:00:00+05:30
WS-003935,/campus-map,CL1,projector,121,0,2026-01-15T09:00:00+05:30
WS-003936,/help,Washrooms,queue,23,0,2026-01-15T14:00:00+05:30
WS-003937,/explore,H4 Boys Hostel,water,90,0,2026-01-15T12:00:00+05:30
WS-003938,/campus-map,Water Points,lab,21,0,2026-01-15T17:00:00+05:30
WS-003939,/campus-map,A2/1,lab,6,0,2026-01-15T14:00:00+05:30
WS-003940,/explore,H4 Boys Hostel,projector,35,0,2026-01-15T17:00:00+05:30
WS-003941,/report,Annapurna / Main Mess,queue,74,0,2026-01-15T15:00:00+05:30
WS-003942,/report,H4 Boys Hostel,cleaning,10,0,2026-01-15T19:00:00+05:30
WS-003943,/help,A2/1,queue,39,0,2026-01-15T17:00:00+05:30
WS-003944,/campus-map,LRC,projector,86,1,2026-01-15T18:00:00+05:30
WS-003945,/campus-map,Washrooms,projector,6,0,2026-01-15T23:00:00+05:30
WS-003946,/status,Parking,projector,51,0,2026-01-16T01:00:00+05:30
WS-003947,/status,A2/2,parking,6,0,2026-01-15T21:00:00+05:30
WS-003948,/explore,Annapurna / Main Mess,parking,53,0,2026-01-16T03:00:00+05:30
WS-003949,/status,A2/1,cleaning,44,1,2026-01-16T02:00:00+05:30
WS-003950,/campus-map,CL1,cleaning,112,0,2026-01-16T00:00:00+05:30
WS-003951,/report,Auditorium,water,59,0,2026-01-16T01:00:00+05:30
WS-003952,/explore,Administration Block,lab,43,1,2026-01-16T07:00:00+05:30
WS-003953,/campus-map,CL1,queue,16,0,2026-01-16T04:00:00+05:30
WS-003954,/explore,Water Points,queue,57,0,2026-01-16T05:00:00+05:30
WS-003955,/report,Aryabhatt Bhawan III,cleaning,110,0,2026-01-16T10:00:00+05:30
WS-003956,/campus-map,Girls Hostel,lab,33,0,2026-01-16T10:00:00+05:30
WS-003957,/report,A2/2,projector,38,1,2026-01-16T05:00:00+05:30
WS-003958,/report,A2/2,water,53,0,2026-01-16T11:00:00+05:30
WS-003959,/report,Sports Complex,parking,22,0,2026-01-16T09:00:00+05:30
WS-003960,/explore,Aryabhatt Bhawan II,projector,58,0,2026-01-16T09:00:00+05:30
WS-003961,/campus-map,CL3,cleaning,39,0,2026-01-16T12:00:00+05:30
WS-003962,/campus-map,Washrooms,queue,37,0,2026-01-16T14:00:00+05:30
WS-003963,/report,Auditorium,lab,74,0,2026-01-16T12:00:00+05:30
WS-003964,/report,LRC,queue,104,1,2026-01-16T19:00:00+05:30
WS-003965,/help,Auditorium,projector,54,0,2026-01-16T14:00:00+05:30
WS-003966,/status,Aryabhatt Bhawan III,lab,24,1,2026-01-16T17:00:00+05:30
WS-003967,/report,Cafeteria / Canteen,cleaning,76,0,2026-01-16T20:00:00+05:30
WS-003968,/help,Parking,queue,33,0,2026-01-16T22:00:00+05:30
WS-003969,/status,CL1,lab,49,0,2026-01-17T00:00:00+05:30
WS-003970,/report,Aryabhatt Bhawan II,lab,11,1,2026-01-17T01:00:00+05:30
WS-003971,/campus-map,CL1,projector,48,0,2026-01-17T02:00:00+05:30
WS-003972,/help,Aryabhatt Bhawan III,lab,15,0,2026-01-16T20:00:00+05:30
WS-003973,/help,CL22,lab,45,0,2026-01-17T02:00:00+05:30
WS-003974,/status,Aryabhatt Bhawan II,wifi,21,0,2026-01-17T00:00:00+05:30
WS-003975,/status,A2/2,water,25,0,2026-01-17T06:00:00+05:30
WS-003976,/campus-map,CL1,lab,36,0,2026-01-17T07:00:00+05:30
WS-003977,/status,Aryabhatt Bhawan II,cleaning,28,0,2026-01-17T02:00:00+05:30
WS-003978,/campus-map,Sports Complex,projector,28,0,2026-01-17T09:00:00+05:30
WS-003979,/status,Annapurna / Main Mess,queue,33,0,2026-01-17T05:00:00+05:30
WS-003980,/campus-map,Main Gate,water,32,0,2026-01-17T08:00:00+05:30
WS-003981,/report,CL1,water,15,0,2026-01-17T05:00:00+05:30
WS-003982,/report,Sports Complex,parking,87,0,2026-01-17T12:00:00+05:30
WS-003983,/status,A2/1,projector,39,0,2026-01-17T10:00:00+05:30
WS-003984,/report,CL22,projector,37,0,2026-01-17T14:00:00+05:30
WS-003985,/help,A2/1,projector,72,1,2026-01-17T14:00:00+05:30
WS-003986,/report,Aryabhatt Bhawan III,projector,78,0,2026-01-17T16:00:00+05:30
WS-003987,/help,Aryabhatt Bhawan II,parking,56,0,2026-01-17T12:00:00+05:30
WS-003988,/help,Administration Block,cleaning,13,0,2026-01-17T18:00:00+05:30
WS-003989,/report,ECE Labs,wifi,62,0,2026-01-17T17:00:00+05:30
WS-003990,/status,CL15,cleaning,37,1,2026-01-17T20:00:00+05:30
WS-003991,/campus-map,Aryabhatt Bhawan II,parking,87,0,2026-01-17T19:00:00+05:30
WS-003992,/status,H5 Boys Hostel,cleaning,11,1,2026-01-17T21:00:00+05:30
WS-003993,/report,Parking,projector,51,0,2026-01-17T19:00:00+05:30
WS-003994,/campus-map,Aryabhatt Bhawan III,queue,13,0,2026-01-17T19:00:00+05:30
WS-003995,/explore,Aryabhatt Bhawan III,queue,16,0,2026-01-17T19:00:00+05:30
WS-003996,/help,Parking,parking,10,0,2026-01-17T21:00:00+05:30
WS-003997,/status,Aryabhatt Bhawan II,wifi,30,0,2026-01-18T00:00:00+05:30
WS-003998,/explore,Main Gate,wifi,67,0,2026-01-18T04:00:00+05:30
WS-003999,/status,LRC,lab,17,0,2026-01-18T04:00:00+05:30
WS-004000,/campus-map,Girls Hostel,parking,39,0,2026-01-18T03:00:00+05:30
WS-004001,/status,H5 Boys Hostel,lab,47,0,2026-01-18T08:00:00+05:30
WS-004002,/report,Aryabhatt Bhawan II,projector,31,0,2026-01-18T06:00:00+05:30
WS-004003,/report,H5 Boys Hostel,wifi,92,0,2026-01-18T04:00:00+05:30
WS-004004,/help,Administration Block,wifi,70,1,2026-01-18T04:00:00+05:30
WS-004005,/campus-map,H5 Boys Hostel,parking,77,0,2026-01-18T08:00:00+05:30
WS-004006,/status,Sports Complex,water,8,0,2026-01-18T10:00:00+05:30
WS-004007,/help,A2/2,queue,49,0,2026-01-18T08:00:00+05:30
WS-004008,/explore,ECE Labs,queue,34,0,2026-01-18T12:00:00+05:30
WS-004009,/report,Annapurna / Main Mess,projector,48,1,2026-01-18T09:00:00+05:30
WS-004010,/status,Girls Hostel,projector,42,0,2026-01-18T12:00:00+05:30
WS-004011,/report,A2/1,parking,13,0,2026-01-18T18:00:00+05:30
WS-004012,/status,H5 Boys Hostel,projector,22,0,2026-01-18T19:00:00+05:30
WS-004013,/report,Annapurna / Main Mess,water,26,0,2026-01-18T13:00:00+05:30
WS-004014,/help,Main Gate,cleaning,21,1,2026-01-18T15:00:00+05:30
WS-004015,/help,CL15,queue,34,0,2026-01-18T16:00:00+05:30
WS-004016,/help,Aryabhatt Bhawan II,wifi,40,0,2026-01-18T17:00:00+05:30
WS-004017,/status,Sports Complex,parking,30,0,2026-01-18T17:00:00+05:30
WS-004018,/campus-map,Annapurna / Main Mess,lab,63,0,2026-01-18T19:00:00+05:30
WS-004019,/report,Administration Block,water,92,0,2026-01-18T20:00:00+05:30
WS-004020,/explore,H5 Boys Hostel,cleaning,63,0,2026-01-18T20:00:00+05:30
WS-004021,/status,Main Gate,projector,72,1,2026-01-18T23:00:00+05:30
WS-004022,/status,A2/1,projector,64,0,2026-01-19T01:00:00+05:30
WS-004023,/campus-map,Aryabhatt Bhawan III,parking,47,0,2026-01-19T05:00:00+05:30
WS-004024,/campus-map,H4 Boys Hostel,wifi,63,0,2026-01-19T03:00:00+05:30
WS-004025,/status,Girls Hostel,wifi,36,0,2026-01-19T08:00:00+05:30
WS-004026,/campus-map,Sports Complex,lab,41,0,2026-01-19T08:00:00+05:30
WS-004027,/report,Sports Complex,cleaning,69,0,2026-01-19T05:00:00+05:30
WS-004028,/help,Cafeteria / Canteen,lab,27,0,2026-01-19T07:00:00+05:30
WS-004029,/explore,H4 Boys Hostel,cleaning,32,0,2026-01-19T08:00:00+05:30
WS-004030,/help,Cafeteria / Canteen,lab,64,0,2026-01-19T10:00:00+05:30
WS-004031,/campus-map,Annapurna / Main Mess,lab,33,0,2026-01-19T13:00:00+05:30
WS-004032,/help,Washrooms,parking,46,0,2026-01-19T08:00:00+05:30
WS-004033,/report,A2/1,lab,29,0,2026-01-19T10:00:00+05:30
WS-004034,/status,Washrooms,queue,13,0,2026-01-19T11:00:00+05:30
WS-004035,/report,ECE Labs,projector,42,1,2026-01-19T12:00:00+05:30
WS-004036,/campus-map,Auditorium,wifi,53,0,2026-01-19T16:00:00+05:30
WS-004037,/help,A2/2,parking,19,0,2026-01-19T13:00:00+05:30
WS-004038,/report,Water Points,queue,95,0,2026-01-19T14:00:00+05:30
WS-004039,/help,Washrooms,water,46,0,2026-01-19T22:00:00+05:30
WS-004040,/report,ECE Labs,wifi,45,0,2026-01-19T21:00:00+05:30
WS-004041,/campus-map,Aryabhatt Bhawan III,queue,6,1,2026-01-19T19:00:00+05:30
WS-004042,/explore,Auditorium,wifi,29,0,2026-01-19T22:00:00+05:30
WS-004043,/help,A2/1,lab,32,0,2026-01-19T20:00:00+05:30
WS-004044,/explore,H4 Boys Hostel,projector,134,0,2026-01-19T20:00:00+05:30
WS-004045,/campus-map,H5 Boys Hostel,wifi,49,0,2026-01-20T04:00:00+05:30
WS-004046,/campus-map,A2/2,water,38,0,2026-01-20T02:00:00+05:30
WS-004047,/help,Sports Complex,water,33,0,2026-01-20T04:00:00+05:30
WS-004048,/explore,H5 Boys Hostel,cleaning,90,1,2026-01-20T06:00:00+05:30
WS-004049,/report,Sports Complex,wifi,13,0,2026-01-20T08:00:00+05:30
WS-004050,/explore,Parking,water,57,0,2026-01-20T04:00:00+05:30
WS-004051,/campus-map,Cafeteria / Canteen,lab,75,0,2026-01-20T06:00:00+05:30
WS-004052,/explore,A2/2,lab,82,1,2026-01-20T07:00:00+05:30
WS-004053,/campus-map,H4 Boys Hostel,lab,12,0,2026-01-20T07:00:00+05:30
WS-004054,/help,Aryabhatt Bhawan III,lab,40,0,2026-01-20T06:00:00+05:30
WS-004055,/help,CL15,projector,74,0,2026-01-20T14:00:00+05:30
WS-004056,/campus-map,Aryabhatt Bhawan II,projector,95,0,2026-01-20T12:00:00+05:30
WS-004057,/help,CL1,parking,41,1,2026-01-20T11:00:00+05:30
WS-004058,/campus-map,Sports Complex,projector,35,1,2026-01-20T17:00:00+05:30
WS-004059,/explore,Aryabhatt Bhawan II,parking,55,1,2026-01-20T15:00:00+05:30
WS-004060,/explore,A2/2,projector,37,0,2026-01-20T16:00:00+05:30
WS-004061,/campus-map,Aryabhatt Bhawan II,queue,35,0,2026-01-20T17:00:00+05:30
WS-004062,/explore,H5 Boys Hostel,parking,28,1,2026-01-20T21:00:00+05:30
WS-004063,/help,Administration Block,parking,72,1,2026-01-20T22:00:00+05:30
WS-004064,/explore,ECE Labs,lab,17,0,2026-01-20T20:00:00+05:30
WS-004065,/status,Aryabhatt Bhawan II,wifi,36,0,2026-01-20T21:00:00+05:30
WS-004066,/report,Aryabhatt Bhawan III,wifi,144,0,2026-01-20T20:00:00+05:30
WS-004067,/status,Annapurna / Main Mess,lab,45,0,2026-01-20T21:00:00+05:30
WS-004068,/explore,Aryabhatt Bhawan II,lab,19,0,2026-01-20T23:00:00+05:30
WS-004069,/explore,CL22,wifi,25,0,2026-01-21T00:00:00+05:30
WS-004070,/explore,A2/1,water,15,0,2026-01-21T04:00:00+05:30
WS-004071,/help,Girls Hostel,water,12,0,2026-01-21T05:00:00+05:30
WS-004072,/status,Aryabhatt Bhawan II,projector,99,0,2026-01-21T05:00:00+05:30
WS-004073,/explore,Water Points,cleaning,92,0,2026-01-21T08:00:00+05:30
WS-004074,/report,LRC,cleaning,2,0,2026-01-21T08:00:00+05:30
WS-004075,/status,Water Points,parking,72,0,2026-01-21T10:00:00+05:30
WS-004076,/report,Aryabhatt Bhawan III,parking,35,0,2026-01-21T08:00:00+05:30
WS-004077,/status,A2/1,projector,52,0,2026-01-21T08:00:00+05:30
WS-004078,/report,H4 Boys Hostel,parking,5,0,2026-01-21T11:00:00+05:30
WS-004079,/report,Aryabhatt Bhawan II,parking,52,0,2026-01-21T14:00:00+05:30
WS-004080,/explore,Water Points,queue,35,1,2026-01-21T14:00:00+05:30
WS-004081,/status,Sports Complex,water,135,0,2026-01-21T12:00:00+05:30
WS-004082,/explore,Parking,queue,39,0,2026-01-21T12:00:00+05:30
WS-004083,/report,Auditorium,parking,84,1,2026-01-21T12:00:00+05:30
WS-004084,/help,H5 Boys Hostel,wifi,44,0,2026-01-21T19:00:00+05:30
WS-004085,/help,A2/2,water,17,1,2026-01-21T19:00:00+05:30
WS-004086,/help,Aryabhatt Bhawan III,cleaning,44,0,2026-01-21T17:00:00+05:30
WS-004087,/campus-map,A2/2,lab,43,0,2026-01-21T20:00:00+05:30
WS-004088,/report,Aryabhatt Bhawan II,lab,26,1,2026-01-21T16:00:00+05:30
WS-004089,/report,Main Gate,water,32,0,2026-01-21T22:00:00+05:30
WS-004090,/explore,A2/2,wifi,125,1,2026-01-21T19:00:00+05:30
WS-004091,/explore,Aryabhatt Bhawan III,parking,104,1,2026-01-21T23:00:00+05:30
WS-004092,/status,H5 Boys Hostel,projector,29,0,2026-01-21T23:00:00+05:30
WS-004093,/help,H4 Boys Hostel,wifi,48,0,2026-01-22T02:00:00+05:30
WS-004094,/help,CL22,projector,72,0,2026-01-22T05:00:00+05:30
WS-004095,/help,Annapurna / Main Mess,water,37,0,2026-01-22T05:00:00+05:30
WS-004096,/report,LRC,queue,30,0,2026-01-22T04:00:00+05:30
WS-004097,/help,H4 Boys Hostel,lab,98,0,2026-01-22T02:00:00+05:30
WS-004098,/explore,Aryabhatt Bhawan II,queue,14,0,2026-01-22T05:00:00+05:30
WS-004099,/report,Aryabhatt Bhawan III,wifi,26,0,2026-01-22T04:00:00+05:30
WS-004100,/explore,Washrooms,parking,19,0,2026-01-22T11:00:00+05:30
WS-004101,/explore,H4 Boys Hostel,wifi,28,0,2026-01-22T05:00:00+05:30
WS-004102,/campus-map,Aryabhatt Bhawan II,parking,51,0,2026-01-22T09:00:00+05:30
WS-004103,/campus-map,Sports Complex,projector,21,0,2026-01-22T11:00:00+05:30
WS-004104,/campus-map,Auditorium,lab,40,0,2026-01-22T14:00:00+05:30
WS-004105,/campus-map,Girls Hostel,lab,30,0,2026-01-22T11:00:00+05:30
WS-004106,/status,A2/1,wifi,21,0,2026-01-22T12:00:00+05:30
WS-004107,/help,H5 Boys Hostel,water,48,0,2026-01-22T14:00:00+05:30
WS-004108,/help,ECE Labs,projector,18,1,2026-01-22T19:00:00+05:30
WS-004109,/campus-map,Aryabhatt Bhawan III,parking,67,0,2026-01-22T19:00:00+05:30
WS-004110,/campus-map,Washrooms,lab,66,0,2026-01-22T18:00:00+05:30
WS-004111,/report,CL1,wifi,41,0,2026-01-22T21:00:00+05:30
WS-004112,/campus-map,H4 Boys Hostel,queue,92,0,2026-01-22T19:00:00+05:30
WS-004113,/explore,A2/1,lab,97,0,2026-01-22T21:00:00+05:30
WS-004114,/explore,A2/1,cleaning,16,0,2026-01-22T21:00:00+05:30
WS-004115,/campus-map,Administration Block,cleaning,54,1,2026-01-22T23:00:00+05:30
WS-004116,/status,Annapurna / Main Mess,queue,22,0,2026-01-22T22:00:00+05:30
WS-004117,/status,A2/1,parking,5,0,2026-01-23T00:00:00+05:30
WS-004118,/status,Aryabhatt Bhawan III,parking,29,0,2026-01-23T03:00:00+05:30
WS-004119,/status,Parking,parking,20,0,2026-01-23T05:00:00+05:30
WS-004120,/help,Girls Hostel,water,17,0,2026-01-23T04:00:00+05:30
WS-004121,/help,Main Gate,lab,17,0,2026-01-23T01:00:00+05:30
WS-004122,/campus-map,Parking,projector,36,0,2026-01-23T08:00:00+05:30
WS-004123,/help,Washrooms,parking,35,0,2026-01-23T06:00:00+05:30
WS-004124,/help,ECE Labs,water,36,0,2026-01-23T05:00:00+05:30
WS-004125,/status,Sports Complex,lab,3,1,2026-01-23T12:00:00+05:30
WS-004126,/campus-map,CL15,projector,95,0,2026-01-23T10:00:00+05:30
WS-004127,/help,Water Points,parking,70,1,2026-01-23T07:00:00+05:30
WS-004128,/campus-map,H5 Boys Hostel,projector,31,0,2026-01-23T08:00:00+05:30
WS-004129,/campus-map,H4 Boys Hostel,lab,24,0,2026-01-23T16:00:00+05:30
WS-004130,/report,Aryabhatt Bhawan III,water,71,1,2026-01-23T10:00:00+05:30
WS-004131,/report,H5 Boys Hostel,water,37,0,2026-01-23T17:00:00+05:30
WS-004132,/campus-map,H5 Boys Hostel,projector,32,0,2026-01-23T18:00:00+05:30
WS-004133,/status,H4 Boys Hostel,lab,5,0,2026-01-23T14:00:00+05:30
WS-004134,/report,CL22,parking,88,0,2026-01-23T20:00:00+05:30
WS-004135,/status,Washrooms,projector,15,0,2026-01-23T17:00:00+05:30
WS-004136,/status,H4 Boys Hostel,projector,33,1,2026-01-23T21:00:00+05:30
WS-004137,/campus-map,A2/2,water,58,0,2026-01-24T00:00:00+05:30
WS-004138,/campus-map,ECE Labs,water,26,0,2026-01-23T22:00:00+05:30
WS-004139,/campus-map,Cafeteria / Canteen,wifi,24,0,2026-01-23T23:00:00+05:30
WS-004140,/report,Washrooms,water,47,0,2026-01-24T01:00:00+05:30
WS-004141,/explore,CL3,wifi,53,0,2026-01-23T21:00:00+05:30
WS-004142,/explore,Auditorium,lab,96,0,2026-01-24T00:00:00+05:30
WS-004143,/campus-map,A2/1,projector,46,0,2026-01-24T02:00:00+05:30
WS-004144,/campus-map,Parking,water,19,0,2026-01-24T02:00:00+05:30
WS-004145,/help,Annapurna / Main Mess,wifi,11,0,2026-01-24T07:00:00+05:30
WS-004146,/status,Auditorium,cleaning,13,0,2026-01-24T09:00:00+05:30
WS-004147,/explore,Aryabhatt Bhawan II,water,5,0,2026-01-24T07:00:00+05:30
WS-004148,/report,Aryabhatt Bhawan III,parking,22,0,2026-01-24T11:00:00+05:30
WS-004149,/help,Main Gate,water,28,0,2026-01-24T09:00:00+05:30
WS-004150,/explore,A2/1,queue,21,0,2026-01-24T12:00:00+05:30
WS-004151,/report,H5 Boys Hostel,projector,87,0,2026-01-24T14:00:00+05:30
WS-004152,/status,Auditorium,wifi,6,0,2026-01-24T13:00:00+05:30
WS-004153,/campus-map,Sports Complex,water,21,1,2026-01-24T11:00:00+05:30
WS-004154,/status,Water Points,cleaning,86,0,2026-01-24T15:00:00+05:30
WS-004155,/explore,Water Points,parking,24,0,2026-01-24T17:00:00+05:30
WS-004156,/status,Girls Hostel,queue,29,0,2026-01-24T12:00:00+05:30
WS-004157,/status,CL1,cleaning,72,0,2026-01-24T18:00:00+05:30
WS-004158,/campus-map,Aryabhatt Bhawan III,lab,70,0,2026-01-24T20:00:00+05:30
WS-004159,/status,H4 Boys Hostel,water,48,1,2026-01-24T19:00:00+05:30
WS-004160,/status,A2/2,projector,105,0,2026-01-24T18:00:00+05:30
WS-004161,/campus-map,Administration Block,queue,15,0,2026-01-24T19:00:00+05:30
WS-004162,/explore,Aryabhatt Bhawan III,lab,46,0,2026-01-24T23:00:00+05:30
WS-004163,/explore,Auditorium,queue,13,0,2026-01-24T20:00:00+05:30
WS-004164,/report,CL3,cleaning,48,0,2026-01-25T03:00:00+05:30
WS-004165,/help,CL22,wifi,26,0,2026-01-25T04:00:00+05:30
WS-004166,/campus-map,A2/1,water,32,0,2026-01-25T03:00:00+05:30
WS-004167,/explore,Aryabhatt Bhawan II,water,46,0,2026-01-25T04:00:00+05:30
WS-004168,/campus-map,A2/2,queue,96,1,2026-01-25T04:00:00+05:30
WS-004169,/explore,A2/2,queue,38,0,2026-01-25T08:00:00+05:30
WS-004170,/explore,H5 Boys Hostel,parking,36,0,2026-01-25T08:00:00+05:30
WS-004171,/report,A2/1,queue,118,0,2026-01-25T08:00:00+05:30
WS-004172,/campus-map,LRC,cleaning,12,1,2026-01-25T07:00:00+05:30
WS-004173,/campus-map,Cafeteria / Canteen,wifi,26,0,2026-01-25T10:00:00+05:30
WS-004174,/report,Main Gate,wifi,40,0,2026-01-25T06:00:00+05:30
WS-004175,/explore,Annapurna / Main Mess,queue,105,0,2026-01-25T08:00:00+05:30
WS-004176,/report,Annapurna / Main Mess,wifi,47,0,2026-01-25T08:00:00+05:30
WS-004177,/explore,Girls Hostel,projector,24,0,2026-01-25T14:00:00+05:30
WS-004178,/report,Aryabhatt Bhawan III,water,36,0,2026-01-25T10:00:00+05:30
WS-004179,/status,Auditorium,projector,47,0,2026-01-25T17:00:00+05:30
WS-004180,/campus-map,CL15,parking,69,0,2026-01-25T16:00:00+05:30
WS-004181,/explore,LRC,projector,2,0,2026-01-25T14:00:00+05:30
WS-004182,/explore,Aryabhatt Bhawan III,lab,73,1,2026-01-25T16:00:00+05:30
WS-004183,/explore,CL3,cleaning,13,1,2026-01-25T16:00:00+05:30
WS-004184,/report,A2/2,cleaning,50,0,2026-01-25T16:00:00+05:30
WS-004185,/help,A2/1,parking,19,0,2026-01-26T00:00:00+05:30
WS-004186,/report,Auditorium,parking,66,0,2026-01-25T21:00:00+05:30
WS-004187,/help,A2/2,cleaning,35,0,2026-01-25T19:00:00+05:30
WS-004188,/explore,Aryabhatt Bhawan II,wifi,13,0,2026-01-25T22:00:00+05:30
WS-004189,/status,Auditorium,wifi,36,1,2026-01-25T22:00:00+05:30
WS-004190,/report,Main Gate,projector,20,1,2026-01-26T04:00:00+05:30
WS-004191,/explore,A2/1,parking,38,0,2026-01-26T01:00:00+05:30
WS-004192,/campus-map,ECE Labs,projector,29,0,2026-01-26T02:00:00+05:30
WS-004193,/campus-map,CL15,projector,49,0,2026-01-26T06:00:00+05:30
WS-004194,/report,Aryabhatt Bhawan III,projector,90,0,2026-01-26T03:00:00+05:30
WS-004195,/help,Aryabhatt Bhawan III,lab,51,0,2026-01-26T04:00:00+05:30
WS-004196,/explore,Water Points,parking,29,0,2026-01-26T10:00:00+05:30
WS-004197,/explore,Main Gate,cleaning,72,1,2026-01-26T10:00:00+05:30
WS-004198,/help,CL3,parking,17,1,2026-01-26T12:00:00+05:30
WS-004199,/campus-map,CL15,lab,39,0,2026-01-26T07:00:00+05:30
WS-004200,/report,Aryabhatt Bhawan II,cleaning,70,0,2026-01-26T09:00:00+05:30
WS-004201,/status,ECE Labs,water,29,0,2026-01-26T15:00:00+05:30
WS-004202,/help,Cafeteria / Canteen,water,41,0,2026-01-26T16:00:00+05:30
WS-004203,/explore,H5 Boys Hostel,projector,8,0,2026-01-26T14:00:00+05:30
WS-004204,/help,Aryabhatt Bhawan II,lab,19,0,2026-01-26T19:00:00+05:30
WS-004205,/report,A2/1,lab,38,1,2026-01-26T15:00:00+05:30
WS-004206,/explore,H5 Boys Hostel,water,32,0,2026-01-26T21:00:00+05:30
WS-004207,/help,H5 Boys Hostel,cleaning,12,0,2026-01-26T20:00:00+05:30
WS-004208,/status,Washrooms,parking,36,0,2026-01-26T19:00:00+05:30
WS-004209,/help,CL22,projector,77,0,2026-01-26T21:00:00+05:30
WS-004210,/explore,CL1,wifi,47,0,2026-01-26T22:00:00+05:30
WS-004211,/status,Aryabhatt Bhawan III,wifi,41,0,2026-01-26T22:00:00+05:30
WS-004212,/campus-map,CL1,projector,76,0,2026-01-26T20:00:00+05:30
WS-004213,/campus-map,Parking,parking,13,0,2026-01-27T00:00:00+05:30
WS-004214,/help,CL3,cleaning,24,0,2026-01-27T04:00:00+05:30
WS-004215,/explore,H5 Boys Hostel,projector,62,0,2026-01-27T06:00:00+05:30
WS-004216,/explore,Auditorium,projector,42,0,2026-01-27T06:00:00+05:30
WS-004217,/report,A2/1,water,24,0,2026-01-27T03:00:00+05:30
WS-004218,/help,Cafeteria / Canteen,projector,10,0,2026-01-27T05:00:00+05:30
WS-004219,/explore,Aryabhatt Bhawan II,parking,35,0,2026-01-27T06:00:00+05:30
WS-004220,/explore,Aryabhatt Bhawan III,projector,48,0,2026-01-27T06:00:00+05:30
WS-004221,/status,CL15,cleaning,30,0,2026-01-27T11:00:00+05:30
WS-004222,/help,H5 Boys Hostel,wifi,61,0,2026-01-27T13:00:00+05:30
WS-004223,/explore,A2/1,wifi,47,0,2026-01-27T10:00:00+05:30
WS-004224,/status,Administration Block,wifi,59,0,2026-01-27T12:00:00+05:30
WS-004225,/campus-map,H4 Boys Hostel,parking,64,0,2026-01-27T12:00:00+05:30
WS-004226,/status,Annapurna / Main Mess,parking,21,0,2026-01-27T13:00:00+05:30
WS-004227,/help,Administration Block,wifi,27,0,2026-01-27T15:00:00+05:30
WS-004228,/report,CL3,wifi,16,0,2026-01-27T13:00:00+05:30
WS-004229,/help,Aryabhatt Bhawan III,water,39,0,2026-01-27T15:00:00+05:30
WS-004230,/report,Girls Hostel,lab,25,0,2026-01-27T15:00:00+05:30
WS-004231,/report,CL22,wifi,16,1,2026-01-27T22:00:00+05:30
WS-004232,/campus-map,LRC,projector,33,0,2026-01-27T19:00:00+05:30
WS-004233,/help,Aryabhatt Bhawan III,wifi,39,1,2026-01-27T17:00:00+05:30
WS-004234,/status,Sports Complex,queue,11,0,2026-01-27T21:00:00+05:30
WS-004235,/campus-map,Girls Hostel,water,23,0,2026-01-28T01:00:00+05:30
WS-004236,/campus-map,Annapurna / Main Mess,lab,40,1,2026-01-27T23:00:00+05:30
WS-004237,/explore,H5 Boys Hostel,wifi,14,0,2026-01-28T03:00:00+05:30
WS-004238,/explore,A2/1,lab,51,0,2026-01-28T01:00:00+05:30
WS-004239,/help,A2/1,water,20,1,2026-01-28T01:00:00+05:30
WS-004240,/status,A2/2,queue,38,0,2026-01-28T05:00:00+05:30
WS-004241,/campus-map,CL15,projector,86,0,2026-01-28T08:00:00+05:30
WS-004242,/status,Annapurna / Main Mess,cleaning,41,0,2026-01-28T07:00:00+05:30
WS-004243,/status,CL1,cleaning,48,0,2026-01-28T09:00:00+05:30
WS-004244,/explore,A2/1,parking,25,0,2026-01-28T11:00:00+05:30
WS-004245,/explore,Administration Block,parking,55,0,2026-01-28T10:00:00+05:30
WS-004246,/campus-map,A2/2,cleaning,99,0,2026-01-28T06:00:00+05:30
WS-004247,/help,A2/1,parking,69,0,2026-01-28T07:00:00+05:30
WS-004248,/explore,Washrooms,wifi,57,1,2026-01-28T09:00:00+05:30
WS-004249,/explore,Administration Block,cleaning,76,0,2026-01-28T15:00:00+05:30
WS-004250,/help,CL1,water,46,0,2026-01-28T17:00:00+05:30
WS-004251,/campus-map,Aryabhatt Bhawan III,wifi,34,0,2026-01-28T16:00:00+05:30
WS-004252,/status,A2/1,parking,75,0,2026-01-28T12:00:00+05:30
WS-004253,/explore,ECE Labs,cleaning,53,0,2026-01-28T15:00:00+05:30
WS-004254,/status,CL15,lab,89,0,2026-01-28T14:00:00+05:30
WS-004255,/help,Sports Complex,water,96,0,2026-01-28T21:00:00+05:30
WS-004256,/report,Washrooms,water,47,0,2026-01-28T21:00:00+05:30
WS-004257,/campus-map,Aryabhatt Bhawan III,water,18,0,2026-01-28T19:00:00+05:30
WS-004258,/status,Aryabhatt Bhawan II,projector,16,0,2026-01-28T20:00:00+05:30
WS-004259,/help,CL22,cleaning,6,0,2026-01-28T22:00:00+05:30
WS-004260,/explore,Parking,queue,26,0,2026-01-29T01:00:00+05:30
WS-004261,/campus-map,H4 Boys Hostel,lab,52,0,2026-01-28T23:00:00+05:30
WS-004262,/help,Auditorium,cleaning,59,1,2026-01-29T03:00:00+05:30
WS-004263,/report,Aryabhatt Bhawan III,wifi,78,0,2026-01-29T06:00:00+05:30
WS-004264,/report,Main Gate,water,167,0,2026-01-29T01:00:00+05:30
WS-004265,/report,Cafeteria / Canteen,water,31,0,2026-01-29T03:00:00+05:30
WS-004266,/report,ECE Labs,cleaning,7,1,2026-01-29T07:00:00+05:30
WS-004267,/report,Auditorium,wifi,16,0,2026-01-29T09:00:00+05:30
WS-004268,/status,LRC,queue,33,0,2026-01-29T05:00:00+05:30
WS-004269,/explore,CL15,parking,35,0,2026-01-29T06:00:00+05:30
WS-004270,/campus-map,Aryabhatt Bhawan III,parking,39,0,2026-01-29T11:00:00+05:30
WS-004271,/campus-map,A2/1,parking,62,0,2026-01-29T09:00:00+05:30
WS-004272,/campus-map,A2/2,cleaning,58,1,2026-01-29T13:00:00+05:30
WS-004273,/status,Washrooms,projector,16,1,2026-01-29T15:00:00+05:30
WS-004274,/status,H5 Boys Hostel,water,6,0,2026-01-29T13:00:00+05:30
WS-004275,/report,CL3,projector,20,0,2026-01-29T13:00:00+05:30
WS-004276,/report,H5 Boys Hostel,wifi,34,0,2026-01-29T15:00:00+05:30
WS-004277,/help,Sports Complex,water,57,0,2026-01-29T13:00:00+05:30
WS-004278,/report,Girls Hostel,water,9,0,2026-01-29T16:00:00+05:30
WS-004279,/help,Aryabhatt Bhawan III,queue,49,0,2026-01-29T22:00:00+05:30
WS-004280,/help,Cafeteria / Canteen,wifi,70,1,2026-01-29T19:00:00+05:30
WS-004281,/help,A2/1,projector,60,1,2026-01-29T18:00:00+05:30
WS-004282,/help,A2/2,cleaning,22,0,2026-01-29T20:00:00+05:30
WS-004283,/help,CL3,wifi,11,0,2026-01-30T01:00:00+05:30
WS-004284,/status,Auditorium,wifi,103,1,2026-01-30T03:00:00+05:30
WS-004285,/help,Sports Complex,queue,47,0,2026-01-29T22:00:00+05:30
WS-004286,/help,A2/1,water,30,0,2026-01-30T00:00:00+05:30
WS-004287,/help,CL1,lab,20,0,2026-01-30T04:00:00+05:30
WS-004288,/status,Auditorium,wifi,52,0,2026-01-30T03:00:00+05:30
WS-004289,/help,A2/1,water,11,0,2026-01-30T05:00:00+05:30
WS-004290,/report,CL1,water,53,0,2026-01-30T02:00:00+05:30
WS-004291,/explore,A2/2,queue,45,0,2026-01-30T08:00:00+05:30
WS-004292,/campus-map,H4 Boys Hostel,queue,119,1,2026-01-30T07:00:00+05:30
WS-004293,/report,CL1,wifi,22,1,2026-01-30T11:00:00+05:30
WS-004294,/campus-map,Aryabhatt Bhawan III,projector,68,1,2026-01-30T10:00:00+05:30
WS-004295,/campus-map,Washrooms,projector,51,0,2026-01-30T12:00:00+05:30
WS-004296,/status,Aryabhatt Bhawan III,parking,49,0,2026-01-30T09:00:00+05:30
WS-004297,/explore,Main Gate,cleaning,66,0,2026-01-30T14:00:00+05:30
WS-004298,/campus-map,CL15,cleaning,62,0,2026-01-30T13:00:00+05:30
WS-004299,/status,Aryabhatt Bhawan III,queue,51,0,2026-01-30T17:00:00+05:30
WS-004300,/explore,H5 Boys Hostel,projector,35,0,2026-01-30T15:00:00+05:30
WS-004301,/help,Main Gate,parking,24,0,2026-01-30T14:00:00+05:30
WS-004302,/help,Main Gate,queue,9,1,2026-01-30T17:00:00+05:30
WS-004303,/explore,Sports Complex,water,23,0,2026-01-30T18:00:00+05:30
WS-004304,/explore,Sports Complex,projector,23,0,2026-01-30T19:00:00+05:30
WS-004305,/report,Parking,water,13,1,2026-01-30T21:00:00+05:30
WS-004306,/status,Aryabhatt Bhawan III,parking,87,0,2026-01-30T19:00:00+05:30
WS-004307,/campus-map,CL22,water,43,0,2026-01-30T20:00:00+05:30
WS-004308,/explore,LRC,wifi,19,0,2026-01-30T22:00:00+05:30
WS-004309,/status,Aryabhatt Bhawan II,cleaning,85,0,2026-01-31T04:00:00+05:30
WS-004310,/report,CL1,water,24,1,2026-01-31T05:00:00+05:30
WS-004311,/explore,CL3,cleaning,42,0,2026-01-31T02:00:00+05:30
WS-004312,/campus-map,H5 Boys Hostel,projector,8,1,2026-01-31T03:00:00+05:30
WS-004313,/help,Annapurna / Main Mess,projector,41,0,2026-01-31T05:00:00+05:30
WS-004314,/status,H5 Boys Hostel,wifi,31,0,2026-01-31T05:00:00+05:30
WS-004315,/report,Auditorium,water,61,0,2026-01-31T10:00:00+05:30
WS-004316,/report,Aryabhatt Bhawan III,parking,9,0,2026-01-31T06:00:00+05:30
WS-004317,/explore,CL22,wifi,7,0,2026-01-31T12:00:00+05:30
WS-004318,/campus-map,A2/2,water,14,0,2026-01-31T13:00:00+05:30
WS-004319,/help,H5 Boys Hostel,queue,47,1,2026-01-31T09:00:00+05:30
WS-004320,/explore,Parking,water,24,0,2026-01-31T14:00:00+05:30
WS-004321,/help,Auditorium,cleaning,37,1,2026-01-31T09:00:00+05:30
WS-004322,/report,Main Gate,parking,22,0,2026-01-31T12:00:00+05:30
WS-004323,/report,ECE Labs,projector,26,0,2026-01-31T18:00:00+05:30
WS-004324,/help,CL22,projector,41,1,2026-01-31T17:00:00+05:30
WS-004325,/status,Main Gate,projector,10,0,2026-01-31T18:00:00+05:30
WS-004326,/report,Washrooms,projector,55,0,2026-01-31T17:00:00+05:30
WS-004327,/help,Cafeteria / Canteen,lab,36,0,2026-01-31T20:00:00+05:30
WS-004328,/status,Annapurna / Main Mess,water,58,0,2026-01-31T16:00:00+05:30
WS-004329,/help,Auditorium,lab,58,0,2026-01-31T23:00:00+05:30
WS-004330,/campus-map,A2/2,lab,37,1,2026-01-31T21:00:00+05:30
WS-004331,/help,Washrooms,cleaning,25,0,2026-01-31T22:00:00+05:30
WS-004332,/help,Water Points,parking,29,0,2026-02-01T01:00:00+05:30
WS-004333,/help,A2/2,lab,42,0,2026-02-01T00:00:00+05:30
WS-004334,/status,Sports Complex,parking,33,0,2026-02-01T03:00:00+05:30
WS-004335,/campus-map,A2/1,water,21,0,2026-02-01T05:00:00+05:30
WS-004336,/campus-map,CL1,water,33,0,2026-02-01T01:00:00+05:30
WS-004337,/status,Auditorium,wifi,24,1,2026-02-01T05:00:00+05:30
WS-004338,/campus-map,Main Gate,cleaning,33,0,2026-02-01T04:00:00+05:30
WS-004339,/status,LRC,cleaning,58,1,2026-02-01T07:00:00+05:30
WS-004340,/campus-map,Aryabhatt Bhawan II,water,104,0,2026-02-01T07:00:00+05:30
WS-004341,/report,Sports Complex,projector,46,0,2026-02-01T08:00:00+05:30
WS-004342,/status,Auditorium,parking,24,0,2026-02-01T09:00:00+05:30
WS-004343,/report,Aryabhatt Bhawan II,lab,53,0,2026-02-01T12:00:00+05:30
WS-004344,/status,Administration Block,cleaning,24,0,2026-02-01T13:00:00+05:30
WS-004345,/campus-map,A2/1,wifi,83,0,2026-02-01T09:00:00+05:30
WS-004346,/explore,Aryabhatt Bhawan III,cleaning,68,0,2026-02-01T12:00:00+05:30
WS-004347,/explore,A2/2,water,28,0,2026-02-01T12:00:00+05:30
WS-004348,/explore,A2/1,cleaning,65,0,2026-02-01T12:00:00+05:30
WS-004349,/explore,Auditorium,queue,22,0,2026-02-01T15:00:00+05:30
WS-004350,/status,A2/1,parking,80,0,2026-02-01T18:00:00+05:30
WS-004351,/report,A2/1,wifi,55,1,2026-02-01T22:00:00+05:30
WS-004352,/explore,Main Gate,water,33,0,2026-02-01T19:00:00+05:30
WS-004353,/help,H5 Boys Hostel,queue,66,0,2026-02-01T19:00:00+05:30
WS-004354,/explore,H5 Boys Hostel,cleaning,35,0,2026-02-02T01:00:00+05:30
WS-004355,/explore,Water Points,lab,39,1,2026-02-02T00:00:00+05:30
WS-004356,/help,CL22,lab,16,0,2026-02-02T01:00:00+05:30
WS-004357,/help,Annapurna / Main Mess,cleaning,89,0,2026-02-02T02:00:00+05:30
WS-004358,/report,H5 Boys Hostel,parking,22,0,2026-02-01T22:00:00+05:30
WS-004359,/status,A2/1,lab,51,0,2026-02-02T02:00:00+05:30
WS-004360,/status,H4 Boys Hostel,projector,82,0,2026-02-02T03:00:00+05:30
WS-004361,/help,A2/2,parking,20,0,2026-02-02T04:00:00+05:30
WS-004362,/explore,A2/2,projector,58,0,2026-02-02T02:00:00+05:30
WS-004363,/report,Girls Hostel,parking,27,0,2026-02-02T08:00:00+05:30
WS-004364,/status,A2/2,parking,56,0,2026-02-02T10:00:00+05:30
WS-004365,/report,Auditorium,cleaning,40,0,2026-02-02T05:00:00+05:30
WS-004366,/help,CL15,queue,26,0,2026-02-02T10:00:00+05:30
WS-004367,/explore,ECE Labs,lab,49,0,2026-02-02T13:00:00+05:30
WS-004368,/campus-map,Aryabhatt Bhawan II,queue,44,0,2026-02-02T10:00:00+05:30
WS-004369,/explore,Sports Complex,queue,42,0,2026-02-02T09:00:00+05:30
WS-004370,/explore,ECE Labs,water,20,0,2026-02-02T13:00:00+05:30
WS-004371,/campus-map,A2/1,water,30,1,2026-02-02T18:00:00+05:30
WS-004372,/help,Parking,water,42,0,2026-02-02T13:00:00+05:30
WS-004373,/explore,Girls Hostel,wifi,108,0,2026-02-02T17:00:00+05:30
WS-004374,/campus-map,LRC,projector,29,0,2026-02-02T20:00:00+05:30
WS-004375,/report,Sports Complex,wifi,51,1,2026-02-02T17:00:00+05:30
WS-004376,/explore,Washrooms,water,41,0,2026-02-02T22:00:00+05:30
WS-004377,/campus-map,Main Gate,projector,22,0,2026-02-02T17:00:00+05:30
WS-004378,/campus-map,Washrooms,water,51,0,2026-02-03T01:00:00+05:30
WS-004379,/help,Aryabhatt Bhawan II,queue,44,0,2026-02-02T21:00:00+05:30
WS-004380,/explore,H4 Boys Hostel,wifi,30,0,2026-02-03T02:00:00+05:30
WS-004381,/campus-map,Annapurna / Main Mess,water,74,0,2026-02-03T04:00:00+05:30
WS-004382,/campus-map,ECE Labs,parking,20,0,2026-02-03T05:00:00+05:30
WS-004383,/help,Auditorium,lab,102,0,2026-02-03T01:00:00+05:30
WS-004384,/status,Cafeteria / Canteen,parking,57,0,2026-02-03T02:00:00+05:30
WS-004385,/campus-map,A2/2,queue,39,0,2026-02-03T05:00:00+05:30
WS-004386,/explore,A2/1,cleaning,18,1,2026-02-03T03:00:00+05:30
WS-004387,/campus-map,Aryabhatt Bhawan II,cleaning,40,0,2026-02-03T05:00:00+05:30
WS-004388,/status,H5 Boys Hostel,lab,17,1,2026-02-03T04:00:00+05:30
WS-004389,/report,ECE Labs,lab,28,0,2026-02-03T09:00:00+05:30
WS-004390,/explore,Aryabhatt Bhawan III,wifi,8,0,2026-02-03T09:00:00+05:30
WS-004391,/campus-map,LRC,cleaning,24,0,2026-02-03T10:00:00+05:30
WS-004392,/report,Girls Hostel,water,23,0,2026-02-03T08:00:00+05:30
WS-004393,/help,LRC,lab,70,0,2026-02-03T13:00:00+05:30
WS-004394,/explore,LRC,lab,56,0,2026-02-03T16:00:00+05:30
WS-004395,/help,Aryabhatt Bhawan II,lab,45,0,2026-02-03T12:00:00+05:30
WS-004396,/explore,Cafeteria / Canteen,wifi,42,0,2026-02-03T16:00:00+05:30
WS-004397,/report,Parking,water,57,1,2026-02-03T20:00:00+05:30
WS-004398,/explore,A2/2,cleaning,49,1,2026-02-03T16:00:00+05:30
WS-004399,/status,Aryabhatt Bhawan III,water,104,0,2026-02-03T17:00:00+05:30
WS-004400,/report,Washrooms,water,23,0,2026-02-03T17:00:00+05:30
WS-004401,/status,Parking,parking,42,0,2026-02-03T18:00:00+05:30
WS-004402,/explore,Administration Block,projector,25,0,2026-02-03T18:00:00+05:30
WS-004403,/explore,ECE Labs,wifi,35,1,2026-02-04T00:00:00+05:30
WS-004404,/explore,LRC,lab,23,0,2026-02-03T22:00:00+05:30
WS-004405,/campus-map,Cafeteria / Canteen,queue,59,0,2026-02-04T00:00:00+05:30
WS-004406,/campus-map,A2/2,parking,94,0,2026-02-03T23:00:00+05:30
WS-004407,/report,Administration Block,lab,184,0,2026-02-04T01:00:00+05:30
WS-004408,/campus-map,Sports Complex,water,46,0,2026-02-04T05:00:00+05:30
WS-004409,/help,H4 Boys Hostel,projector,14,1,2026-02-04T01:00:00+05:30
WS-004410,/explore,A2/1,lab,31,1,2026-02-04T05:00:00+05:30
WS-004411,/help,A2/1,projector,49,0,2026-02-04T08:00:00+05:30
WS-004412,/explore,H5 Boys Hostel,cleaning,32,0,2026-02-04T10:00:00+05:30
WS-004413,/campus-map,LRC,lab,103,0,2026-02-04T11:00:00+05:30
WS-004414,/status,A2/1,projector,46,0,2026-02-04T08:00:00+05:30
WS-004415,/status,Aryabhatt Bhawan III,cleaning,73,0,2026-02-04T13:00:00+05:30
WS-004416,/campus-map,CL3,parking,25,0,2026-02-04T11:00:00+05:30
WS-004417,/report,Main Gate,lab,79,0,2026-02-04T11:00:00+05:30
WS-004418,/explore,Girls Hostel,projector,18,0,2026-02-04T13:00:00+05:30
WS-004419,/report,Auditorium,queue,80,0,2026-02-04T11:00:00+05:30
WS-004420,/campus-map,Aryabhatt Bhawan III,queue,36,0,2026-02-04T19:00:00+05:30
WS-004421,/explore,Annapurna / Main Mess,parking,37,1,2026-02-04T15:00:00+05:30
WS-004422,/explore,Aryabhatt Bhawan III,projector,26,0,2026-02-04T21:00:00+05:30
WS-004423,/status,Washrooms,wifi,29,0,2026-02-04T15:00:00+05:30
WS-004424,/campus-map,Aryabhatt Bhawan III,cleaning,19,1,2026-02-04T22:00:00+05:30
WS-004425,/report,Aryabhatt Bhawan II,lab,13,0,2026-02-04T19:00:00+05:30
WS-004426,/status,Auditorium,water,53,0,2026-02-04T23:00:00+05:30
WS-004427,/help,ECE Labs,queue,30,0,2026-02-04T20:00:00+05:30
WS-004428,/explore,Washrooms,parking,143,1,2026-02-04T23:00:00+05:30
WS-004429,/status,Sports Complex,projector,6,1,2026-02-05T01:00:00+05:30
WS-004430,/report,A2/1,queue,32,0,2026-02-05T04:00:00+05:30
WS-004431,/explore,Sports Complex,wifi,30,0,2026-02-05T00:00:00+05:30
WS-004432,/campus-map,CL22,projector,28,0,2026-02-05T07:00:00+05:30
WS-004433,/status,CL3,wifi,43,0,2026-02-05T02:00:00+05:30
WS-004434,/explore,LRC,projector,4,0,2026-02-05T07:00:00+05:30
WS-004435,/report,H4 Boys Hostel,queue,17,1,2026-02-05T10:00:00+05:30
WS-004436,/help,Annapurna / Main Mess,parking,57,1,2026-02-05T07:00:00+05:30
WS-004437,/status,CL15,wifi,29,0,2026-02-05T11:00:00+05:30
WS-004438,/status,CL22,wifi,55,0,2026-02-05T11:00:00+05:30
WS-004439,/report,CL15,wifi,65,1,2026-02-05T10:00:00+05:30
WS-004440,/status,Aryabhatt Bhawan II,lab,24,0,2026-02-05T13:00:00+05:30
WS-004441,/report,ECE Labs,parking,67,0,2026-02-05T11:00:00+05:30
WS-004442,/status,Aryabhatt Bhawan III,projector,33,0,2026-02-05T17:00:00+05:30
WS-004443,/report,Sports Complex,lab,73,1,2026-02-05T18:00:00+05:30
WS-004444,/explore,Water Points,projector,70,1,2026-02-05T13:00:00+05:30
WS-004445,/help,Aryabhatt Bhawan II,parking,20,0,2026-02-05T20:00:00+05:30
WS-004446,/campus-map,Parking,cleaning,44,0,2026-02-05T19:00:00+05:30
WS-004447,/report,Auditorium,lab,34,0,2026-02-05T18:00:00+05:30
WS-004448,/report,Aryabhatt Bhawan III,projector,130,0,2026-02-05T17:00:00+05:30
WS-004449,/explore,Water Points,wifi,67,0,2026-02-05T19:00:00+05:30
WS-004450,/campus-map,CL1,cleaning,31,0,2026-02-05T19:00:00+05:30
WS-004451,/explore,Sports Complex,cleaning,45,1,2026-02-05T23:00:00+05:30
WS-004452,/status,LRC,queue,44,0,2026-02-05T21:00:00+05:30
WS-004453,/report,LRC,projector,56,0,2026-02-06T00:00:00+05:30
WS-004454,/explore,A2/2,projector,30,0,2026-02-06T04:00:00+05:30
WS-004455,/report,A2/1,projector,28,0,2026-02-05T23:00:00+05:30
WS-004456,/campus-map,Aryabhatt Bhawan III,water,89,0,2026-02-06T05:00:00+05:30
WS-004457,/report,LRC,cleaning,66,0,2026-02-06T01:00:00+05:30
WS-004458,/explore,Sports Complex,lab,64,0,2026-02-06T02:00:00+05:30
WS-004459,/status,H5 Boys Hostel,lab,2,0,2026-02-06T03:00:00+05:30
WS-004460,/campus-map,Washrooms,queue,55,0,2026-02-06T08:00:00+05:30
WS-004461,/campus-map,Main Gate,queue,96,0,2026-02-06T11:00:00+05:30
WS-004462,/help,Main Gate,lab,25,0,2026-02-06T10:00:00+05:30
WS-004463,/status,Parking,lab,33,0,2026-02-06T11:00:00+05:30
WS-004464,/status,Parking,water,53,0,2026-02-06T14:00:00+05:30
WS-004465,/status,Washrooms,parking,41,1,2026-02-06T12:00:00+05:30
WS-004466,/status,Girls Hostel,wifi,10,0,2026-02-06T13:00:00+05:30
WS-004467,/help,Sports Complex,cleaning,45,1,2026-02-06T11:00:00+05:30
WS-004468,/report,Washrooms,wifi,136,0,2026-02-06T19:00:00+05:30
WS-004469,/status,CL15,cleaning,26,0,2026-02-06T20:00:00+05:30
WS-004470,/help,LRC,water,92,0,2026-02-06T21:00:00+05:30
WS-004471,/report,A2/2,projector,36,0,2026-02-06T17:00:00+05:30
WS-004472,/explore,Aryabhatt Bhawan III,queue,87,0,2026-02-06T21:00:00+05:30
WS-004473,/campus-map,CL3,queue,44,1,2026-02-06T18:00:00+05:30
WS-004474,/status,H4 Boys Hostel,wifi,30,1,2026-02-06T22:00:00+05:30
WS-004475,/campus-map,Annapurna / Main Mess,projector,42,0,2026-02-07T01:00:00+05:30
WS-004476,/explore,Sports Complex,parking,57,1,2026-02-06T21:00:00+05:30
WS-004477,/report,Water Points,wifi,23,1,2026-02-07T01:00:00+05:30
WS-004478,/explore,Cafeteria / Canteen,queue,25,1,2026-02-07T04:00:00+05:30
WS-004479,/report,Annapurna / Main Mess,cleaning,120,0,2026-02-07T06:00:00+05:30
WS-004480,/campus-map,Main Gate,parking,112,0,2026-02-07T06:00:00+05:30
WS-004481,/status,H4 Boys Hostel,queue,46,0,2026-02-07T08:00:00+05:30
WS-004482,/report,Administration Block,projector,47,0,2026-02-07T05:00:00+05:30
WS-004483,/explore,Administration Block,projector,64,1,2026-02-07T07:00:00+05:30
WS-004484,/explore,A2/1,cleaning,45,0,2026-02-07T11:00:00+05:30
WS-004485,/report,Washrooms,cleaning,81,0,2026-02-07T09:00:00+05:30
WS-004486,/help,Administration Block,water,55,0,2026-02-07T09:00:00+05:30
WS-004487,/explore,Aryabhatt Bhawan II,cleaning,46,0,2026-02-07T11:00:00+05:30
WS-004488,/help,A2/2,cleaning,55,0,2026-02-07T10:00:00+05:30
WS-004489,/status,Water Points,wifi,19,0,2026-02-07T11:00:00+05:30
WS-004490,/help,A2/1,projector,6,0,2026-02-07T15:00:00+05:30
WS-004491,/campus-map,Sports Complex,projector,66,0,2026-02-07T17:00:00+05:30
WS-004492,/campus-map,A2/1,parking,15,0,2026-02-07T19:00:00+05:30
WS-004493,/explore,Aryabhatt Bhawan II,parking,24,0,2026-02-07T17:00:00+05:30
WS-004494,/help,ECE Labs,wifi,57,1,2026-02-07T14:00:00+05:30
WS-004495,/help,Auditorium,parking,22,0,2026-02-07T19:00:00+05:30
WS-004496,/status,LRC,water,9,0,2026-02-07T16:00:00+05:30
WS-004497,/campus-map,LRC,lab,103,0,2026-02-07T21:00:00+05:30
WS-004498,/report,Cafeteria / Canteen,queue,128,0,2026-02-07T18:00:00+05:30
WS-004499,/campus-map,CL1,queue,49,1,2026-02-08T02:00:00+05:30
WS-004500,/status,Washrooms,queue,18,0,2026-02-08T02:00:00+05:30
WS-004501,/report,A2/1,wifi,24,0,2026-02-08T00:00:00+05:30
WS-004502,/campus-map,Main Gate,parking,12,1,2026-02-07T23:00:00+05:30
WS-004503,/status,H5 Boys Hostel,cleaning,15,0,2026-02-08T00:00:00+05:30
WS-004504,/explore,Annapurna / Main Mess,queue,41,1,2026-02-08T07:00:00+05:30
WS-004505,/explore,ECE Labs,cleaning,27,0,2026-02-08T07:00:00+05:30
WS-004506,/explore,Aryabhatt Bhawan II,wifi,87,1,2026-02-08T06:00:00+05:30
WS-004507,/status,Parking,lab,47,0,2026-02-08T08:00:00+05:30
WS-004508,/help,Washrooms,queue,92,0,2026-02-08T04:00:00+05:30
WS-004509,/campus-map,CL15,wifi,52,1,2026-02-08T09:00:00+05:30
WS-004510,/campus-map,Aryabhatt Bhawan III,cleaning,16,0,2026-02-08T06:00:00+05:30
WS-004511,/explore,A2/2,water,38,0,2026-02-08T07:00:00+05:30
WS-004512,/status,CL1,lab,66,0,2026-02-08T15:00:00+05:30
WS-004513,/explore,Parking,wifi,27,1,2026-02-08T14:00:00+05:30
WS-004514,/explore,Cafeteria / Canteen,queue,37,0,2026-02-08T14:00:00+05:30
WS-004515,/explore,H4 Boys Hostel,projector,72,0,2026-02-08T15:00:00+05:30
WS-004516,/campus-map,Parking,projector,46,1,2026-02-08T12:00:00+05:30
WS-004517,/report,Aryabhatt Bhawan II,parking,46,0,2026-02-08T20:00:00+05:30
WS-004518,/help,Sports Complex,lab,12,1,2026-02-08T21:00:00+05:30
WS-004519,/status,Aryabhatt Bhawan II,water,19,1,2026-02-08T22:00:00+05:30
WS-004520,/explore,ECE Labs,parking,59,0,2026-02-08T21:00:00+05:30
WS-004521,/help,LRC,queue,35,0,2026-02-08T18:00:00+05:30
WS-004522,/report,Cafeteria / Canteen,queue,12,0,2026-02-09T01:00:00+05:30
WS-004523,/report,A2/1,lab,14,0,2026-02-08T19:00:00+05:30
WS-004524,/report,Aryabhatt Bhawan II,cleaning,40,1,2026-02-09T03:00:00+05:30
WS-004525,/explore,CL1,projector,41,1,2026-02-08T21:00:00+05:30
WS-004526,/help,LRC,queue,10,0,2026-02-09T00:00:00+05:30
WS-004527,/help,CL1,parking,20,0,2026-02-09T01:00:00+05:30
WS-004528,/help,Administration Block,wifi,26,0,2026-02-09T01:00:00+05:30
WS-004529,/status,CL1,queue,35,0,2026-02-09T02:00:00+05:30
WS-004530,/campus-map,LRC,lab,24,0,2026-02-09T03:00:00+05:30
WS-004531,/campus-map,Washrooms,queue,26,0,2026-02-09T06:00:00+05:30
WS-004532,/explore,H4 Boys Hostel,parking,95,0,2026-02-09T06:00:00+05:30
WS-004533,/report,A2/2,queue,37,0,2026-02-09T08:00:00+05:30
WS-004534,/status,Aryabhatt Bhawan II,water,44,0,2026-02-09T13:00:00+05:30
WS-004535,/report,Girls Hostel,queue,9,0,2026-02-09T14:00:00+05:30
WS-004536,/report,Auditorium,parking,75,0,2026-02-09T15:00:00+05:30
WS-004537,/explore,Auditorium,wifi,36,1,2026-02-09T14:00:00+05:30
WS-004538,/explore,CL15,cleaning,32,0,2026-02-09T11:00:00+05:30
WS-004539,/report,Sports Complex,parking,42,1,2026-02-09T11:00:00+05:30
WS-004540,/report,Parking,projector,31,1,2026-02-09T13:00:00+05:30
WS-004541,/explore,A2/2,projector,32,0,2026-02-09T19:00:00+05:30
WS-004542,/campus-map,ECE Labs,projector,74,0,2026-02-09T14:00:00+05:30
WS-004543,/explore,LRC,projector,52,0,2026-02-09T17:00:00+05:30
WS-004544,/explore,A2/1,lab,63,1,2026-02-09T21:00:00+05:30
WS-004545,/report,CL3,projector,114,1,2026-02-09T17:00:00+05:30
WS-004546,/help,ECE Labs,water,30,0,2026-02-10T01:00:00+05:30
WS-004547,/status,Auditorium,parking,28,0,2026-02-09T22:00:00+05:30
WS-004548,/explore,Aryabhatt Bhawan II,projector,39,0,2026-02-10T00:00:00+05:30
WS-004549,/campus-map,Sports Complex,lab,4,0,2026-02-09T23:00:00+05:30
WS-004550,/status,H5 Boys Hostel,queue,15,0,2026-02-09T22:00:00+05:30
WS-004551,/report,Auditorium,projector,94,0,2026-02-10T01:00:00+05:30
WS-004552,/status,H4 Boys Hostel,lab,27,0,2026-02-10T02:00:00+05:30
WS-004553,/status,Sports Complex,wifi,5,0,2026-02-10T04:00:00+05:30
WS-004554,/campus-map,Water Points,parking,44,0,2026-02-10T02:00:00+05:30
WS-004555,/status,Water Points,parking,32,0,2026-02-10T09:00:00+05:30
WS-004556,/status,LRC,wifi,22,0,2026-02-10T08:00:00+05:30
WS-004557,/campus-map,Parking,parking,58,0,2026-02-10T08:00:00+05:30
WS-004558,/report,CL22,queue,18,0,2026-02-10T11:00:00+05:30
WS-004559,/help,A2/1,parking,96,0,2026-02-10T09:00:00+05:30
WS-004560,/help,Cafeteria / Canteen,lab,96,0,2026-02-10T11:00:00+05:30
WS-004561,/report,Cafeteria / Canteen,lab,50,0,2026-02-10T14:00:00+05:30
WS-004562,/status,LRC,water,125,0,2026-02-10T14:00:00+05:30
WS-004563,/campus-map,CL1,cleaning,17,0,2026-02-10T13:00:00+05:30
WS-004564,/explore,A2/2,queue,37,0,2026-02-10T16:00:00+05:30
WS-004565,/status,CL22,cleaning,46,0,2026-02-10T14:00:00+05:30
WS-004566,/help,Washrooms,queue,46,1,2026-02-10T20:00:00+05:30
WS-004567,/campus-map,Girls Hostel,cleaning,50,0,2026-02-10T16:00:00+05:30
WS-004568,/explore,ECE Labs,queue,14,0,2026-02-10T20:00:00+05:30
WS-004569,/status,Main Gate,water,17,0,2026-02-10T17:00:00+05:30
WS-004570,/help,Sports Complex,water,47,0,2026-02-10T23:00:00+05:30
WS-004571,/campus-map,A2/2,parking,13,1,2026-02-11T02:00:00+05:30
WS-004572,/report,Annapurna / Main Mess,queue,72,0,2026-02-10T20:00:00+05:30
WS-004573,/help,ECE Labs,water,9,0,2026-02-11T03:00:00+05:30
WS-004574,/status,CL15,wifi,70,1,2026-02-11T04:00:00+05:30
WS-004575,/status,CL3,projector,15,0,2026-02-11T03:00:00+05:30
WS-004576,/explore,Sports Complex,projector,16,0,2026-02-11T00:00:00+05:30
WS-004577,/status,CL3,lab,12,0,2026-02-11T08:00:00+05:30
WS-004578,/campus-map,Aryabhatt Bhawan III,lab,43,0,2026-02-11T09:00:00+05:30
WS-004579,/report,H4 Boys Hostel,queue,21,0,2026-02-11T08:00:00+05:30
WS-004580,/explore,CL3,queue,14,0,2026-02-11T09:00:00+05:30
WS-004581,/campus-map,Aryabhatt Bhawan III,wifi,106,1,2026-02-11T12:00:00+05:30
WS-004582,/help,LRC,wifi,11,0,2026-02-11T06:00:00+05:30
WS-004583,/campus-map,Aryabhatt Bhawan II,parking,54,0,2026-02-11T12:00:00+05:30
WS-004584,/help,CL15,projector,45,0,2026-02-11T09:00:00+05:30
WS-004585,/explore,Aryabhatt Bhawan III,lab,16,0,2026-02-11T09:00:00+05:30
WS-004586,/campus-map,H4 Boys Hostel,wifi,26,0,2026-02-11T11:00:00+05:30
WS-004587,/status,Administration Block,wifi,51,1,2026-02-11T18:00:00+05:30
WS-004588,/campus-map,Parking,parking,26,0,2026-02-11T13:00:00+05:30
WS-004589,/report,A2/1,cleaning,14,0,2026-02-11T15:00:00+05:30
WS-004590,/explore,Aryabhatt Bhawan II,queue,27,1,2026-02-11T18:00:00+05:30
WS-004591,/status,Aryabhatt Bhawan II,wifi,60,0,2026-02-11T19:00:00+05:30
WS-004592,/explore,A2/2,parking,35,1,2026-02-11T22:00:00+05:30
WS-004593,/explore,Aryabhatt Bhawan III,cleaning,44,1,2026-02-12T00:00:00+05:30
WS-004594,/status,Cafeteria / Canteen,projector,49,0,2026-02-11T21:00:00+05:30
WS-004595,/campus-map,Aryabhatt Bhawan II,wifi,39,0,2026-02-11T23:00:00+05:30
WS-004596,/explore,A2/2,wifi,42,0,2026-02-12T00:00:00+05:30
WS-004597,/help,CL3,queue,34,1,2026-02-12T02:00:00+05:30
WS-004598,/campus-map,A2/1,parking,69,0,2026-02-12T04:00:00+05:30
WS-004599,/report,Administration Block,wifi,19,0,2026-02-12T04:00:00+05:30
WS-004600,/explore,ECE Labs,projector,46,0,2026-02-12T05:00:00+05:30
WS-004601,/explore,A2/1,parking,37,0,2026-02-12T03:00:00+05:30
WS-004602,/report,H5 Boys Hostel,lab,25,1,2026-02-12T03:00:00+05:30
WS-004603,/help,A2/2,projector,25,0,2026-02-12T06:00:00+05:30
WS-004604,/explore,A2/2,water,12,1,2026-02-12T10:00:00+05:30
WS-004605,/status,H5 Boys Hostel,wifi,101,0,2026-02-12T10:00:00+05:30
WS-004606,/help,Administration Block,lab,23,0,2026-02-12T09:00:00+05:30
WS-004607,/help,LRC,queue,6,0,2026-02-12T07:00:00+05:30
WS-004608,/campus-map,Aryabhatt Bhawan II,water,10,0,2026-02-12T15:00:00+05:30
WS-004609,/explore,H4 Boys Hostel,wifi,33,0,2026-02-12T14:00:00+05:30
WS-004610,/explore,Cafeteria / Canteen,water,37,1,2026-02-12T10:00:00+05:30
WS-004611,/help,A2/2,wifi,126,0,2026-02-12T18:00:00+05:30
WS-004612,/status,CL22,cleaning,25,0,2026-02-12T18:00:00+05:30
WS-004613,/campus-map,A2/1,parking,47,0,2026-02-12T15:00:00+05:30
WS-004614,/status,Aryabhatt Bhawan III,projector,57,0,2026-02-12T20:00:00+05:30
WS-004615,/campus-map,Water Points,wifi,44,1,2026-02-12T21:00:00+05:30
WS-004616,/status,H5 Boys Hostel,cleaning,26,0,2026-02-12T18:00:00+05:30
WS-004617,/status,Washrooms,cleaning,47,0,2026-02-12T23:00:00+05:30
WS-004618,/explore,H4 Boys Hostel,water,26,0,2026-02-12T21:00:00+05:30
WS-004619,/campus-map,Washrooms,cleaning,62,0,2026-02-13T01:00:00+05:30
WS-004620,/status,Administration Block,parking,21,0,2026-02-13T00:00:00+05:30
WS-004621,/status,ECE Labs,wifi,72,0,2026-02-13T02:00:00+05:30
WS-004622,/report,A2/2,parking,35,0,2026-02-13T05:00:00+05:30
WS-004623,/campus-map,H4 Boys Hostel,lab,65,0,2026-02-13T03:00:00+05:30
WS-004624,/help,Aryabhatt Bhawan II,cleaning,40,1,2026-02-13T04:00:00+05:30
WS-004625,/explore,LRC,lab,35,0,2026-02-13T01:00:00+05:30
WS-004626,/report,H4 Boys Hostel,wifi,25,0,2026-02-13T04:00:00+05:30
WS-004627,/status,Administration Block,water,33,1,2026-02-13T03:00:00+05:30
WS-004628,/campus-map,Cafeteria / Canteen,parking,114,0,2026-02-13T04:00:00+05:30
WS-004629,/report,Sports Complex,water,8,0,2026-02-13T10:00:00+05:30
WS-004630,/status,Girls Hostel,projector,54,0,2026-02-13T07:00:00+05:30
WS-004631,/status,A2/1,cleaning,17,0,2026-02-13T14:00:00+05:30
WS-004632,/report,CL22,projector,17,0,2026-02-13T10:00:00+05:30
WS-004633,/explore,Sports Complex,cleaning,64,1,2026-02-13T14:00:00+05:30
WS-004634,/campus-map,LRC,wifi,89,0,2026-02-13T17:00:00+05:30
WS-004635,/campus-map,A2/2,projector,54,0,2026-02-13T15:00:00+05:30
WS-004636,/status,Auditorium,lab,55,0,2026-02-13T14:00:00+05:30
WS-004637,/status,CL15,cleaning,77,0,2026-02-13T16:00:00+05:30
WS-004638,/help,Main Gate,water,21,0,2026-02-13T21:00:00+05:30
WS-004639,/campus-map,Water Points,projector,15,0,2026-02-13T15:00:00+05:30
WS-004640,/report,Aryabhatt Bhawan II,projector,2,0,2026-02-13T18:00:00+05:30
WS-004641,/explore,A2/1,projector,26,0,2026-02-13T21:00:00+05:30
WS-004642,/status,Parking,water,65,1,2026-02-13T21:00:00+05:30
WS-004643,/status,CL3,queue,33,0,2026-02-13T23:00:00+05:30
WS-004644,/campus-map,CL22,wifi,15,1,2026-02-13T22:00:00+05:30
WS-004645,/report,Annapurna / Main Mess,cleaning,11,0,2026-02-14T02:00:00+05:30
WS-004646,/campus-map,Administration Block,cleaning,41,0,2026-02-14T04:00:00+05:30
WS-004647,/explore,CL15,parking,67,0,2026-02-14T01:00:00+05:30
WS-004648,/status,H4 Boys Hostel,lab,24,0,2026-02-14T02:00:00+05:30
WS-004649,/status,Administration Block,queue,106,0,2026-02-14T01:00:00+05:30
WS-004650,/help,Washrooms,parking,96,0,2026-02-14T04:00:00+05:30
WS-004651,/help,Administration Block,parking,46,0,2026-02-14T06:00:00+05:30
WS-004652,/help,ECE Labs,parking,30,0,2026-02-14T10:00:00+05:30
WS-004653,/campus-map,LRC,cleaning,24,0,2026-02-14T10:00:00+05:30
WS-004654,/report,Auditorium,lab,47,0,2026-02-14T08:00:00+05:30
WS-004655,/help,A2/2,parking,32,0,2026-02-14T08:00:00+05:30
WS-004656,/status,A2/2,wifi,11,0,2026-02-14T12:00:00+05:30
WS-004657,/explore,Aryabhatt Bhawan III,cleaning,90,0,2026-02-14T09:00:00+05:30
WS-004658,/status,Aryabhatt Bhawan II,cleaning,17,0,2026-02-14T11:00:00+05:30
WS-004659,/status,H4 Boys Hostel,parking,58,0,2026-02-14T16:00:00+05:30
WS-004660,/status,A2/2,parking,36,0,2026-02-14T16:00:00+05:30
WS-004661,/report,Aryabhatt Bhawan III,projector,81,0,2026-02-14T14:00:00+05:30
WS-004662,/report,Aryabhatt Bhawan II,wifi,93,0,2026-02-14T17:00:00+05:30
WS-004663,/report,Aryabhatt Bhawan III,lab,59,0,2026-02-14T15:00:00+05:30
WS-004664,/report,H5 Boys Hostel,lab,15,0,2026-02-14T18:00:00+05:30
WS-004665,/campus-map,A2/2,queue,14,0,2026-02-14T20:00:00+05:30
WS-004666,/help,Aryabhatt Bhawan III,wifi,26,0,2026-02-14T21:00:00+05:30
WS-004667,/explore,LRC,projector,12,0,2026-02-14T20:00:00+05:30
WS-004668,/status,H5 Boys Hostel,queue,105,0,2026-02-15T02:00:00+05:30
WS-004669,/status,Aryabhatt Bhawan II,cleaning,70,1,2026-02-14T22:00:00+05:30
WS-004670,/help,H5 Boys Hostel,parking,25,0,2026-02-15T03:00:00+05:30
WS-004671,/help,Aryabhatt Bhawan II,queue,50,0,2026-02-14T23:00:00+05:30
WS-004672,/help,Auditorium,cleaning,22,1,2026-02-15T06:00:00+05:30
WS-004673,/status,Parking,cleaning,9,0,2026-02-15T04:00:00+05:30
WS-004674,/report,Sports Complex,parking,56,0,2026-02-15T07:00:00+05:30
WS-004675,/report,A2/1,water,46,0,2026-02-15T06:00:00+05:30
WS-004676,/campus-map,LRC,parking,27,0,2026-02-15T04:00:00+05:30
WS-004677,/status,Aryabhatt Bhawan III,lab,24,0,2026-02-15T10:00:00+05:30
WS-004678,/report,A2/1,water,19,0,2026-02-15T07:00:00+05:30
WS-004679,/help,Aryabhatt Bhawan III,cleaning,35,0,2026-02-15T14:00:00+05:30
WS-004680,/report,CL15,cleaning,62,0,2026-02-15T11:00:00+05:30
WS-004681,/explore,H4 Boys Hostel,water,50,0,2026-02-15T15:00:00+05:30
WS-004682,/explore,H5 Boys Hostel,water,35,0,2026-02-15T15:00:00+05:30
WS-004683,/report,Aryabhatt Bhawan III,queue,32,0,2026-02-15T11:00:00+05:30
WS-004684,/report,Aryabhatt Bhawan II,parking,25,0,2026-02-15T14:00:00+05:30
WS-004685,/campus-map,Sports Complex,lab,19,0,2026-02-15T19:00:00+05:30
WS-004686,/report,Washrooms,parking,52,0,2026-02-15T14:00:00+05:30
WS-004687,/explore,Aryabhatt Bhawan III,queue,49,0,2026-02-15T21:00:00+05:30
WS-004688,/status,Parking,parking,85,0,2026-02-15T20:00:00+05:30
WS-004689,/help,Annapurna / Main Mess,water,73,0,2026-02-15T23:00:00+05:30
WS-004690,/explore,Washrooms,wifi,44,0,2026-02-16T00:00:00+05:30
WS-004691,/explore,Aryabhatt Bhawan III,projector,24,1,2026-02-15T21:00:00+05:30
WS-004692,/report,Girls Hostel,parking,32,0,2026-02-16T02:00:00+05:30
WS-004693,/report,Cafeteria / Canteen,projector,31,0,2026-02-15T22:00:00+05:30
WS-004694,/status,H5 Boys Hostel,queue,53,0,2026-02-15T23:00:00+05:30
WS-004695,/report,Main Gate,projector,12,0,2026-02-16T00:00:00+05:30
WS-004696,/report,H4 Boys Hostel,projector,26,0,2026-02-16T00:00:00+05:30
WS-004697,/help,H5 Boys Hostel,cleaning,41,0,2026-02-16T01:00:00+05:30
WS-004698,/report,A2/1,wifi,13,1,2026-02-16T07:00:00+05:30
WS-004699,/explore,Girls Hostel,wifi,11,0,2026-02-16T05:00:00+05:30
WS-004700,/status,Parking,cleaning,39,1,2026-02-16T04:00:00+05:30
WS-004701,/campus-map,CL22,projector,57,0,2026-02-16T12:00:00+05:30
WS-004702,/explore,CL3,queue,42,0,2026-02-16T10:00:00+05:30
WS-004703,/campus-map,CL3,water,5,0,2026-02-16T09:00:00+05:30
WS-004704,/campus-map,A2/1,lab,40,0,2026-02-16T15:00:00+05:30
WS-004705,/help,Aryabhatt Bhawan II,water,38,1,2026-02-16T10:00:00+05:30
WS-004706,/help,CL1,cleaning,42,0,2026-02-16T12:00:00+05:30
WS-004707,/campus-map,Aryabhatt Bhawan II,lab,28,0,2026-02-16T11:00:00+05:30
WS-004708,/explore,CL3,lab,31,0,2026-02-16T15:00:00+05:30
WS-004709,/report,Washrooms,projector,46,0,2026-02-16T14:00:00+05:30
WS-004710,/status,CL22,cleaning,11,0,2026-02-16T19:00:00+05:30
WS-004711,/help,H5 Boys Hostel,water,56,0,2026-02-16T19:00:00+05:30
WS-004712,/explore,CL15,queue,47,1,2026-02-16T17:00:00+05:30
WS-004713,/explore,ECE Labs,parking,32,0,2026-02-16T20:00:00+05:30
WS-004714,/explore,Main Gate,water,34,0,2026-02-17T01:00:00+05:30
WS-004715,/help,CL22,wifi,44,1,2026-02-16T23:00:00+05:30
WS-004716,/campus-map,A2/2,parking,29,0,2026-02-16T23:00:00+05:30
WS-004717,/status,Washrooms,projector,69,0,2026-02-17T02:00:00+05:30
WS-004718,/campus-map,LRC,parking,36,0,2026-02-17T05:00:00+05:30
WS-004719,/help,A2/2,water,57,1,2026-02-17T03:00:00+05:30
WS-004720,/report,LRC,cleaning,38,1,2026-02-17T07:00:00+05:30
WS-004721,/help,H5 Boys Hostel,queue,97,1,2026-02-17T02:00:00+05:30
WS-004722,/explore,CL22,cleaning,107,0,2026-02-17T08:00:00+05:30
WS-004723,/status,A2/1,wifi,33,0,2026-02-17T05:00:00+05:30
WS-004724,/report,Girls Hostel,projector,10,1,2026-02-17T10:00:00+05:30
WS-004725,/report,Aryabhatt Bhawan II,queue,24,0,2026-02-17T10:00:00+05:30
WS-004726,/explore,Aryabhatt Bhawan III,cleaning,6,0,2026-02-17T13:00:00+05:30
WS-004727,/campus-map,A2/1,projector,44,0,2026-02-17T07:00:00+05:30
WS-004728,/campus-map,CL3,water,64,0,2026-02-17T08:00:00+05:30
WS-004729,/status,Aryabhatt Bhawan III,lab,65,1,2026-02-17T14:00:00+05:30
WS-004730,/explore,Aryabhatt Bhawan III,projector,100,0,2026-02-17T14:00:00+05:30
WS-004731,/campus-map,Washrooms,wifi,87,0,2026-02-17T14:00:00+05:30
WS-004732,/explore,Main Gate,parking,72,0,2026-02-17T18:00:00+05:30
WS-004733,/report,H4 Boys Hostel,wifi,18,0,2026-02-17T18:00:00+05:30
WS-004734,/help,A2/1,projector,14,0,2026-02-17T20:00:00+05:30
WS-004735,/help,H5 Boys Hostel,cleaning,70,1,2026-02-17T18:00:00+05:30
WS-004736,/help,LRC,lab,58,1,2026-02-17T22:00:00+05:30
WS-004737,/help,CL1,parking,22,0,2026-02-18T00:00:00+05:30
WS-004738,/help,ECE Labs,wifi,17,0,2026-02-17T19:00:00+05:30
WS-004739,/report,Main Gate,queue,24,0,2026-02-18T02:00:00+05:30
WS-004740,/report,Aryabhatt Bhawan III,cleaning,33,0,2026-02-17T20:00:00+05:30
WS-004741,/status,LRC,queue,35,0,2026-02-18T00:00:00+05:30
WS-004742,/campus-map,Aryabhatt Bhawan II,projector,37,0,2026-02-18T03:00:00+05:30
WS-004743,/campus-map,Auditorium,wifi,102,0,2026-02-18T05:00:00+05:30
WS-004744,/status,Aryabhatt Bhawan II,water,39,0,2026-02-18T07:00:00+05:30
WS-004745,/help,H5 Boys Hostel,wifi,22,0,2026-02-18T08:00:00+05:30
WS-004746,/campus-map,Aryabhatt Bhawan II,projector,55,1,2026-02-18T09:00:00+05:30
WS-004747,/report,CL3,water,73,0,2026-02-18T05:00:00+05:30
WS-004748,/help,Washrooms,wifi,25,0,2026-02-18T04:00:00+05:30
WS-004749,/report,Administration Block,projector,39,0,2026-02-18T08:00:00+05:30
WS-004750,/campus-map,Aryabhatt Bhawan III,projector,35,0,2026-02-18T07:00:00+05:30
WS-004751,/status,Annapurna / Main Mess,water,34,0,2026-02-18T13:00:00+05:30
WS-004752,/help,LRC,cleaning,56,0,2026-02-18T14:00:00+05:30
WS-004753,/explore,Aryabhatt Bhawan II,lab,23,0,2026-02-18T13:00:00+05:30
WS-004754,/help,Auditorium,cleaning,22,0,2026-02-18T17:00:00+05:30
WS-004755,/report,CL22,parking,33,0,2026-02-18T15:00:00+05:30
WS-004756,/status,A2/2,parking,13,0,2026-02-18T19:00:00+05:30
WS-004757,/report,CL22,parking,33,0,2026-02-18T18:00:00+05:30
WS-004758,/explore,A2/1,water,61,0,2026-02-18T14:00:00+05:30
WS-004759,/report,Aryabhatt Bhawan II,lab,32,0,2026-02-18T16:00:00+05:30
WS-004760,/report,Sports Complex,parking,25,0,2026-02-18T20:00:00+05:30
WS-004761,/help,Administration Block,queue,99,0,2026-02-18T21:00:00+05:30
WS-004762,/campus-map,A2/2,wifi,32,0,2026-02-18T18:00:00+05:30
WS-004763,/explore,H4 Boys Hostel,water,21,0,2026-02-18T21:00:00+05:30
WS-004764,/campus-map,A2/2,projector,50,1,2026-02-18T22:00:00+05:30
WS-004765,/status,LRC,wifi,14,0,2026-02-19T00:00:00+05:30
WS-004766,/campus-map,Annapurna / Main Mess,parking,36,0,2026-02-18T22:00:00+05:30
WS-004767,/campus-map,Auditorium,lab,35,0,2026-02-19T02:00:00+05:30
WS-004768,/campus-map,Aryabhatt Bhawan II,cleaning,49,0,2026-02-19T06:00:00+05:30
WS-004769,/help,Aryabhatt Bhawan II,projector,46,0,2026-02-19T04:00:00+05:30
WS-004770,/status,H5 Boys Hostel,projector,103,0,2026-02-19T03:00:00+05:30
WS-004771,/help,A2/2,parking,57,0,2026-02-19T10:00:00+05:30
WS-004772,/report,Aryabhatt Bhawan II,parking,24,0,2026-02-19T10:00:00+05:30
WS-004773,/explore,A2/2,parking,45,0,2026-02-19T08:00:00+05:30
WS-004774,/campus-map,ECE Labs,queue,77,0,2026-02-19T07:00:00+05:30
WS-004775,/campus-map,LRC,parking,89,0,2026-02-19T13:00:00+05:30
WS-004776,/report,H5 Boys Hostel,cleaning,42,0,2026-02-19T11:00:00+05:30
WS-004777,/campus-map,Main Gate,cleaning,48,0,2026-02-19T16:00:00+05:30
WS-004778,/status,A2/2,lab,69,0,2026-02-19T11:00:00+05:30
WS-004779,/explore,Cafeteria / Canteen,projector,26,0,2026-02-19T17:00:00+05:30
WS-004780,/campus-map,Aryabhatt Bhawan III,wifi,68,1,2026-02-19T13:00:00+05:30
WS-004781,/explore,Auditorium,lab,48,0,2026-02-19T15:00:00+05:30
WS-004782,/explore,Parking,parking,80,0,2026-02-19T18:00:00+05:30
WS-004783,/report,Annapurna / Main Mess,cleaning,66,0,2026-02-19T18:00:00+05:30
WS-004784,/explore,Administration Block,cleaning,34,0,2026-02-19T23:00:00+05:30
WS-004785,/status,Aryabhatt Bhawan II,lab,39,1,2026-02-20T00:00:00+05:30
WS-004786,/report,Aryabhatt Bhawan II,queue,18,0,2026-02-19T20:00:00+05:30
WS-004787,/campus-map,Main Gate,parking,21,0,2026-02-19T19:00:00+05:30
WS-004788,/status,LRC,queue,45,0,2026-02-20T01:00:00+05:30
WS-004789,/report,CL3,projector,110,0,2026-02-19T22:00:00+05:30
WS-004790,/campus-map,Aryabhatt Bhawan II,lab,25,0,2026-02-20T02:00:00+05:30
WS-004791,/help,H4 Boys Hostel,queue,36,0,2026-02-20T00:00:00+05:30
WS-004792,/help,CL15,wifi,98,0,2026-02-20T05:00:00+05:30
WS-004793,/explore,CL3,parking,64,0,2026-02-20T05:00:00+05:30
WS-004794,/help,A2/1,projector,49,0,2026-02-20T03:00:00+05:30
WS-004795,/campus-map,Aryabhatt Bhawan II,queue,15,0,2026-02-20T10:00:00+05:30
WS-004796,/campus-map,Aryabhatt Bhawan III,lab,82,0,2026-02-20T07:00:00+05:30
WS-004797,/help,Parking,wifi,22,1,2026-02-20T06:00:00+05:30
WS-004798,/status,A2/1,projector,29,1,2026-02-20T12:00:00+05:30
WS-004799,/help,Water Points,lab,38,0,2026-02-20T12:00:00+05:30
WS-004800,/campus-map,Aryabhatt Bhawan II,lab,78,0,2026-02-20T10:00:00+05:30
WS-004801,/campus-map,Aryabhatt Bhawan III,parking,69,0,2026-02-20T10:00:00+05:30
WS-004802,/campus-map,Auditorium,wifi,15,0,2026-02-20T12:00:00+05:30
WS-004803,/help,Aryabhatt Bhawan III,projector,28,0,2026-02-20T13:00:00+05:30
WS-004804,/report,CL15,lab,22,0,2026-02-20T18:00:00+05:30
WS-004805,/status,Aryabhatt Bhawan III,queue,34,1,2026-02-20T17:00:00+05:30
WS-004806,/status,Sports Complex,water,69,0,2026-02-20T20:00:00+05:30
WS-004807,/status,Aryabhatt Bhawan II,water,74,0,2026-02-20T22:00:00+05:30
WS-004808,/help,A2/1,water,20,0,2026-02-20T19:00:00+05:30
WS-004809,/campus-map,H5 Boys Hostel,lab,28,0,2026-02-20T19:00:00+05:30
WS-004810,/campus-map,A2/2,lab,44,0,2026-02-20T18:00:00+05:30
WS-004811,/explore,Annapurna / Main Mess,water,22,0,2026-02-20T19:00:00+05:30
WS-004812,/campus-map,Main Gate,wifi,78,0,2026-02-20T22:00:00+05:30
WS-004813,/help,CL22,projector,43,0,2026-02-21T01:00:00+05:30
WS-004814,/explore,Annapurna / Main Mess,wifi,36,0,2026-02-20T22:00:00+05:30
WS-004815,/report,Administration Block,water,64,0,2026-02-21T03:00:00+05:30
WS-004816,/explore,A2/2,projector,28,0,2026-02-21T00:00:00+05:30
WS-004817,/help,Aryabhatt Bhawan III,projector,53,0,2026-02-21T06:00:00+05:30
WS-004818,/report,A2/1,water,54,0,2026-02-21T07:00:00+05:30
WS-004819,/help,A2/1,water,25,0,2026-02-21T09:00:00+05:30
WS-004820,/help,A2/1,queue,42,0,2026-02-21T10:00:00+05:30
WS-004821,/campus-map,H4 Boys Hostel,parking,23,0,2026-02-21T09:00:00+05:30
WS-004822,/help,Girls Hostel,cleaning,28,0,2026-02-21T12:00:00+05:30
WS-004823,/explore,Washrooms,projector,68,0,2026-02-21T08:00:00+05:30
WS-004824,/help,H4 Boys Hostel,water,20,1,2026-02-21T13:00:00+05:30
WS-004825,/help,A2/2,cleaning,33,1,2026-02-21T11:00:00+05:30
WS-004826,/help,A2/1,parking,40,0,2026-02-21T10:00:00+05:30
WS-004827,/help,H5 Boys Hostel,queue,69,0,2026-02-21T16:00:00+05:30
WS-004828,/campus-map,Auditorium,parking,32,0,2026-02-21T18:00:00+05:30
WS-004829,/help,Cafeteria / Canteen,cleaning,63,0,2026-02-21T17:00:00+05:30
WS-004830,/status,Parking,water,17,0,2026-02-21T19:00:00+05:30
WS-004831,/status,CL1,parking,17,0,2026-02-21T19:00:00+05:30
WS-004832,/help,A2/1,projector,22,0,2026-02-21T20:00:00+05:30
WS-004833,/status,CL3,parking,37,0,2026-02-21T20:00:00+05:30
WS-004834,/help,Water Points,lab,25,0,2026-02-22T00:00:00+05:30
WS-004835,/status,Sports Complex,water,9,0,2026-02-22T00:00:00+05:30
WS-004836,/explore,Sports Complex,lab,64,0,2026-02-21T23:00:00+05:30
WS-004837,/campus-map,Administration Block,parking,14,0,2026-02-22T02:00:00+05:30
WS-004838,/help,Aryabhatt Bhawan II,queue,21,0,2026-02-22T05:00:00+05:30
WS-004839,/report,A2/2,water,39,0,2026-02-22T01:00:00+05:30
WS-004840,/status,A2/1,lab,31,0,2026-02-22T05:00:00+05:30
WS-004841,/help,Girls Hostel,wifi,80,0,2026-02-22T01:00:00+05:30
WS-004842,/report,Washrooms,cleaning,29,1,2026-02-22T02:00:00+05:30
WS-004843,/report,Washrooms,lab,22,0,2026-02-22T04:00:00+05:30
WS-004844,/explore,CL22,water,7,1,2026-02-22T10:00:00+05:30
WS-004845,/explore,Annapurna / Main Mess,lab,24,0,2026-02-22T09:00:00+05:30
WS-004846,/campus-map,Sports Complex,water,20,0,2026-02-22T13:00:00+05:30
WS-004847,/help,H4 Boys Hostel,lab,36,0,2026-02-22T14:00:00+05:30
WS-004848,/help,Sports Complex,cleaning,16,1,2026-02-22T11:00:00+05:30
WS-004849,/campus-map,Cafeteria / Canteen,water,98,0,2026-02-22T12:00:00+05:30
WS-004850,/status,A2/1,projector,41,0,2026-02-22T16:00:00+05:30
WS-004851,/explore,Annapurna / Main Mess,water,104,0,2026-02-22T14:00:00+05:30
WS-004852,/report,Aryabhatt Bhawan II,lab,40,0,2026-02-22T14:00:00+05:30
WS-004853,/report,Main Gate,lab,18,0,2026-02-22T20:00:00+05:30
WS-004854,/explore,Administration Block,cleaning,7,0,2026-02-22T18:00:00+05:30
WS-004855,/status,H4 Boys Hostel,water,14,0,2026-02-22T19:00:00+05:30
WS-004856,/status,CL3,wifi,19,0,2026-02-22T16:00:00+05:30
WS-004857,/help,LRC,cleaning,87,0,2026-02-22T19:00:00+05:30
WS-004858,/campus-map,Aryabhatt Bhawan III,queue,14,0,2026-02-22T19:00:00+05:30
WS-004859,/campus-map,H5 Boys Hostel,lab,102,0,2026-02-22T19:00:00+05:30
WS-004860,/report,ECE Labs,parking,44,0,2026-02-23T02:00:00+05:30
WS-004861,/status,H5 Boys Hostel,water,27,0,2026-02-22T21:00:00+05:30
WS-004862,/campus-map,CL3,cleaning,89,0,2026-02-22T23:00:00+05:30
WS-004863,/help,Sports Complex,projector,43,0,2026-02-23T06:00:00+05:30
WS-004864,/campus-map,Aryabhatt Bhawan II,lab,59,0,2026-02-23T07:00:00+05:30
WS-004865,/status,Water Points,wifi,27,0,2026-02-23T04:00:00+05:30
WS-004866,/help,Sports Complex,water,47,0,2026-02-23T09:00:00+05:30
WS-004867,/report,Water Points,queue,36,0,2026-02-23T05:00:00+05:30
WS-004868,/help,Aryabhatt Bhawan II,wifi,16,0,2026-02-23T10:00:00+05:30
WS-004869,/campus-map,Parking,parking,42,0,2026-02-23T11:00:00+05:30
WS-004870,/campus-map,Annapurna / Main Mess,projector,26,0,2026-02-23T10:00:00+05:30
WS-004871,/campus-map,H5 Boys Hostel,lab,49,0,2026-02-23T09:00:00+05:30
WS-004872,/campus-map,H4 Boys Hostel,cleaning,43,0,2026-02-23T14:00:00+05:30
WS-004873,/help,Aryabhatt Bhawan II,parking,120,0,2026-02-23T10:00:00+05:30
WS-004874,/campus-map,Main Gate,queue,27,0,2026-02-23T13:00:00+05:30
WS-004875,/help,A2/2,wifi,18,0,2026-02-23T16:00:00+05:30
WS-004876,/campus-map,Aryabhatt Bhawan III,projector,81,0,2026-02-23T14:00:00+05:30
WS-004877,/status,LRC,water,33,0,2026-02-23T19:00:00+05:30
WS-004878,/help,A2/2,wifi,90,0,2026-02-23T15:00:00+05:30
WS-004879,/status,Main Gate,lab,21,0,2026-02-23T19:00:00+05:30
WS-004880,/explore,Sports Complex,lab,9,0,2026-02-23T19:00:00+05:30
WS-004881,/help,H4 Boys Hostel,wifi,76,0,2026-02-23T22:00:00+05:30
WS-004882,/status,LRC,queue,60,0,2026-02-23T18:00:00+05:30
WS-004883,/explore,A2/1,cleaning,31,0,2026-02-24T01:00:00+05:30
WS-004884,/campus-map,Aryabhatt Bhawan III,parking,6,1,2026-02-23T22:00:00+05:30
WS-004885,/status,H5 Boys Hostel,water,113,0,2026-02-24T03:00:00+05:30
WS-004886,/status,Sports Complex,cleaning,8,0,2026-02-24T04:00:00+05:30
WS-004887,/explore,A2/2,queue,8,0,2026-02-24T02:00:00+05:30
WS-004888,/report,CL15,water,24,0,2026-02-24T01:00:00+05:30
WS-004889,/explore,H4 Boys Hostel,wifi,60,1,2026-02-24T04:00:00+05:30
WS-004890,/explore,Sports Complex,wifi,69,1,2026-02-24T06:00:00+05:30
WS-004891,/campus-map,Girls Hostel,water,28,0,2026-02-24T05:00:00+05:30
WS-004892,/report,Aryabhatt Bhawan III,queue,182,0,2026-02-24T08:00:00+05:30
WS-004893,/report,Main Gate,lab,66,1,2026-02-24T09:00:00+05:30
WS-004894,/status,ECE Labs,water,68,0,2026-02-24T12:00:00+05:30
WS-004895,/help,A2/2,cleaning,48,0,2026-02-24T07:00:00+05:30
WS-004896,/report,Annapurna / Main Mess,water,18,0,2026-02-24T14:00:00+05:30
WS-004897,/explore,H4 Boys Hostel,wifi,11,0,2026-02-24T14:00:00+05:30
WS-004898,/campus-map,Parking,queue,94,1,2026-02-24T16:00:00+05:30
WS-004899,/status,CL3,wifi,56,0,2026-02-24T16:00:00+05:30
WS-004900,/status,CL1,projector,50,0,2026-02-24T16:00:00+05:30
WS-004901,/help,Sports Complex,projector,37,0,2026-02-24T15:00:00+05:30
WS-004902,/help,Girls Hostel,wifi,21,0,2026-02-24T21:00:00+05:30
WS-004903,/campus-map,ECE Labs,cleaning,119,0,2026-02-24T21:00:00+05:30
WS-004904,/campus-map,H4 Boys Hostel,projector,21,0,2026-02-24T22:00:00+05:30
WS-004905,/campus-map,Sports Complex,water,18,0,2026-02-24T19:00:00+05:30
WS-004906,/help,H4 Boys Hostel,wifi,58,0,2026-02-24T20:00:00+05:30
WS-004907,/campus-map,Annapurna / Main Mess,water,116,1,2026-02-24T23:00:00+05:30
WS-004908,/explore,Washrooms,water,85,0,2026-02-24T21:00:00+05:30
WS-004909,/status,Aryabhatt Bhawan III,cleaning,18,0,2026-02-25T03:00:00+05:30
WS-004910,/status,Aryabhatt Bhawan III,water,8,0,2026-02-24T22:00:00+05:30
WS-004911,/report,Sports Complex,queue,13,0,2026-02-25T04:00:00+05:30
WS-004912,/report,A2/2,queue,29,0,2026-02-25T06:00:00+05:30
WS-004913,/explore,LRC,wifi,154,0,2026-02-25T07:00:00+05:30
WS-004914,/campus-map,Annapurna / Main Mess,cleaning,40,0,2026-02-25T08:00:00+05:30
WS-004915,/explore,Aryabhatt Bhawan II,cleaning,31,0,2026-02-25T08:00:00+05:30
WS-004916,/campus-map,Annapurna / Main Mess,projector,37,1,2026-02-25T10:00:00+05:30
WS-004917,/report,Cafeteria / Canteen,wifi,96,0,2026-02-25T07:00:00+05:30
WS-004918,/explore,Annapurna / Main Mess,cleaning,34,0,2026-02-25T11:00:00+05:30
WS-004919,/report,CL22,water,31,1,2026-02-25T07:00:00+05:30
WS-004920,/report,H4 Boys Hostel,wifi,39,0,2026-02-25T09:00:00+05:30
WS-004921,/help,CL22,queue,27,1,2026-02-25T11:00:00+05:30
WS-004922,/help,A2/1,cleaning,31,0,2026-02-25T11:00:00+05:30
WS-004923,/report,Parking,cleaning,12,1,2026-02-25T16:00:00+05:30
WS-004924,/report,H5 Boys Hostel,water,32,0,2026-02-25T18:00:00+05:30
WS-004925,/explore,A2/1,wifi,25,0,2026-02-25T17:00:00+05:30
WS-004926,/report,A2/1,lab,58,0,2026-02-25T20:00:00+05:30
WS-004927,/campus-map,Aryabhatt Bhawan III,lab,60,1,2026-02-25T21:00:00+05:30
WS-004928,/explore,A2/1,cleaning,45,1,2026-02-25T17:00:00+05:30
WS-004929,/campus-map,Administration Block,projector,102,0,2026-02-25T20:00:00+05:30
WS-004930,/explore,CL15,projector,2,0,2026-02-25T22:00:00+05:30
WS-004931,/report,Aryabhatt Bhawan II,wifi,96,1,2026-02-26T01:00:00+05:30
WS-004932,/report,Aryabhatt Bhawan III,lab,24,0,2026-02-25T23:00:00+05:30
WS-004933,/campus-map,A2/2,parking,11,1,2026-02-26T02:00:00+05:30
WS-004934,/explore,Aryabhatt Bhawan III,parking,17,0,2026-02-26T02:00:00+05:30
WS-004935,/campus-map,Annapurna / Main Mess,wifi,13,0,2026-02-26T02:00:00+05:30
WS-004936,/status,CL15,parking,45,0,2026-02-26T00:00:00+05:30
WS-004937,/help,CL1,projector,55,0,2026-02-26T06:00:00+05:30
WS-004938,/status,Main Gate,projector,19,0,2026-02-26T04:00:00+05:30
WS-004939,/campus-map,Aryabhatt Bhawan III,parking,62,0,2026-02-26T07:00:00+05:30
WS-004940,/report,Washrooms,projector,51,0,2026-02-26T10:00:00+05:30
WS-004941,/explore,Girls Hostel,queue,82,0,2026-02-26T05:00:00+05:30
WS-004942,/campus-map,Sports Complex,wifi,38,0,2026-02-26T07:00:00+05:30
WS-004943,/explore,A2/2,wifi,96,0,2026-02-26T08:00:00+05:30
WS-004944,/help,CL1,projector,19,1,2026-02-26T14:00:00+05:30
WS-004945,/help,Aryabhatt Bhawan II,cleaning,30,0,2026-02-26T16:00:00+05:30
WS-004946,/report,Cafeteria / Canteen,projector,74,0,2026-02-26T16:00:00+05:30
WS-004947,/status,ECE Labs,water,36,0,2026-02-26T11:00:00+05:30
WS-004948,/campus-map,ECE Labs,queue,76,0,2026-02-26T14:00:00+05:30
WS-004949,/campus-map,A2/2,parking,22,0,2026-02-26T19:00:00+05:30
WS-004950,/explore,ECE Labs,queue,31,0,2026-02-26T19:00:00+05:30
WS-004951,/help,H4 Boys Hostel,water,26,1,2026-02-26T17:00:00+05:30
WS-004952,/status,Aryabhatt Bhawan II,parking,75,0,2026-02-26T23:00:00+05:30
WS-004953,/help,Sports Complex,lab,59,0,2026-02-26T22:00:00+05:30
WS-004954,/status,H5 Boys Hostel,wifi,141,1,2026-02-27T01:00:00+05:30
WS-004955,/report,A2/1,wifi,54,1,2026-02-27T00:00:00+05:30
WS-004956,/status,Parking,queue,25,0,2026-02-26T21:00:00+05:30
WS-004957,/help,Washrooms,cleaning,62,0,2026-02-26T23:00:00+05:30
WS-004958,/report,A2/1,queue,67,1,2026-02-27T04:00:00+05:30
WS-004959,/help,Aryabhatt Bhawan II,queue,20,0,2026-02-27T04:00:00+05:30
WS-004960,/explore,LRC,cleaning,62,0,2026-02-27T07:00:00+05:30
WS-004961,/campus-map,Main Gate,lab,34,0,2026-02-27T03:00:00+05:30
WS-004962,/report,Auditorium,water,64,0,2026-02-27T08:00:00+05:30
WS-004963,/explore,Aryabhatt Bhawan II,parking,94,0,2026-02-27T09:00:00+05:30
WS-004964,/report,Aryabhatt Bhawan II,queue,28,0,2026-02-27T11:00:00+05:30
WS-004965,/campus-map,Aryabhatt Bhawan II,lab,12,0,2026-02-27T05:00:00+05:30
WS-004966,/report,Aryabhatt Bhawan III,parking,21,0,2026-02-27T07:00:00+05:30
WS-004967,/report,Main Gate,projector,100,0,2026-02-27T11:00:00+05:30
WS-004968,/explore,Main Gate,water,55,0,2026-02-27T09:00:00+05:30
WS-004969,/explore,Aryabhatt Bhawan III,queue,8,0,2026-02-27T12:00:00+05:30
WS-004970,/explore,CL22,cleaning,28,1,2026-02-27T13:00:00+05:30
WS-004971,/explore,Sports Complex,lab,13,0,2026-02-27T11:00:00+05:30
WS-004972,/explore,A2/1,queue,24,0,2026-02-27T12:00:00+05:30
WS-004973,/help,A2/1,parking,30,0,2026-02-27T16:00:00+05:30
WS-004974,/report,H4 Boys Hostel,wifi,11,0,2026-02-27T14:00:00+05:30
WS-004975,/report,Cafeteria / Canteen,queue,24,0,2026-02-27T19:00:00+05:30
WS-004976,/campus-map,CL3,queue,62,0,2026-02-27T20:00:00+05:30
WS-004977,/campus-map,CL1,cleaning,41,0,2026-02-27T17:00:00+05:30
WS-004978,/explore,Aryabhatt Bhawan II,parking,18,1,2026-02-27T19:00:00+05:30
WS-004979,/explore,CL3,parking,14,0,2026-02-27T23:00:00+05:30
WS-004980,/explore,Sports Complex,parking,24,1,2026-02-28T03:00:00+05:30
WS-004981,/status,Girls Hostel,projector,44,0,2026-02-28T03:00:00+05:30
WS-004982,/help,H4 Boys Hostel,water,23,0,2026-02-28T03:00:00+05:30
WS-004983,/report,H5 Boys Hostel,wifi,51,1,2026-02-28T02:00:00+05:30
WS-004984,/campus-map,A2/2,water,30,1,2026-02-28T06:00:00+05:30
WS-004985,/status,CL1,queue,46,1,2026-02-28T03:00:00+05:30
WS-004986,/help,A2/1,wifi,26,0,2026-02-28T08:00:00+05:30
WS-004987,/explore,H4 Boys Hostel,lab,76,0,2026-02-28T04:00:00+05:30
WS-004988,/explore,Sports Complex,cleaning,24,0,2026-02-28T07:00:00+05:30
WS-004989,/status,A2/2,cleaning,26,0,2026-02-28T09:00:00+05:30
WS-004990,/help,Parking,cleaning,86,0,2026-02-28T09:00:00+05:30
WS-004991,/help,CL1,water,19,0,2026-02-28T12:00:00+05:30
WS-004992,/campus-map,Main Gate,parking,31,0,2026-02-28T14:00:00+05:30
WS-004993,/status,ECE Labs,queue,27,0,2026-02-28T13:00:00+05:30
WS-004994,/campus-map,Water Points,wifi,140,0,2026-02-28T14:00:00+05:30
WS-004995,/campus-map,Aryabhatt Bhawan III,water,31,0,2026-02-28T17:00:00+05:30
WS-004996,/report,Parking,projector,29,0,2026-02-28T18:00:00+05:30
WS-004997,/status,Auditorium,cleaning,30,0,2026-02-28T14:00:00+05:30
WS-004998,/help,A2/1,lab,29,0,2026-02-28T21:00:00+05:30
WS-004999,/explore,Cafeteria / Canteen,queue,113,0,2026-02-28T22:00:00+05:30
WS-005000,/report,Aryabhatt Bhawan III,projector,78,0,2026-02-28T23:00:00+05:30
WS-005001,/report,CL1,projector,19,0,2026-03-01T00:00:00+05:30
WS-005002,/help,Parking,projector,11,0,2026-02-28T18:00:00+05:30
WS-005003,/report,ECE Labs,parking,71,0,2026-03-01T02:00:00+05:30
WS-005004,/help,Aryabhatt Bhawan III,lab,89,1,2026-02-28T22:00:00+05:30
WS-005005,/explore,CL15,water,10,1,2026-03-01T02:00:00+05:30
WS-005006,/report,Aryabhatt Bhawan III,lab,24,0,2026-03-01T01:00:00+05:30
WS-005007,/help,CL1,parking,64,0,2026-03-01T04:00:00+05:30
WS-005008,/report,Aryabhatt Bhawan II,water,61,0,2026-03-01T00:00:00+05:30
WS-005009,/explore,Washrooms,water,12,1,2026-03-01T04:00:00+05:30
WS-005010,/report,Sports Complex,wifi,15,1,2026-03-01T09:00:00+05:30
WS-005011,/help,A2/2,lab,52,0,2026-03-01T05:00:00+05:30
WS-005012,/campus-map,Aryabhatt Bhawan III,lab,29,0,2026-03-01T06:00:00+05:30
WS-005013,/campus-map,Auditorium,queue,12,0,2026-03-01T12:00:00+05:30
WS-005014,/help,Annapurna / Main Mess,wifi,77,0,2026-03-01T12:00:00+05:30
WS-005015,/status,Aryabhatt Bhawan III,queue,41,0,2026-03-01T07:00:00+05:30
WS-005016,/campus-map,ECE Labs,projector,66,0,2026-03-01T09:00:00+05:30
WS-005017,/campus-map,Main Gate,wifi,40,0,2026-03-01T14:00:00+05:30
WS-005018,/campus-map,A2/2,parking,46,0,2026-03-01T11:00:00+05:30
WS-005019,/explore,A2/2,parking,69,0,2026-03-01T12:00:00+05:30
WS-005020,/help,Main Gate,parking,19,0,2026-03-01T13:00:00+05:30
WS-005021,/status,CL3,lab,27,0,2026-03-01T17:00:00+05:30
WS-005022,/status,A2/1,wifi,16,0,2026-03-01T20:00:00+05:30
WS-005023,/campus-map,LRC,water,71,0,2026-03-01T21:00:00+05:30
WS-005024,/campus-map,Washrooms,projector,86,0,2026-03-01T20:00:00+05:30
WS-005025,/status,Administration Block,lab,24,1,2026-03-02T00:00:00+05:30
WS-005026,/campus-map,Aryabhatt Bhawan III,projector,55,0,2026-03-01T21:00:00+05:30
WS-005027,/report,A2/1,queue,39,0,2026-03-02T00:00:00+05:30
WS-005028,/report,Annapurna / Main Mess,cleaning,44,0,2026-03-02T02:00:00+05:30
WS-005029,/explore,Aryabhatt Bhawan II,queue,88,1,2026-03-01T23:00:00+05:30
WS-005030,/explore,A2/2,projector,60,0,2026-03-02T04:00:00+05:30
WS-005031,/campus-map,Girls Hostel,lab,12,0,2026-03-02T02:00:00+05:30
WS-005032,/status,H4 Boys Hostel,lab,49,0,2026-03-02T03:00:00+05:30
WS-005033,/status,A2/2,projector,62,0,2026-03-02T06:00:00+05:30
WS-005034,/status,Girls Hostel,queue,17,0,2026-03-02T08:00:00+05:30
WS-005035,/explore,A2/1,projector,40,0,2026-03-02T03:00:00+05:30
WS-005036,/report,Main Gate,cleaning,49,0,2026-03-02T11:00:00+05:30
WS-005037,/campus-map,Washrooms,wifi,10,0,2026-03-02T05:00:00+05:30
WS-005038,/explore,Cafeteria / Canteen,wifi,40,1,2026-03-02T10:00:00+05:30
WS-005039,/explore,CL15,wifi,23,1,2026-03-02T11:00:00+05:30
WS-005040,/campus-map,Administration Block,water,89,0,2026-03-02T13:00:00+05:30
WS-005041,/report,LRC,queue,36,0,2026-03-02T15:00:00+05:30
WS-005042,/report,A2/2,water,22,0,2026-03-02T17:00:00+05:30
WS-005043,/explore,A2/1,cleaning,20,0,2026-03-02T16:00:00+05:30
WS-005044,/explore,Auditorium,projector,113,1,2026-03-02T17:00:00+05:30
WS-005045,/report,LRC,projector,36,0,2026-03-02T18:00:00+05:30
WS-005046,/status,Annapurna / Main Mess,wifi,7,0,2026-03-02T16:00:00+05:30
WS-005047,/help,Main Gate,projector,23,1,2026-03-02T21:00:00+05:30
WS-005048,/status,CL15,water,50,0,2026-03-02T17:00:00+05:30
WS-005049,/report,Aryabhatt Bhawan II,lab,72,0,2026-03-02T20:00:00+05:30
WS-005050,/campus-map,ECE Labs,water,57,1,2026-03-03T01:00:00+05:30
WS-005051,/report,ECE Labs,water,50,1,2026-03-03T00:00:00+05:30
WS-005052,/help,H4 Boys Hostel,water,81,0,2026-03-03T02:00:00+05:30
WS-005053,/status,Administration Block,water,22,0,2026-03-02T21:00:00+05:30
WS-005054,/help,ECE Labs,cleaning,40,0,2026-03-03T00:00:00+05:30
WS-005055,/status,CL3,queue,54,0,2026-03-03T04:00:00+05:30
WS-005056,/report,Sports Complex,water,19,0,2026-03-03T04:00:00+05:30
WS-005057,/help,LRC,cleaning,21,0,2026-03-03T04:00:00+05:30
WS-005058,/status,ECE Labs,wifi,15,0,2026-03-03T08:00:00+05:30
WS-005059,/explore,H5 Boys Hostel,lab,27,0,2026-03-03T05:00:00+05:30
WS-005060,/status,CL22,water,48,0,2026-03-03T09:00:00+05:30
WS-005061,/help,A2/1,projector,29,1,2026-03-03T08:00:00+05:30
WS-005062,/report,Aryabhatt Bhawan II,wifi,26,1,2026-03-03T07:00:00+05:30
WS-005063,/report,CL1,projector,34,0,2026-03-03T14:00:00+05:30
WS-005064,/explore,Parking,queue,74,0,2026-03-03T09:00:00+05:30
WS-005065,/report,Sports Complex,projector,38,0,2026-03-03T12:00:00+05:30
WS-005066,/status,CL3,parking,37,0,2026-03-03T17:00:00+05:30
WS-005067,/campus-map,Main Gate,parking,28,0,2026-03-03T13:00:00+05:30
WS-005068,/campus-map,Parking,parking,91,0,2026-03-03T13:00:00+05:30
WS-005069,/help,A2/2,parking,37,0,2026-03-03T14:00:00+05:30
WS-005070,/explore,Aryabhatt Bhawan II,parking,104,1,2026-03-03T15:00:00+05:30
WS-005071,/help,Annapurna / Main Mess,queue,61,0,2026-03-03T20:00:00+05:30
WS-005072,/help,Administration Block,projector,8,1,2026-03-03T23:00:00+05:30
WS-005073,/campus-map,CL1,parking,22,0,2026-03-03T22:00:00+05:30
WS-005074,/status,CL22,lab,10,0,2026-03-03T20:00:00+05:30
WS-005075,/campus-map,CL15,lab,80,0,2026-03-04T02:00:00+05:30
WS-005076,/explore,CL3,cleaning,56,0,2026-03-03T22:00:00+05:30
WS-005077,/campus-map,H5 Boys Hostel,cleaning,2,1,2026-03-03T23:00:00+05:30
WS-005078,/explore,A2/2,projector,20,0,2026-03-04T04:00:00+05:30
WS-005079,/explore,CL1,cleaning,16,0,2026-03-04T01:00:00+05:30
WS-005080,/help,Auditorium,cleaning,8,0,2026-03-04T07:00:00+05:30
WS-005081,/report,A2/2,projector,44,0,2026-03-04T06:00:00+05:30
WS-005082,/explore,Washrooms,queue,36,0,2026-03-04T02:00:00+05:30
WS-005083,/campus-map,CL15,parking,51,0,2026-03-04T06:00:00+05:30
WS-005084,/help,A2/2,cleaning,87,0,2026-03-04T06:00:00+05:30
WS-005085,/help,Aryabhatt Bhawan III,parking,61,0,2026-03-04T09:00:00+05:30
WS-005086,/report,A2/1,water,13,1,2026-03-04T13:00:00+05:30
WS-005087,/explore,Auditorium,projector,10,0,2026-03-04T07:00:00+05:30
WS-005088,/status,LRC,lab,66,1,2026-03-04T12:00:00+05:30
WS-005089,/status,Auditorium,water,17,0,2026-03-04T15:00:00+05:30
WS-005090,/help,Aryabhatt Bhawan II,queue,7,0,2026-03-04T10:00:00+05:30
WS-005091,/status,Aryabhatt Bhawan III,parking,31,0,2026-03-04T14:00:00+05:30
WS-005092,/campus-map,Water Points,parking,30,0,2026-03-04T16:00:00+05:30
WS-005093,/report,Parking,cleaning,78,0,2026-03-04T19:00:00+05:30
WS-005094,/report,LRC,queue,58,0,2026-03-04T21:00:00+05:30
WS-005095,/explore,Aryabhatt Bhawan II,queue,60,0,2026-03-04T17:00:00+05:30
WS-005096,/explore,ECE Labs,queue,16,0,2026-03-04T23:00:00+05:30
WS-005097,/help,A2/1,parking,30,0,2026-03-04T21:00:00+05:30
WS-005098,/campus-map,Cafeteria / Canteen,parking,77,0,2026-03-04T20:00:00+05:30
WS-005099,/campus-map,H4 Boys Hostel,water,64,0,2026-03-05T00:00:00+05:30
WS-005100,/explore,H5 Boys Hostel,wifi,65,0,2026-03-04T20:00:00+05:30
WS-005101,/report,CL22,water,38,0,2026-03-04T22:00:00+05:30
WS-005102,/campus-map,A2/1,projector,29,0,2026-03-05T02:00:00+05:30
WS-005103,/report,CL3,projector,85,0,2026-03-05T01:00:00+05:30
WS-005104,/campus-map,Aryabhatt Bhawan II,lab,25,1,2026-03-05T05:00:00+05:30
WS-005105,/help,Water Points,cleaning,30,0,2026-03-05T06:00:00+05:30
WS-005106,/status,H5 Boys Hostel,water,72,1,2026-03-05T04:00:00+05:30
WS-005107,/report,Sports Complex,parking,84,0,2026-03-05T10:00:00+05:30
WS-005108,/report,A2/2,water,30,0,2026-03-05T11:00:00+05:30
WS-005109,/report,Washrooms,wifi,32,0,2026-03-05T12:00:00+05:30
WS-005110,/report,Aryabhatt Bhawan II,parking,34,0,2026-03-05T10:00:00+05:30
WS-005111,/help,Administration Block,wifi,59,0,2026-03-05T11:00:00+05:30
WS-005112,/campus-map,Aryabhatt Bhawan II,parking,22,0,2026-03-05T10:00:00+05:30
WS-005113,/campus-map,Aryabhatt Bhawan III,lab,19,0,2026-03-05T09:00:00+05:30
WS-005114,/help,LRC,wifi,15,1,2026-03-05T10:00:00+05:30
WS-005115,/explore,Parking,queue,43,0,2026-03-05T14:00:00+05:30
WS-005116,/explore,CL1,lab,89,1,2026-03-05T17:00:00+05:30
WS-005117,/campus-map,LRC,queue,79,1,2026-03-05T19:00:00+05:30
WS-005118,/help,H4 Boys Hostel,cleaning,36,0,2026-03-05T16:00:00+05:30
WS-005119,/explore,Sports Complex,cleaning,11,0,2026-03-05T15:00:00+05:30
WS-005120,/explore,CL22,water,28,0,2026-03-05T20:00:00+05:30
WS-005121,/report,H4 Boys Hostel,queue,113,0,2026-03-05T20:00:00+05:30
WS-005122,/report,ECE Labs,water,58,0,2026-03-05T19:00:00+05:30
WS-005123,/status,Water Points,water,30,0,2026-03-06T01:00:00+05:30
WS-005124,/status,A2/2,cleaning,31,0,2026-03-06T02:00:00+05:30
WS-005125,/campus-map,CL22,projector,7,1,2026-03-06T01:00:00+05:30
WS-005126,/report,A2/1,queue,31,1,2026-03-05T23:00:00+05:30
WS-005127,/status,CL3,lab,45,1,2026-03-06T02:00:00+05:30
WS-005128,/explore,Auditorium,cleaning,32,0,2026-03-06T03:00:00+05:30
WS-005129,/status,CL3,lab,73,0,2026-03-06T03:00:00+05:30
WS-005130,/status,Water Points,queue,15,0,2026-03-06T09:00:00+05:30
WS-005131,/explore,Annapurna / Main Mess,lab,27,0,2026-03-06T09:00:00+05:30
WS-005132,/help,A2/2,water,75,0,2026-03-06T11:00:00+05:30
WS-005133,/explore,Annapurna / Main Mess,water,18,0,2026-03-06T09:00:00+05:30
WS-005134,/report,H4 Boys Hostel,cleaning,32,1,2026-03-06T07:00:00+05:30
WS-005135,/campus-map,Administration Block,wifi,91,0,2026-03-06T12:00:00+05:30
WS-005136,/status,Washrooms,wifi,30,1,2026-03-06T14:00:00+05:30
WS-005137,/explore,CL22,cleaning,28,0,2026-03-06T16:00:00+05:30
WS-005138,/campus-map,Parking,projector,23,1,2026-03-06T17:00:00+05:30
WS-005139,/report,Administration Block,lab,13,0,2026-03-06T18:00:00+05:30
WS-005140,/explore,Aryabhatt Bhawan III,projector,63,0,2026-03-06T12:00:00+05:30
WS-005141,/explore,Aryabhatt Bhawan III,queue,23,0,2026-03-06T13:00:00+05:30
WS-005142,/explore,Administration Block,parking,35,0,2026-03-06T16:00:00+05:30
WS-005143,/campus-map,Parking,parking,25,1,2026-03-06T21:00:00+05:30
WS-005144,/report,Auditorium,water,78,0,2026-03-06T22:00:00+05:30
WS-005145,/explore,Water Points,projector,43,0,2026-03-06T23:00:00+05:30
WS-005146,/campus-map,CL15,cleaning,85,1,2026-03-07T01:00:00+05:30
WS-005147,/campus-map,A2/1,water,42,0,2026-03-06T20:00:00+05:30
WS-005148,/campus-map,LRC,lab,60,0,2026-03-07T03:00:00+05:30
WS-005149,/report,Girls Hostel,queue,14,0,2026-03-07T00:00:00+05:30
WS-005150,/status,Annapurna / Main Mess,water,31,1,2026-03-06T23:00:00+05:30
WS-005151,/status,H5 Boys Hostel,projector,27,0,2026-03-07T00:00:00+05:30
WS-005152,/report,Auditorium,water,14,0,2026-03-07T00:00:00+05:30
WS-005153,/explore,Aryabhatt Bhawan II,queue,21,0,2026-03-07T06:00:00+05:30
WS-005154,/status,LRC,parking,9,0,2026-03-07T06:00:00+05:30
WS-005155,/campus-map,Auditorium,queue,13,0,2026-03-07T06:00:00+05:30
WS-005156,/status,CL22,lab,57,0,2026-03-07T05:00:00+05:30
WS-005157,/status,H5 Boys Hostel,projector,55,0,2026-03-07T06:00:00+05:30
WS-005158,/status,Administration Block,cleaning,18,0,2026-03-07T08:00:00+05:30
WS-005159,/help,CL15,cleaning,17,0,2026-03-07T09:00:00+05:30
WS-005160,/explore,H4 Boys Hostel,lab,13,0,2026-03-07T15:00:00+05:30
WS-005161,/explore,Aryabhatt Bhawan II,queue,65,0,2026-03-07T11:00:00+05:30
WS-005162,/report,CL3,cleaning,77,0,2026-03-07T14:00:00+05:30
WS-005163,/campus-map,ECE Labs,lab,67,0,2026-03-07T16:00:00+05:30
WS-005164,/help,Aryabhatt Bhawan II,cleaning,49,0,2026-03-07T16:00:00+05:30
WS-005165,/help,A2/1,queue,78,1,2026-03-07T17:00:00+05:30
WS-005166,/status,Aryabhatt Bhawan II,parking,8,0,2026-03-07T19:00:00+05:30
WS-005167,/explore,A2/2,cleaning,29,1,2026-03-07T17:00:00+05:30
WS-005168,/campus-map,Aryabhatt Bhawan III,water,29,1,2026-03-07T19:00:00+05:30
WS-005169,/campus-map,H4 Boys Hostel,queue,117,0,2026-03-07T20:00:00+05:30
WS-005170,/explore,CL3,lab,35,0,2026-03-07T20:00:00+05:30
WS-005171,/status,ECE Labs,cleaning,28,0,2026-03-08T02:00:00+05:30
WS-005172,/status,Water Points,water,45,0,2026-03-08T00:00:00+05:30
WS-005173,/help,Cafeteria / Canteen,queue,72,0,2026-03-08T01:00:00+05:30
WS-005174,/status,A2/2,queue,5,0,2026-03-08T05:00:00+05:30
WS-005175,/campus-map,CL3,cleaning,26,0,2026-03-08T01:00:00+05:30
WS-005176,/help,Aryabhatt Bhawan III,queue,26,0,2026-03-08T00:00:00+05:30
WS-005177,/explore,LRC,water,22,0,2026-03-08T03:00:00+05:30
WS-005178,/help,Cafeteria / Canteen,water,24,0,2026-03-08T08:00:00+05:30
WS-005179,/campus-map,Annapurna / Main Mess,queue,47,0,2026-03-08T08:00:00+05:30
WS-005180,/explore,Aryabhatt Bhawan II,lab,53,0,2026-03-08T10:00:00+05:30
WS-005181,/campus-map,LRC,queue,20,0,2026-03-08T09:00:00+05:30
WS-005182,/help,Aryabhatt Bhawan II,parking,71,0,2026-03-08T13:00:00+05:30
WS-005183,/explore,Washrooms,projector,105,0,2026-03-08T12:00:00+05:30
WS-005184,/report,A2/1,wifi,47,0,2026-03-08T11:00:00+05:30
WS-005185,/status,CL1,queue,22,0,2026-03-08T15:00:00+05:30
WS-005186,/status,Main Gate,parking,37,1,2026-03-08T14:00:00+05:30
WS-005187,/campus-map,H4 Boys Hostel,projector,80,0,2026-03-08T11:00:00+05:30
WS-005188,/explore,A2/2,parking,22,0,2026-03-08T14:00:00+05:30
WS-005189,/campus-map,Auditorium,wifi,44,0,2026-03-08T15:00:00+05:30
WS-005190,/status,LRC,queue,16,0,2026-03-08T15:00:00+05:30
WS-005191,/status,Aryabhatt Bhawan II,wifi,32,0,2026-03-08T22:00:00+05:30
WS-005192,/report,Aryabhatt Bhawan II,lab,27,0,2026-03-08T21:00:00+05:30
WS-005193,/status,Aryabhatt Bhawan II,wifi,31,0,2026-03-08T19:00:00+05:30
WS-005194,/campus-map,A2/2,projector,14,0,2026-03-08T21:00:00+05:30
WS-005195,/help,Aryabhatt Bhawan II,parking,56,0,2026-03-08T21:00:00+05:30
WS-005196,/explore,A2/2,water,17,0,2026-03-09T00:00:00+05:30
WS-005197,/report,A2/2,wifi,46,0,2026-03-08T22:00:00+05:30
WS-005198,/campus-map,Administration Block,lab,35,0,2026-03-08T23:00:00+05:30
WS-005199,/campus-map,H4 Boys Hostel,lab,21,0,2026-03-09T03:00:00+05:30
WS-005200,/status,Aryabhatt Bhawan III,cleaning,10,1,2026-03-09T01:00:00+05:30
WS-005201,/campus-map,Aryabhatt Bhawan II,projector,21,0,2026-03-09T08:00:00+05:30
WS-005202,/help,Washrooms,cleaning,56,0,2026-03-09T08:00:00+05:30
WS-005203,/explore,H4 Boys Hostel,cleaning,34,0,2026-03-09T06:00:00+05:30
WS-005204,/explore,A2/1,cleaning,12,0,2026-03-09T07:00:00+05:30
WS-005205,/report,Main Gate,projector,55,0,2026-03-09T10:00:00+05:30
WS-005206,/help,Cafeteria / Canteen,lab,23,0,2026-03-09T12:00:00+05:30
WS-005207,/report,Girls Hostel,projector,77,1,2026-03-09T09:00:00+05:30
WS-005208,/campus-map,H4 Boys Hostel,cleaning,12,0,2026-03-09T09:00:00+05:30
WS-005209,/report,Aryabhatt Bhawan II,water,6,0,2026-03-09T16:00:00+05:30
WS-005210,/help,H5 Boys Hostel,queue,26,1,2026-03-09T17:00:00+05:30
WS-005211,/explore,A2/1,queue,48,0,2026-03-09T13:00:00+05:30
WS-005212,/campus-map,A2/1,wifi,152,0,2026-03-09T14:00:00+05:30
WS-005213,/report,ECE Labs,parking,52,0,2026-03-09T17:00:00+05:30
WS-005214,/help,A2/1,queue,51,0,2026-03-09T15:00:00+05:30
WS-005215,/help,Water Points,wifi,28,0,2026-03-09T22:00:00+05:30
WS-005216,/explore,Aryabhatt Bhawan III,wifi,12,0,2026-03-09T17:00:00+05:30
WS-005217,/explore,LRC,lab,25,0,2026-03-09T21:00:00+05:30
WS-005218,/explore,CL22,wifi,9,0,2026-03-09T22:00:00+05:30
WS-005219,/report,H4 Boys Hostel,water,100,0,2026-03-10T00:00:00+05:30
WS-005220,/explore,A2/2,parking,28,0,2026-03-09T23:00:00+05:30
WS-005221,/help,A2/1,wifi,15,0,2026-03-10T04:00:00+05:30
WS-005222,/campus-map,H5 Boys Hostel,water,49,1,2026-03-09T23:00:00+05:30
WS-005223,/report,Washrooms,lab,19,1,2026-03-10T04:00:00+05:30
WS-005224,/help,Auditorium,cleaning,71,0,2026-03-10T03:00:00+05:30
WS-005225,/report,Aryabhatt Bhawan II,lab,78,0,2026-03-10T01:00:00+05:30
WS-005226,/status,A2/1,wifi,21,0,2026-03-10T09:00:00+05:30
WS-005227,/help,Main Gate,wifi,35,1,2026-03-10T04:00:00+05:30
WS-005228,/explore,Annapurna / Main Mess,cleaning,24,0,2026-03-10T10:00:00+05:30
WS-005229,/help,A2/1,cleaning,91,0,2026-03-10T11:00:00+05:30
WS-005230,/report,Cafeteria / Canteen,cleaning,55,0,2026-03-10T11:00:00+05:30
WS-005231,/help,Water Points,water,18,0,2026-03-10T10:00:00+05:30
WS-005232,/explore,H5 Boys Hostel,lab,23,0,2026-03-10T08:00:00+05:30
WS-005233,/status,H5 Boys Hostel,queue,127,0,2026-03-10T11:00:00+05:30
WS-005234,/explore,Aryabhatt Bhawan III,lab,19,0,2026-03-10T13:00:00+05:30
WS-005235,/help,Aryabhatt Bhawan III,cleaning,32,0,2026-03-10T15:00:00+05:30
WS-005236,/report,LRC,parking,146,0,2026-03-10T17:00:00+05:30
WS-005237,/report,Auditorium,projector,90,0,2026-03-10T17:00:00+05:30
WS-005238,/help,Washrooms,queue,66,0,2026-03-10T17:00:00+05:30
WS-005239,/campus-map,CL1,lab,69,0,2026-03-10T19:00:00+05:30
WS-005240,/help,Aryabhatt Bhawan II,parking,60,0,2026-03-10T18:00:00+05:30
WS-005241,/help,LRC,wifi,68,0,2026-03-10T22:00:00+05:30
WS-005242,/help,Aryabhatt Bhawan III,water,84,0,2026-03-10T22:00:00+05:30
WS-005243,/explore,Aryabhatt Bhawan II,wifi,18,1,2026-03-11T01:00:00+05:30
WS-005244,/report,Aryabhatt Bhawan III,cleaning,51,1,2026-03-11T00:00:00+05:30
WS-005245,/explore,Annapurna / Main Mess,queue,77,0,2026-03-10T22:00:00+05:30
WS-005246,/help,CL15,lab,29,0,2026-03-11T03:00:00+05:30
WS-005247,/help,Cafeteria / Canteen,water,81,1,2026-03-11T01:00:00+05:30
WS-005248,/report,Aryabhatt Bhawan III,queue,87,0,2026-03-11T07:00:00+05:30
WS-005249,/campus-map,Aryabhatt Bhawan III,cleaning,43,0,2026-03-11T05:00:00+05:30
WS-005250,/help,Cafeteria / Canteen,projector,9,1,2026-03-11T04:00:00+05:30
WS-005251,/status,ECE Labs,cleaning,39,0,2026-03-11T07:00:00+05:30
WS-005252,/help,A2/1,lab,25,1,2026-03-11T04:00:00+05:30
WS-005253,/explore,Annapurna / Main Mess,queue,41,0,2026-03-11T08:00:00+05:30
WS-005254,/explore,Cafeteria / Canteen,water,91,1,2026-03-11T11:00:00+05:30
WS-005255,/help,Main Gate,queue,50,0,2026-03-11T08:00:00+05:30
WS-005256,/explore,Aryabhatt Bhawan II,projector,31,1,2026-03-11T14:00:00+05:30
WS-005257,/help,Aryabhatt Bhawan III,lab,20,0,2026-03-11T09:00:00+05:30
WS-005258,/campus-map,CL15,queue,12,0,2026-03-11T12:00:00+05:30
WS-005259,/explore,A2/1,wifi,88,0,2026-03-11T13:00:00+05:30
WS-005260,/status,CL3,cleaning,87,0,2026-03-11T18:00:00+05:30
WS-005261,/explore,H5 Boys Hostel,water,12,0,2026-03-11T16:00:00+05:30
WS-005262,/explore,CL22,parking,32,0,2026-03-11T17:00:00+05:30
WS-005263,/report,Girls Hostel,water,106,0,2026-03-11T22:00:00+05:30
WS-005264,/status,CL3,water,39,0,2026-03-11T17:00:00+05:30
WS-005265,/status,H5 Boys Hostel,parking,35,0,2026-03-11T19:00:00+05:30
WS-005266,/report,CL1,cleaning,50,0,2026-03-11T18:00:00+05:30
WS-005267,/report,A2/1,parking,26,1,2026-03-11T19:00:00+05:30
WS-005268,/campus-map,ECE Labs,lab,27,0,2026-03-11T23:00:00+05:30
WS-005269,/status,Girls Hostel,parking,39,1,2026-03-12T04:00:00+05:30
WS-005270,/campus-map,LRC,parking,24,1,2026-03-12T03:00:00+05:30
WS-005271,/status,Washrooms,projector,13,1,2026-03-11T23:00:00+05:30
WS-005272,/report,Aryabhatt Bhawan III,cleaning,11,1,2026-03-12T04:00:00+05:30
WS-005273,/help,CL22,parking,34,0,2026-03-12T08:00:00+05:30
WS-005274,/help,Water Points,lab,33,0,2026-03-12T09:00:00+05:30
WS-005275,/status,CL22,water,45,0,2026-03-12T08:00:00+05:30
WS-005276,/status,CL22,projector,26,1,2026-03-12T08:00:00+05:30
WS-005277,/report,H5 Boys Hostel,water,22,0,2026-03-12T12:00:00+05:30
WS-005278,/status,Water Points,projector,72,0,2026-03-12T11:00:00+05:30
WS-005279,/explore,Sports Complex,water,49,0,2026-03-12T08:00:00+05:30
WS-005280,/report,Sports Complex,projector,72,0,2026-03-12T10:00:00+05:30
WS-005281,/campus-map,Water Points,lab,42,1,2026-03-12T15:00:00+05:30
WS-005282,/report,H4 Boys Hostel,wifi,99,0,2026-03-12T13:00:00+05:30
WS-005283,/campus-map,H5 Boys Hostel,projector,30,0,2026-03-12T17:00:00+05:30
WS-005284,/report,CL15,projector,50,0,2026-03-12T17:00:00+05:30
WS-005285,/campus-map,Administration Block,wifi,17,1,2026-03-12T19:00:00+05:30
WS-005286,/campus-map,H4 Boys Hostel,parking,24,1,2026-03-12T17:00:00+05:30
WS-005287,/campus-map,Main Gate,water,59,0,2026-03-12T18:00:00+05:30
WS-005288,/help,H5 Boys Hostel,lab,22,0,2026-03-12T19:00:00+05:30
WS-005289,/explore,Administration Block,parking,54,0,2026-03-12T20:00:00+05:30
WS-005290,/campus-map,H4 Boys Hostel,projector,39,1,2026-03-12T22:00:00+05:30
WS-005291,/status,Sports Complex,lab,27,0,2026-03-12T22:00:00+05:30
WS-005292,/explore,A2/2,wifi,7,0,2026-03-13T03:00:00+05:30
WS-005293,/explore,Aryabhatt Bhawan III,queue,27,0,2026-03-12T21:00:00+05:30
WS-005294,/status,A2/1,wifi,5,0,2026-03-13T04:00:00+05:30
WS-005295,/campus-map,Aryabhatt Bhawan II,water,61,0,2026-03-13T01:00:00+05:30
WS-005296,/help,H4 Boys Hostel,wifi,45,0,2026-03-13T00:00:00+05:30
WS-005297,/help,A2/1,wifi,47,0,2026-03-13T05:00:00+05:30
WS-005298,/status,H5 Boys Hostel,cleaning,23,0,2026-03-13T09:00:00+05:30
WS-005299,/status,Water Points,parking,83,0,2026-03-13T10:00:00+05:30
WS-005300,/explore,Aryabhatt Bhawan III,cleaning,42,1,2026-03-13T11:00:00+05:30
WS-005301,/help,Annapurna / Main Mess,cleaning,14,0,2026-03-13T12:00:00+05:30
WS-005302,/explore,Aryabhatt Bhawan III,water,13,0,2026-03-13T12:00:00+05:30
WS-005303,/status,Aryabhatt Bhawan II,lab,58,0,2026-03-13T13:00:00+05:30
WS-005304,/report,Aryabhatt Bhawan III,lab,27,1,2026-03-13T12:00:00+05:30
WS-005305,/report,Aryabhatt Bhawan III,projector,44,0,2026-03-13T12:00:00+05:30
WS-005306,/help,Aryabhatt Bhawan III,projector,43,0,2026-03-13T12:00:00+05:30
WS-005307,/campus-map,LRC,parking,78,0,2026-03-13T18:00:00+05:30
WS-005308,/report,H5 Boys Hostel,water,38,0,2026-03-13T12:00:00+05:30
WS-005309,/status,Auditorium,queue,27,0,2026-03-13T14:00:00+05:30
WS-005310,/report,Auditorium,water,7,0,2026-03-13T19:00:00+05:30
WS-005311,/report,Aryabhatt Bhawan III,projector,22,0,2026-03-13T16:00:00+05:30
WS-005312,/explore,A2/1,parking,37,0,2026-03-13T21:00:00+05:30
WS-005313,/explore,A2/1,wifi,53,0,2026-03-13T20:00:00+05:30
WS-005314,/report,Cafeteria / Canteen,projector,40,0,2026-03-13T23:00:00+05:30
WS-005315,/report,Aryabhatt Bhawan III,lab,68,0,2026-03-13T20:00:00+05:30
WS-005316,/campus-map,Administration Block,wifi,33,0,2026-03-13T22:00:00+05:30
WS-005317,/help,A2/1,parking,13,0,2026-03-14T00:00:00+05:30
WS-005318,/explore,LRC,lab,30,0,2026-03-14T02:00:00+05:30
WS-005319,/help,Aryabhatt Bhawan III,parking,25,0,2026-03-13T23:00:00+05:30
WS-005320,/campus-map,H4 Boys Hostel,cleaning,24,0,2026-03-14T00:00:00+05:30
WS-005321,/help,Sports Complex,wifi,21,0,2026-03-14T07:00:00+05:30
WS-005322,/help,Girls Hostel,wifi,28,1,2026-03-14T05:00:00+05:30
WS-005323,/report,Cafeteria / Canteen,parking,11,0,2026-03-14T08:00:00+05:30
WS-005324,/help,ECE Labs,wifi,24,0,2026-03-14T10:00:00+05:30
WS-005325,/campus-map,A2/2,cleaning,30,0,2026-03-14T08:00:00+05:30
WS-005326,/explore,ECE Labs,water,25,0,2026-03-14T09:00:00+05:30
WS-005327,/status,A2/2,water,38,0,2026-03-14T11:00:00+05:30
WS-005328,/report,CL1,queue,60,0,2026-03-14T08:00:00+05:30
WS-005329,/report,Main Gate,queue,56,0,2026-03-14T10:00:00+05:30
WS-005330,/explore,CL1,queue,6,0,2026-03-14T16:00:00+05:30
WS-005331,/campus-map,Cafeteria / Canteen,parking,48,0,2026-03-14T15:00:00+05:30
WS-005332,/help,H5 Boys Hostel,projector,69,0,2026-03-14T18:00:00+05:30
WS-005333,/explore,Aryabhatt Bhawan III,lab,36,0,2026-03-14T18:00:00+05:30
WS-005334,/status,A2/1,projector,40,0,2026-03-14T20:00:00+05:30
WS-005335,/report,H5 Boys Hostel,parking,35,0,2026-03-14T17:00:00+05:30
WS-005336,/campus-map,CL1,parking,20,0,2026-03-14T17:00:00+05:30
WS-005337,/explore,Girls Hostel,wifi,57,0,2026-03-15T00:00:00+05:30
WS-005338,/report,A2/1,cleaning,40,0,2026-03-14T19:00:00+05:30
WS-005339,/report,H5 Boys Hostel,cleaning,46,0,2026-03-14T21:00:00+05:30
WS-005340,/campus-map,LRC,projector,26,1,2026-03-15T00:00:00+05:30
WS-005341,/status,CL3,water,87,0,2026-03-15T03:00:00+05:30
WS-005342,/help,Washrooms,parking,16,0,2026-03-15T01:00:00+05:30
WS-005343,/status,Parking,projector,28,1,2026-03-15T05:00:00+05:30
WS-005344,/campus-map,A2/1,cleaning,20,0,2026-03-15T04:00:00+05:30
WS-005345,/status,CL1,wifi,22,1,2026-03-15T03:00:00+05:30
WS-005346,/campus-map,Aryabhatt Bhawan III,water,63,1,2026-03-15T07:00:00+05:30
WS-005347,/campus-map,Water Points,parking,28,0,2026-03-15T06:00:00+05:30
WS-005348,/explore,Aryabhatt Bhawan II,wifi,25,1,2026-03-15T05:00:00+05:30
WS-005349,/status,H4 Boys Hostel,lab,12,0,2026-03-15T07:00:00+05:30
WS-005350,/report,A2/1,wifi,27,0,2026-03-15T07:00:00+05:30
WS-005351,/report,Girls Hostel,water,11,0,2026-03-15T13:00:00+05:30
WS-005352,/campus-map,LRC,queue,59,1,2026-03-15T15:00:00+05:30
WS-005353,/help,LRC,cleaning,50,0,2026-03-15T16:00:00+05:30
WS-005354,/help,A2/1,lab,21,0,2026-03-15T16:00:00+05:30
WS-005355,/campus-map,Aryabhatt Bhawan II,lab,63,0,2026-03-15T12:00:00+05:30
WS-005356,/campus-map,A2/1,cleaning,32,0,2026-03-15T12:00:00+05:30
WS-005357,/explore,CL15,lab,53,0,2026-03-15T16:00:00+05:30
WS-005358,/campus-map,H4 Boys Hostel,lab,12,0,2026-03-15T19:00:00+05:30
WS-005359,/explore,H5 Boys Hostel,projector,54,0,2026-03-15T15:00:00+05:30
WS-005360,/status,Auditorium,wifi,7,0,2026-03-15T22:00:00+05:30
WS-005361,/explore,Parking,lab,20,0,2026-03-15T22:00:00+05:30
WS-005362,/status,Washrooms,lab,9,0,2026-03-15T18:00:00+05:30
WS-005363,/campus-map,Auditorium,lab,20,1,2026-03-15T22:00:00+05:30
WS-005364,/campus-map,A2/1,queue,20,0,2026-03-16T00:00:00+05:30
WS-005365,/campus-map,A2/2,lab,9,0,2026-03-16T02:00:00+05:30
WS-005366,/help,H5 Boys Hostel,wifi,31,0,2026-03-16T04:00:00+05:30
WS-005367,/report,CL1,queue,51,1,2026-03-16T00:00:00+05:30
WS-005368,/status,ECE Labs,cleaning,58,0,2026-03-16T07:00:00+05:30
WS-005369,/explore,H5 Boys Hostel,cleaning,15,0,2026-03-16T08:00:00+05:30
WS-005370,/campus-map,Washrooms,projector,35,0,2026-03-16T08:00:00+05:30
WS-005371,/help,Cafeteria / Canteen,lab,40,0,2026-03-16T03:00:00+05:30
WS-005372,/status,ECE Labs,projector,31,0,2026-03-16T07:00:00+05:30
WS-005373,/campus-map,ECE Labs,wifi,36,0,2026-03-16T07:00:00+05:30
WS-005374,/explore,A2/2,parking,110,1,2026-03-16T09:00:00+05:30
WS-005375,/status,H4 Boys Hostel,lab,67,0,2026-03-16T07:00:00+05:30
WS-005376,/help,Annapurna / Main Mess,queue,76,0,2026-03-16T13:00:00+05:30
WS-005377,/report,LRC,water,20,0,2026-03-16T11:00:00+05:30
WS-005378,/status,A2/2,projector,5,0,2026-03-16T15:00:00+05:30
WS-005379,/campus-map,CL3,parking,38,1,2026-03-16T11:00:00+05:30
WS-005380,/help,CL3,parking,4,0,2026-03-16T14:00:00+05:30
WS-005381,/report,Girls Hostel,wifi,23,0,2026-03-16T16:00:00+05:30
WS-005382,/help,H5 Boys Hostel,cleaning,6,0,2026-03-16T14:00:00+05:30
WS-005383,/help,Aryabhatt Bhawan III,lab,57,0,2026-03-16T17:00:00+05:30
WS-005384,/campus-map,CL1,water,46,0,2026-03-16T18:00:00+05:30
WS-005385,/status,CL22,lab,25,0,2026-03-17T00:00:00+05:30
WS-005386,/help,A2/2,parking,89,0,2026-03-16T20:00:00+05:30
WS-005387,/status,CL3,lab,46,0,2026-03-17T01:00:00+05:30
WS-005388,/report,A2/2,projector,20,0,2026-03-16T20:00:00+05:30
WS-005389,/status,Aryabhatt Bhawan III,cleaning,36,1,2026-03-17T03:00:00+05:30
WS-005390,/report,Aryabhatt Bhawan II,lab,76,0,2026-03-17T03:00:00+05:30
WS-005391,/status,CL1,lab,55,0,2026-03-16T23:00:00+05:30
WS-005392,/explore,Administration Block,water,57,1,2026-03-17T02:00:00+05:30
WS-005393,/explore,Girls Hostel,parking,51,0,2026-03-17T07:00:00+05:30
WS-005394,/campus-map,Annapurna / Main Mess,lab,58,0,2026-03-17T06:00:00+05:30
WS-005395,/status,Water Points,lab,35,1,2026-03-17T08:00:00+05:30
WS-005396,/help,Aryabhatt Bhawan II,parking,49,0,2026-03-17T04:00:00+05:30
WS-005397,/explore,Parking,parking,6,0,2026-03-17T11:00:00+05:30
WS-005398,/help,A2/2,queue,16,0,2026-03-17T11:00:00+05:30
WS-005399,/help,Cafeteria / Canteen,wifi,13,0,2026-03-17T07:00:00+05:30
WS-005400,/campus-map,Aryabhatt Bhawan III,queue,65,0,2026-03-17T13:00:00+05:30
WS-005401,/report,Administration Block,wifi,43,0,2026-03-17T15:00:00+05:30
WS-005402,/help,Parking,water,7,0,2026-03-17T13:00:00+05:30
WS-005403,/help,CL15,parking,32,0,2026-03-17T17:00:00+05:30
WS-005404,/status,CL22,projector,21,0,2026-03-17T12:00:00+05:30
WS-005405,/status,Aryabhatt Bhawan III,cleaning,15,0,2026-03-17T19:00:00+05:30
WS-005406,/status,Cafeteria / Canteen,water,48,0,2026-03-17T17:00:00+05:30
WS-005407,/status,ECE Labs,parking,33,0,2026-03-17T22:00:00+05:30
WS-005408,/status,Water Points,parking,5,0,2026-03-17T20:00:00+05:30
WS-005409,/campus-map,Administration Block,parking,85,0,2026-03-17T19:00:00+05:30
WS-005410,/explore,Aryabhatt Bhawan III,water,22,1,2026-03-18T01:00:00+05:30
WS-005411,/status,Aryabhatt Bhawan II,lab,15,0,2026-03-17T22:00:00+05:30
WS-005412,/status,Aryabhatt Bhawan II,wifi,22,1,2026-03-18T02:00:00+05:30
WS-005413,/campus-map,Aryabhatt Bhawan III,projector,52,0,2026-03-18T02:00:00+05:30
WS-005414,/help,Aryabhatt Bhawan III,wifi,91,0,2026-03-18T02:00:00+05:30
WS-005415,/campus-map,Aryabhatt Bhawan II,water,74,0,2026-03-18T04:00:00+05:30
WS-005416,/status,CL1,queue,109,0,2026-03-18T06:00:00+05:30
WS-005417,/help,Water Points,parking,10,0,2026-03-18T04:00:00+05:30
WS-005418,/campus-map,Administration Block,parking,38,0,2026-03-18T08:00:00+05:30
WS-005419,/campus-map,A2/1,projector,70,0,2026-03-18T09:00:00+05:30
WS-005420,/report,Annapurna / Main Mess,wifi,58,0,2026-03-18T09:00:00+05:30
WS-005421,/explore,Girls Hostel,lab,77,0,2026-03-18T05:00:00+05:30
WS-005422,/status,Sports Complex,projector,31,0,2026-03-18T06:00:00+05:30
WS-005423,/help,CL22,parking,33,0,2026-03-18T07:00:00+05:30
WS-005424,/status,Aryabhatt Bhawan II,parking,45,0,2026-03-18T10:00:00+05:30
WS-005425,/campus-map,A2/1,wifi,36,0,2026-03-18T15:00:00+05:30
WS-005426,/report,Aryabhatt Bhawan II,projector,60,0,2026-03-18T17:00:00+05:30
WS-005427,/help,ECE Labs,water,20,0,2026-03-18T11:00:00+05:30
WS-005428,/help,H4 Boys Hostel,cleaning,77,0,2026-03-18T19:00:00+05:30
WS-005429,/campus-map,Main Gate,projector,29,1,2026-03-18T16:00:00+05:30
WS-005430,/status,Washrooms,queue,21,1,2026-03-18T21:00:00+05:30
WS-005431,/explore,CL3,parking,86,0,2026-03-18T20:00:00+05:30
WS-005432,/campus-map,H5 Boys Hostel,wifi,44,0,2026-03-18T20:00:00+05:30
WS-005433,/explore,H5 Boys Hostel,queue,12,0,2026-03-18T20:00:00+05:30
WS-005434,/status,LRC,lab,20,1,2026-03-18T20:00:00+05:30
WS-005435,/explore,Administration Block,wifi,34,0,2026-03-19T02:00:00+05:30
WS-005436,/status,Auditorium,queue,31,1,2026-03-18T22:00:00+05:30
WS-005437,/help,Main Gate,queue,26,0,2026-03-19T04:00:00+05:30
WS-005438,/report,H5 Boys Hostel,cleaning,6,1,2026-03-19T04:00:00+05:30
WS-005439,/status,Auditorium,projector,21,0,2026-03-19T00:00:00+05:30
WS-005440,/status,A2/1,queue,45,0,2026-03-19T05:00:00+05:30
WS-005441,/report,Main Gate,water,55,0,2026-03-19T04:00:00+05:30
WS-005442,/status,CL1,water,27,0,2026-03-19T07:00:00+05:30
WS-005443,/status,CL3,water,143,0,2026-03-19T07:00:00+05:30
WS-005444,/explore,ECE Labs,queue,29,0,2026-03-19T11:00:00+05:30
WS-005445,/report,CL1,parking,72,0,2026-03-19T09:00:00+05:30
WS-005446,/report,Girls Hostel,wifi,150,1,2026-03-19T13:00:00+05:30
WS-005447,/explore,Auditorium,wifi,63,0,2026-03-19T14:00:00+05:30
WS-005448,/report,Administration Block,queue,68,1,2026-03-19T13:00:00+05:30
WS-005449,/report,Annapurna / Main Mess,parking,34,1,2026-03-19T11:00:00+05:30
WS-005450,/report,Girls Hostel,projector,19,0,2026-03-19T14:00:00+05:30
WS-005451,/status,H5 Boys Hostel,lab,75,1,2026-03-19T14:00:00+05:30
WS-005452,/help,Sports Complex,queue,49,0,2026-03-19T16:00:00+05:30
WS-005453,/explore,Washrooms,lab,33,1,2026-03-19T17:00:00+05:30
WS-005454,/campus-map,H4 Boys Hostel,cleaning,23,1,2026-03-19T21:00:00+05:30
WS-005455,/status,Aryabhatt Bhawan II,queue,10,0,2026-03-19T18:00:00+05:30
WS-005456,/campus-map,Parking,wifi,15,0,2026-03-19T21:00:00+05:30
WS-005457,/help,A2/2,queue,92,0,2026-03-19T18:00:00+05:30
WS-005458,/help,Annapurna / Main Mess,queue,47,0,2026-03-20T01:00:00+05:30
WS-005459,/status,Cafeteria / Canteen,water,11,0,2026-03-20T01:00:00+05:30
WS-005460,/status,Administration Block,water,33,0,2026-03-19T20:00:00+05:30
WS-005461,/status,CL15,lab,21,0,2026-03-20T04:00:00+05:30
WS-005462,/explore,CL1,projector,58,0,2026-03-19T23:00:00+05:30
WS-005463,/report,A2/1,water,18,0,2026-03-20T03:00:00+05:30
WS-005464,/help,Main Gate,cleaning,42,1,2026-03-20T01:00:00+05:30
WS-005465,/explore,Cafeteria / Canteen,cleaning,39,0,2026-03-20T06:00:00+05:30
WS-005466,/explore,CL15,cleaning,31,1,2026-03-20T03:00:00+05:30
WS-005467,/report,A2/2,projector,60,1,2026-03-20T08:00:00+05:30
WS-005468,/campus-map,Cafeteria / Canteen,lab,14,0,2026-03-20T09:00:00+05:30
WS-005469,/status,ECE Labs,wifi,22,0,2026-03-20T10:00:00+05:30
WS-005470,/status,Administration Block,projector,19,0,2026-03-20T12:00:00+05:30
WS-005471,/help,Aryabhatt Bhawan II,cleaning,12,0,2026-03-20T14:00:00+05:30
WS-005472,/report,CL15,lab,39,0,2026-03-20T13:00:00+05:30
WS-005473,/help,A2/2,parking,13,0,2026-03-20T13:00:00+05:30
WS-005474,/explore,CL15,parking,51,0,2026-03-20T15:00:00+05:30
WS-005475,/status,ECE Labs,wifi,14,0,2026-03-20T16:00:00+05:30
WS-005476,/help,CL15,cleaning,37,1,2026-03-20T14:00:00+05:30
WS-005477,/report,A2/1,cleaning,47,0,2026-03-20T19:00:00+05:30
WS-005478,/campus-map,CL3,wifi,9,0,2026-03-20T14:00:00+05:30
WS-005479,/report,LRC,water,22,0,2026-03-20T20:00:00+05:30
WS-005480,/status,Girls Hostel,queue,34,0,2026-03-20T21:00:00+05:30
WS-005481,/status,Girls Hostel,queue,16,1,2026-03-20T23:00:00+05:30
WS-005482,/campus-map,Aryabhatt Bhawan III,wifi,44,1,2026-03-21T01:00:00+05:30
WS-005483,/campus-map,A2/1,queue,32,0,2026-03-21T00:00:00+05:30
WS-005484,/report,Aryabhatt Bhawan II,queue,51,0,2026-03-20T21:00:00+05:30
WS-005485,/campus-map,A2/2,lab,79,0,2026-03-21T03:00:00+05:30
WS-005486,/campus-map,Aryabhatt Bhawan III,water,28,1,2026-03-21T05:00:00+05:30
WS-005487,/help,H4 Boys Hostel,water,71,1,2026-03-20T23:00:00+05:30
WS-005488,/explore,A2/1,projector,19,0,2026-03-21T06:00:00+05:30
WS-005489,/report,Girls Hostel,wifi,6,1,2026-03-21T06:00:00+05:30
WS-005490,/campus-map,LRC,cleaning,27,1,2026-03-21T08:00:00+05:30
WS-005491,/explore,Administration Block,cleaning,48,0,2026-03-21T10:00:00+05:30
WS-005492,/help,A2/2,water,24,0,2026-03-21T10:00:00+05:30
WS-005493,/status,CL3,parking,20,1,2026-03-21T07:00:00+05:30
WS-005494,/campus-map,CL1,lab,33,1,2026-03-21T12:00:00+05:30
WS-005495,/explore,Washrooms,cleaning,84,0,2026-03-21T13:00:00+05:30
WS-005496,/explore,Sports Complex,parking,11,0,2026-03-21T08:00:00+05:30
WS-005497,/status,Main Gate,parking,38,0,2026-03-21T10:00:00+05:30
WS-005498,/campus-map,A2/1,lab,19,0,2026-03-21T11:00:00+05:30
WS-005499,/report,LRC,cleaning,7,0,2026-03-21T16:00:00+05:30
WS-005500,/report,Aryabhatt Bhawan III,cleaning,62,1,2026-03-21T15:00:00+05:30
WS-005501,/campus-map,Washrooms,wifi,56,0,2026-03-21T16:00:00+05:30
WS-005502,/campus-map,H5 Boys Hostel,projector,36,0,2026-03-21T15:00:00+05:30
WS-005503,/campus-map,Sports Complex,parking,38,0,2026-03-21T20:00:00+05:30
WS-005504,/campus-map,H5 Boys Hostel,wifi,19,0,2026-03-21T23:00:00+05:30
WS-005505,/help,LRC,wifi,46,0,2026-03-21T19:00:00+05:30
WS-005506,/explore,Cafeteria / Canteen,projector,13,0,2026-03-21T20:00:00+05:30
WS-005507,/status,Main Gate,lab,24,0,2026-03-22T01:00:00+05:30
WS-005508,/report,CL3,cleaning,48,0,2026-03-22T00:00:00+05:30
WS-005509,/help,Sports Complex,parking,59,0,2026-03-22T03:00:00+05:30
WS-005510,/help,Auditorium,water,60,1,2026-03-22T03:00:00+05:30
WS-005511,/report,Annapurna / Main Mess,parking,40,1,2026-03-22T03:00:00+05:30
WS-005512,/campus-map,CL1,water,42,0,2026-03-22T02:00:00+05:30
WS-005513,/explore,Aryabhatt Bhawan III,water,73,0,2026-03-22T05:00:00+05:30
WS-005514,/status,Aryabhatt Bhawan II,projector,43,0,2026-03-22T07:00:00+05:30
WS-005515,/status,Aryabhatt Bhawan II,projector,25,0,2026-03-22T04:00:00+05:30
WS-005516,/help,A2/2,cleaning,21,0,2026-03-22T07:00:00+05:30
WS-005517,/help,Girls Hostel,lab,94,0,2026-03-22T10:00:00+05:30
WS-005518,/help,Sports Complex,water,17,1,2026-03-22T10:00:00+05:30
WS-005519,/status,A2/2,wifi,40,0,2026-03-22T12:00:00+05:30
WS-005520,/campus-map,H5 Boys Hostel,lab,60,0,2026-03-22T15:00:00+05:30
WS-005521,/help,Main Gate,water,35,1,2026-03-22T10:00:00+05:30
WS-005522,/help,Sports Complex,wifi,86,0,2026-03-22T11:00:00+05:30
WS-005523,/campus-map,H5 Boys Hostel,parking,42,1,2026-03-22T18:00:00+05:30
WS-005524,/help,CL22,cleaning,15,0,2026-03-22T18:00:00+05:30
WS-005525,/campus-map,A2/2,parking,62,0,2026-03-22T16:00:00+05:30
WS-005526,/status,Aryabhatt Bhawan II,cleaning,15,0,2026-03-22T14:00:00+05:30
WS-005527,/help,A2/2,cleaning,20,0,2026-03-22T15:00:00+05:30
WS-005528,/explore,Auditorium,queue,23,0,2026-03-22T22:00:00+05:30
WS-005529,/report,Aryabhatt Bhawan II,queue,76,0,2026-03-23T00:00:00+05:30
WS-005530,/status,A2/1,projector,45,0,2026-03-22T19:00:00+05:30
WS-005531,/help,H4 Boys Hostel,water,56,0,2026-03-22T23:00:00+05:30
WS-005532,/explore,A2/2,cleaning,24,0,2026-03-23T01:00:00+05:30
WS-005533,/campus-map,Aryabhatt Bhawan III,wifi,3,0,2026-03-23T01:00:00+05:30
WS-005534,/status,Cafeteria / Canteen,cleaning,42,0,2026-03-23T00:00:00+05:30
WS-005535,/campus-map,Annapurna / Main Mess,water,14,0,2026-03-23T03:00:00+05:30
WS-005536,/help,Sports Complex,queue,54,0,2026-03-23T04:00:00+05:30
WS-005537,/explore,H5 Boys Hostel,cleaning,26,0,2026-03-23T04:00:00+05:30
WS-005538,/status,Main Gate,wifi,14,0,2026-03-23T06:00:00+05:30
WS-005539,/help,CL15,water,11,0,2026-03-23T05:00:00+05:30
WS-005540,/status,CL22,parking,37,0,2026-03-23T05:00:00+05:30
WS-005541,/explore,CL22,queue,30,0,2026-03-23T11:00:00+05:30
WS-005542,/campus-map,Parking,queue,77,0,2026-03-23T08:00:00+05:30
WS-005543,/explore,CL15,parking,24,0,2026-03-23T12:00:00+05:30
WS-005544,/explore,Cafeteria / Canteen,queue,66,0,2026-03-23T10:00:00+05:30
WS-005545,/status,A2/1,queue,2,0,2026-03-23T12:00:00+05:30
WS-005546,/campus-map,CL15,queue,18,0,2026-03-23T11:00:00+05:30
WS-005547,/help,Annapurna / Main Mess,wifi,55,1,2026-03-23T15:00:00+05:30
WS-005548,/help,CL3,queue,35,0,2026-03-23T12:00:00+05:30
WS-005549,/help,Cafeteria / Canteen,queue,51,0,2026-03-23T16:00:00+05:30
WS-005550,/campus-map,Annapurna / Main Mess,projector,29,0,2026-03-23T17:00:00+05:30
WS-005551,/explore,Aryabhatt Bhawan III,projector,34,0,2026-03-23T16:00:00+05:30
WS-005552,/help,CL15,wifi,35,0,2026-03-23T21:00:00+05:30
WS-005553,/report,Girls Hostel,cleaning,21,0,2026-03-24T00:00:00+05:30
WS-005554,/help,A2/1,cleaning,104,0,2026-03-24T00:00:00+05:30
WS-005555,/status,Annapurna / Main Mess,queue,3,0,2026-03-23T23:00:00+05:30
WS-005556,/status,Aryabhatt Bhawan III,projector,60,1,2026-03-24T02:00:00+05:30
WS-005557,/help,Girls Hostel,queue,38,0,2026-03-23T21:00:00+05:30
WS-005558,/explore,ECE Labs,cleaning,101,0,2026-03-24T05:00:00+05:30
WS-005559,/campus-map,Girls Hostel,projector,23,0,2026-03-24T03:00:00+05:30
WS-005560,/help,A2/2,queue,31,1,2026-03-24T00:00:00+05:30
WS-005561,/help,Main Gate,water,31,0,2026-03-24T03:00:00+05:30
WS-005562,/explore,Aryabhatt Bhawan II,parking,5,0,2026-03-24T04:00:00+05:30
WS-005563,/explore,Aryabhatt Bhawan III,water,62,0,2026-03-24T10:00:00+05:30
WS-005564,/report,Washrooms,queue,54,0,2026-03-24T04:00:00+05:30
WS-005565,/explore,Auditorium,cleaning,19,0,2026-03-24T10:00:00+05:30
WS-005566,/explore,CL15,parking,28,1,2026-03-24T06:00:00+05:30
WS-005567,/status,Administration Block,projector,18,1,2026-03-24T08:00:00+05:30
WS-005568,/help,LRC,lab,28,0,2026-03-24T10:00:00+05:30
WS-005569,/status,LRC,cleaning,82,0,2026-03-24T09:00:00+05:30
WS-005570,/explore,Washrooms,parking,61,0,2026-03-24T14:00:00+05:30
WS-005571,/campus-map,Aryabhatt Bhawan II,wifi,124,0,2026-03-24T18:00:00+05:30
WS-005572,/campus-map,ECE Labs,parking,8,0,2026-03-24T17:00:00+05:30
WS-005573,/report,A2/1,cleaning,35,0,2026-03-24T18:00:00+05:30
WS-005574,/campus-map,H4 Boys Hostel,cleaning,19,0,2026-03-24T20:00:00+05:30
WS-005575,/campus-map,Main Gate,lab,66,0,2026-03-24T20:00:00+05:30
WS-005576,/campus-map,Administration Block,parking,95,0,2026-03-24T23:00:00+05:30
WS-005577,/explore,Girls Hostel,cleaning,83,0,2026-03-25T00:00:00+05:30
WS-005578,/report,Main Gate,wifi,13,0,2026-03-24T19:00:00+05:30
WS-005579,/help,H5 Boys Hostel,wifi,18,0,2026-03-24T23:00:00+05:30
WS-005580,/help,A2/1,lab,9,1,2026-03-25T00:00:00+05:30
WS-005581,/help,Administration Block,wifi,25,0,2026-03-25T01:00:00+05:30
WS-005582,/help,Sports Complex,wifi,22,0,2026-03-24T22:00:00+05:30
WS-005583,/campus-map,Aryabhatt Bhawan II,lab,43,0,2026-03-24T23:00:00+05:30
WS-005584,/campus-map,LRC,queue,11,0,2026-03-25T06:00:00+05:30
WS-005585,/report,Cafeteria / Canteen,water,65,0,2026-03-25T03:00:00+05:30
WS-005586,/status,Washrooms,projector,132,1,2026-03-25T05:00:00+05:30
WS-005587,/explore,Cafeteria / Canteen,water,49,0,2026-03-25T03:00:00+05:30
WS-005588,/explore,H5 Boys Hostel,cleaning,42,1,2026-03-25T05:00:00+05:30
WS-005589,/report,Cafeteria / Canteen,parking,23,0,2026-03-25T12:00:00+05:30
WS-005590,/campus-map,Washrooms,lab,47,0,2026-03-25T10:00:00+05:30
WS-005591,/campus-map,Main Gate,parking,21,0,2026-03-25T14:00:00+05:30
WS-005592,/report,CL3,lab,36,0,2026-03-25T09:00:00+05:30
WS-005593,/campus-map,Main Gate,queue,12,0,2026-03-25T09:00:00+05:30
WS-005594,/report,Sports Complex,queue,58,1,2026-03-25T16:00:00+05:30
WS-005595,/explore,Auditorium,queue,46,1,2026-03-25T17:00:00+05:30
WS-005596,/explore,Main Gate,lab,9,0,2026-03-25T15:00:00+05:30
WS-005597,/help,Main Gate,queue,100,0,2026-03-25T18:00:00+05:30
WS-005598,/status,Aryabhatt Bhawan III,cleaning,31,0,2026-03-25T18:00:00+05:30
WS-005599,/campus-map,CL22,queue,28,0,2026-03-25T20:00:00+05:30
WS-005600,/campus-map,LRC,parking,27,1,2026-03-25T17:00:00+05:30
WS-005601,/report,A2/2,parking,16,0,2026-03-25T19:00:00+05:30
WS-005602,/explore,Annapurna / Main Mess,projector,78,0,2026-03-25T18:00:00+05:30
WS-005603,/explore,Annapurna / Main Mess,queue,57,0,2026-03-26T02:00:00+05:30
WS-005604,/report,ECE Labs,queue,75,0,2026-03-25T22:00:00+05:30
WS-005605,/campus-map,Aryabhatt Bhawan II,parking,24,0,2026-03-26T03:00:00+05:30
WS-005606,/explore,A2/1,cleaning,34,1,2026-03-25T22:00:00+05:30
WS-005607,/help,H4 Boys Hostel,cleaning,33,0,2026-03-26T02:00:00+05:30
WS-005608,/campus-map,Aryabhatt Bhawan II,cleaning,45,0,2026-03-26T02:00:00+05:30
WS-005609,/report,Sports Complex,projector,18,0,2026-03-26T08:00:00+05:30
WS-005610,/report,Sports Complex,queue,35,0,2026-03-26T07:00:00+05:30
WS-005611,/report,Cafeteria / Canteen,wifi,42,0,2026-03-26T04:00:00+05:30
WS-005612,/explore,Aryabhatt Bhawan III,parking,21,0,2026-03-26T05:00:00+05:30
WS-005613,/help,Aryabhatt Bhawan III,projector,42,0,2026-03-26T07:00:00+05:30
WS-005614,/explore,Annapurna / Main Mess,water,79,0,2026-03-26T09:00:00+05:30
WS-005615,/status,Aryabhatt Bhawan III,wifi,118,0,2026-03-26T07:00:00+05:30
WS-005616,/campus-map,Auditorium,lab,69,1,2026-03-26T14:00:00+05:30
WS-005617,/help,Main Gate,parking,116,0,2026-03-26T09:00:00+05:30
WS-005618,/explore,Parking,parking,27,0,2026-03-26T11:00:00+05:30
WS-005619,/help,H4 Boys Hostel,cleaning,46,0,2026-03-26T12:00:00+05:30
WS-005620,/status,ECE Labs,lab,42,0,2026-03-26T16:00:00+05:30
WS-005621,/status,Auditorium,cleaning,41,0,2026-03-26T15:00:00+05:30
WS-005622,/explore,Girls Hostel,water,31,0,2026-03-26T17:00:00+05:30
WS-005623,/campus-map,Sports Complex,cleaning,22,0,2026-03-26T15:00:00+05:30
WS-005624,/status,Water Points,wifi,27,0,2026-03-26T20:00:00+05:30
WS-005625,/help,CL15,cleaning,23,0,2026-03-26T19:00:00+05:30
WS-005626,/report,Auditorium,lab,46,1,2026-03-27T00:00:00+05:30
WS-005627,/campus-map,A2/2,lab,83,0,2026-03-26T22:00:00+05:30
WS-005628,/explore,CL22,cleaning,94,0,2026-03-27T00:00:00+05:30
WS-005629,/campus-map,Water Points,lab,12,0,2026-03-26T21:00:00+05:30
WS-005630,/explore,Aryabhatt Bhawan III,queue,21,0,2026-03-27T01:00:00+05:30
WS-005631,/status,CL1,parking,81,0,2026-03-26T23:00:00+05:30
WS-005632,/explore,Aryabhatt Bhawan III,parking,39,1,2026-03-27T04:00:00+05:30
WS-005633,/report,ECE Labs,parking,17,1,2026-03-27T06:00:00+05:30
WS-005634,/report,Aryabhatt Bhawan III,queue,108,0,2026-03-27T06:00:00+05:30
WS-005635,/help,CL1,queue,63,0,2026-03-27T05:00:00+05:30
WS-005636,/explore,A2/1,water,44,1,2026-03-27T09:00:00+05:30
WS-005637,/explore,ECE Labs,queue,5,0,2026-03-27T05:00:00+05:30
WS-005638,/campus-map,Sports Complex,wifi,58,0,2026-03-27T07:00:00+05:30
WS-005639,/status,ECE Labs,parking,13,0,2026-03-27T07:00:00+05:30
WS-005640,/report,Girls Hostel,wifi,33,0,2026-03-27T14:00:00+05:30
WS-005641,/help,Aryabhatt Bhawan III,projector,43,0,2026-03-27T11:00:00+05:30
WS-005642,/campus-map,CL3,projector,46,0,2026-03-27T14:00:00+05:30
WS-005643,/help,A2/1,lab,89,0,2026-03-27T14:00:00+05:30
WS-005644,/explore,CL22,lab,40,1,2026-03-27T18:00:00+05:30
WS-005645,/help,ECE Labs,lab,18,0,2026-03-27T16:00:00+05:30
WS-005646,/campus-map,LRC,cleaning,20,0,2026-03-27T21:00:00+05:30
WS-005647,/explore,Girls Hostel,water,100,0,2026-03-27T18:00:00+05:30
WS-005648,/help,Aryabhatt Bhawan III,wifi,36,0,2026-03-27T20:00:00+05:30
WS-005649,/report,H5 Boys Hostel,queue,20,0,2026-03-27T18:00:00+05:30
WS-005650,/help,CL1,cleaning,42,0,2026-03-27T19:00:00+05:30
WS-005651,/report,Annapurna / Main Mess,queue,31,1,2026-03-27T19:00:00+05:30
WS-005652,/report,H4 Boys Hostel,wifi,25,0,2026-03-27T20:00:00+05:30
WS-005653,/report,H5 Boys Hostel,cleaning,48,0,2026-03-28T03:00:00+05:30
WS-005654,/help,Washrooms,wifi,71,0,2026-03-27T22:00:00+05:30
WS-005655,/explore,A2/1,queue,78,0,2026-03-28T06:00:00+05:30
WS-005656,/status,LRC,wifi,111,0,2026-03-28T07:00:00+05:30
WS-005657,/help,Main Gate,water,62,0,2026-03-28T05:00:00+05:30
WS-005658,/report,Cafeteria / Canteen,wifi,38,0,2026-03-28T04:00:00+05:30
WS-005659,/explore,Water Points,projector,47,0,2026-03-28T04:00:00+05:30
WS-005660,/status,A2/2,lab,15,0,2026-03-28T10:00:00+05:30
WS-005661,/help,H5 Boys Hostel,cleaning,109,0,2026-03-28T09:00:00+05:30
WS-005662,/explore,CL22,cleaning,43,0,2026-03-28T10:00:00+05:30
WS-005663,/help,Administration Block,projector,8,0,2026-03-28T12:00:00+05:30
WS-005664,/campus-map,Annapurna / Main Mess,water,25,0,2026-03-28T15:00:00+05:30
WS-005665,/report,CL3,projector,16,0,2026-03-28T13:00:00+05:30
WS-005666,/explore,CL1,queue,19,1,2026-03-28T10:00:00+05:30
WS-005667,/report,A2/2,queue,34,0,2026-03-28T11:00:00+05:30
WS-005668,/campus-map,A2/1,projector,58,0,2026-03-28T15:00:00+05:30
WS-005669,/campus-map,Girls Hostel,queue,50,0,2026-03-28T15:00:00+05:30
WS-005670,/campus-map,Aryabhatt Bhawan II,parking,47,0,2026-03-28T14:00:00+05:30
WS-005671,/explore,Main Gate,parking,11,0,2026-03-28T19:00:00+05:30
WS-005672,/explore,ECE Labs,projector,13,0,2026-03-28T20:00:00+05:30
WS-005673,/explore,H5 Boys Hostel,lab,160,0,2026-03-28T18:00:00+05:30
WS-005674,/report,ECE Labs,lab,82,0,2026-03-29T00:00:00+05:30
WS-005675,/help,CL1,projector,65,0,2026-03-29T02:00:00+05:30
WS-005676,/campus-map,Parking,parking,45,0,2026-03-29T03:00:00+05:30
WS-005677,/campus-map,Parking,wifi,69,1,2026-03-29T00:00:00+05:30
WS-005678,/explore,LRC,projector,21,0,2026-03-29T02:00:00+05:30
WS-005679,/explore,Cafeteria / Canteen,projector,28,0,2026-03-29T03:00:00+05:30
